case,fault,repetition,target,magnitude,expected_admissible,validation_rejects,solver_rejects,validation_solver_rejects,sppt_rejects,sppt_independent_rejects,localized,solver_attempted,solver_converged,solver_residual,independent_supported,independent_residual,validation_ms,projection_ms,guard_ms,solve_ms,max_ac_voltage_error_pu,max_dc_voltage_error_pu,max_branch_active_error_mw,max_converter_active_error_mw,note
GC-12.47-1-ACDC,valid_control,0,none,0.000000,1,0,0,0,0,0,0,1,1,0.000000000018,0,0.000000000000,0.106250,0.118334,0.226500,2.693291,0.000000000,0.000000000,0.000000,0.000000,
GC-12.47-1-ACDC,valid_control,1,none,0.000000,1,0,0,0,0,0,0,1,1,0.000000000009,0,0.000000000000,0.087750,0.110708,0.205375,2.562417,0.000000000,0.000000000,0.000000,0.000000,
GC-12.47-1-ACDC,valid_control,2,none,0.000000,1,0,0,0,0,0,0,1,1,0.000000000013,0,0.000000000000,0.078250,0.106250,0.208125,2.545875,0.000000000,0.000000000,0.000000,0.000000,
GC-12.47-1-ACDC,valid_control,3,none,0.000000,1,0,0,0,0,0,0,1,1,0.000000000009,0,0.000000000000,0.076750,0.106583,0.201209,2.574958,0.000000000,0.000000000,0.000000,0.000000,
GC-12.47-1-ACDC,valid_control,4,none,0.000000,1,0,0,0,0,0,0,1,1,0.000000000005,0,0.000000000000,0.076333,0.105708,0.205458,2.718833,0.000000000,0.000000000,0.000000,0.000000,
GC-12.47-1-ACDC,valid_control,5,none,0.000000,1,0,0,0,0,0,0,1,1,0.000000000010,0,0.000000000000,0.076375,0.098791,0.208250,2.634875,0.000000000,0.000000000,0.000000,0.000000,
GC-12.47-1-ACDC,valid_control,6,none,0.000000,1,0,0,0,0,0,0,1,1,0.000000000017,0,0.000000000000,0.082250,0.128458,0.261875,2.371083,0.000000000,0.000000000,0.000000,0.000000,
GC-12.47-1-ACDC,valid_control,7,none,0.000000,1,0,0,0,0,0,0,1,1,0.000000000007,0,0.000000000000,0.078292,0.106125,0.214667,2.610500,0.000000000,0.000000000,0.000000,0.000000,
GC-12.47-1-ACDC,valid_control,8,none,0.000000,1,0,0,0,0,0,0,1,1,0.000000000010,0,0.000000000000,0.071708,0.097958,0.201875,2.563834,0.000000000,0.000000000,0.000000,0.000000,
GC-12.47-1-ACDC,valid_control,9,none,0.000000,1,0,0,0,0,0,0,1,1,0.000000000006,0,0.000000000000,0.077167,0.106708,0.200250,2.329125,0.000000000,0.000000000,0.000000,0.000000,
GC-12.47-1-ACDC,valid_control,10,none,0.000000,1,0,0,0,0,0,0,1,1,0.000000000007,0,0.000000000000,0.069291,0.106917,0.224667,2.656917,0.000000000,0.000000000,0.000000,0.000000,
GC-12.47-1-ACDC,valid_control,11,none,0.000000,1,0,0,0,0,0,0,1,1,0.000000000013,0,0.000000000000,0.150875,1.406000,0.366416,2.346333,0.000000000,0.000000000,0.000000,0.000000,
GC-12.47-1-ACDC,valid_control,12,none,0.000000,1,0,0,0,0,0,0,1,1,0.000000000015,0,0.000000000000,0.081125,0.100125,0.204458,2.408708,0.000000000,0.000000000,0.000000,0.000000,
GC-12.47-1-ACDC,valid_control,13,none,0.000000,1,0,0,0,0,0,0,1,1,0.000000000023,0,0.000000000000,0.069542,0.096750,0.197708,2.533333,0.000000000,0.000000000,0.000000,0.000000,
GC-12.47-1-ACDC,valid_control,14,none,0.000000,1,0,0,0,0,0,0,1,1,0.000000000013,0,0.000000000000,0.069084,0.095875,0.206417,2.768917,0.000000000,0.000000000,0.000000,0.000000,
GC-12.47-1-ACDC,valid_control,15,none,0.000000,1,0,0,0,0,0,0,1,1,0.000000000009,0,0.000000000000,0.078208,0.102542,0.211833,2.541542,0.000000000,0.000000000,0.000000,0.000000,
GC-12.47-1-ACDC,valid_control,16,none,0.000000,1,0,0,0,0,0,0,1,1,0.000000000012,0,0.000000000000,0.071500,0.108209,0.199875,2.272041,0.000000000,0.000000000,0.000000,0.000000,
GC-12.47-1-ACDC,valid_control,17,none,0.000000,1,0,0,0,0,0,0,1,1,0.000000000007,0,0.000000000000,0.069125,0.100167,0.233917,2.542542,0.000000000,0.000000000,0.000000,0.000000,
GC-12.47-1-ACDC,valid_control,18,none,0.000000,1,0,0,0,0,0,0,1,1,0.000000000011,0,0.000000000000,0.076125,0.096958,0.196500,2.612541,0.000000000,0.000000000,0.000000,0.000000,
GC-12.47-1-ACDC,valid_control,19,none,0.000000,1,0,0,0,0,0,0,1,1,0.000000000010,0,0.000000000000,0.068000,0.098709,0.212958,2.654625,0.000000000,0.000000000,0.000000,0.000000,
GC-12.47-1-ACDC,valid_control,20,none,0.000000,1,0,0,0,0,0,0,1,1,0.000000000012,0,0.000000000000,0.072250,0.095334,0.209042,2.616375,0.000000000,0.000000000,0.000000,0.000000,
GC-12.47-1-ACDC,valid_control,21,none,0.000000,1,0,0,0,0,0,0,1,1,0.000000000010,0,0.000000000000,0.070459,0.094625,0.212292,2.605125,0.000000000,0.000000000,0.000000,0.000000,
GC-12.47-1-ACDC,valid_control,22,none,0.000000,1,0,0,0,0,0,0,1,1,0.000000000009,0,0.000000000000,0.070625,0.095583,0.211459,2.747333,0.000000000,0.000000000,0.000000,0.000000,
GC-12.47-1-ACDC,valid_control,23,none,0.000000,1,0,0,0,0,0,0,1,1,0.000000000008,0,0.000000000000,0.068250,0.103250,0.218083,2.632083,0.000000000,0.000000000,0.000000,0.000000,
GC-12.47-1-ACDC,valid_control,24,none,0.000000,1,0,0,0,0,0,0,1,1,0.000000000012,0,0.000000000000,0.075708,0.105834,0.212833,2.553000,0.000000000,0.000000000,0.000000,0.000000,
GC-12.47-1-ACDC,missing_vsc_ac_terminal,0,VSCConverter/1/bus_ac,0.000000,0,1,0,1,1,1,1,1,1,0.000000000009,0,0.000000000000,0.062375,0.101000,0.212708,2.637500,0.000000000,0.000000000,0.000000,0.000000,validation: 1 error(s): [VSCConverter/1/bus_ac] bus_ac 100289499 not found;
GC-12.47-1-ACDC,missing_vsc_ac_terminal,1,VSCConverter/2/bus_ac,0.000000,0,1,0,1,1,1,1,1,1,0.000000000010,0,0.000000000000,0.065417,0.106500,0.209958,2.638208,0.000000000,0.000000000,0.000000,0.000000,validation: 1 error(s): [VSCConverter/2/bus_ac] bus_ac 100767528 not found;
GC-12.47-1-ACDC,missing_vsc_ac_terminal,2,VSCConverter/1/bus_ac,0.000000,0,1,0,1,1,1,1,1,1,0.000000000009,0,0.000000000000,0.064667,0.103167,0.205417,2.632625,0.000000000,0.000000000,0.000000,0.000000,validation: 1 error(s): [VSCConverter/1/bus_ac] bus_ac 100601252 not found;
GC-12.47-1-ACDC,missing_vsc_ac_terminal,3,VSCConverter/2/bus_ac,0.000000,0,1,0,1,1,1,1,1,1,0.000000000010,0,0.000000000000,0.066583,0.103833,0.224792,2.698625,0.000000000,0.000000000,0.000000,0.000000,validation: 1 error(s): [VSCConverter/2/bus_ac] bus_ac 100619418 not found;
GC-12.47-1-ACDC,missing_vsc_ac_terminal,4,VSCConverter/2/bus_ac,0.000000,0,1,0,1,1,1,1,1,1,0.000000000010,0,0.000000000000,0.067125,0.103792,0.192292,2.656292,0.000000000,0.000000000,0.000000,0.000000,validation: 1 error(s): [VSCConverter/2/bus_ac] bus_ac 100069988 not found;
GC-12.47-1-ACDC,missing_vsc_ac_terminal,5,VSCConverter/2/bus_ac,0.000000,0,1,0,1,1,1,1,1,1,0.000000000010,0,0.000000000000,0.066375,0.103084,0.190458,2.656666,0.000000000,0.000000000,0.000000,0.000000,validation: 1 error(s): [VSCConverter/2/bus_ac] bus_ac 100885903 not found;
GC-12.47-1-ACDC,missing_vsc_ac_terminal,6,VSCConverter/2/bus_ac,0.000000,0,1,0,1,1,1,1,1,1,0.000000000010,0,0.000000000000,0.066334,0.102667,0.190583,2.654375,0.000000000,0.000000000,0.000000,0.000000,validation: 1 error(s): [VSCConverter/2/bus_ac] bus_ac 100704199 not found;
GC-12.47-1-ACDC,missing_vsc_ac_terminal,7,VSCConverter/1/bus_ac,0.000000,0,1,0,1,1,1,1,1,1,0.000000000009,0,0.000000000000,0.066541,0.101875,0.192750,2.654208,0.000000000,0.000000000,0.000000,0.000000,validation: 1 error(s): [VSCConverter/1/bus_ac] bus_ac 100479793 not found;
GC-12.47-1-ACDC,missing_vsc_ac_terminal,8,VSCConverter/1/bus_ac,0.000000,0,1,0,1,1,1,1,1,1,0.000000000009,0,0.000000000000,0.067333,0.098625,0.194833,2.714375,0.000000000,0.000000000,0.000000,0.000000,validation: 1 error(s): [VSCConverter/1/bus_ac] bus_ac 100600880 not found;
GC-12.47-1-ACDC,missing_vsc_ac_terminal,9,VSCConverter/2/bus_ac,0.000000,0,1,0,1,1,1,1,1,1,0.000000000010,0,0.000000000000,0.064958,0.092084,0.203542,2.658250,0.000000000,0.000000000,0.000000,0.000000,validation: 1 error(s): [VSCConverter/2/bus_ac] bus_ac 100189840 not found;
GC-12.47-1-ACDC,missing_vsc_ac_terminal,10,VSCConverter/1/bus_ac,0.000000,0,1,0,1,1,1,1,1,1,0.000000000009,0,0.000000000000,0.062584,0.092459,0.206958,2.643083,0.000000000,0.000000000,0.000000,0.000000,validation: 1 error(s): [VSCConverter/1/bus_ac] bus_ac 100227004 not found;
GC-12.47-1-ACDC,missing_vsc_ac_terminal,11,VSCConverter/2/bus_ac,0.000000,0,1,0,1,1,1,1,1,1,0.000000000010,0,0.000000000000,0.061333,0.092875,0.207250,2.667916,0.000000000,0.000000000,0.000000,0.000000,validation: 1 error(s): [VSCConverter/2/bus_ac] bus_ac 100352349 not found;
GC-12.47-1-ACDC,missing_vsc_ac_terminal,12,VSCConverter/2/bus_ac,0.000000,0,1,0,1,1,1,1,1,1,0.000000000010,0,0.000000000000,0.059167,0.092417,0.203917,2.676917,0.000000000,0.000000000,0.000000,0.000000,validation: 1 error(s): [VSCConverter/2/bus_ac] bus_ac 100090858 not found;
GC-12.47-1-ACDC,missing_vsc_ac_terminal,13,VSCConverter/2/bus_ac,0.000000,0,1,0,1,1,1,1,1,1,0.000000000010,0,0.000000000000,0.059834,0.098458,0.208042,2.652250,0.000000000,0.000000000,0.000000,0.000000,validation: 1 error(s): [VSCConverter/2/bus_ac] bus_ac 100435965 not found;
GC-12.47-1-ACDC,missing_vsc_ac_terminal,14,VSCConverter/1/bus_ac,0.000000,0,1,0,1,1,1,1,1,1,0.000000000009,0,0.000000000000,0.059875,0.101959,0.229750,2.698125,0.000000000,0.000000000,0.000000,0.000000,validation: 1 error(s): [VSCConverter/1/bus_ac] bus_ac 100591040 not found;
GC-12.47-1-ACDC,missing_vsc_ac_terminal,15,VSCConverter/1/bus_ac,0.000000,0,1,0,1,1,1,1,1,1,0.000000000009,0,0.000000000000,0.062459,0.103667,0.203292,2.643542,0.000000000,0.000000000,0.000000,0.000000,validation: 1 error(s): [VSCConverter/1/bus_ac] bus_ac 100749497 not found;
GC-12.47-1-ACDC,missing_vsc_ac_terminal,16,VSCConverter/1/bus_ac,0.000000,0,1,0,1,1,1,1,1,1,0.000000000009,0,0.000000000000,0.064334,0.102750,0.201375,2.651375,0.000000000,0.000000000,0.000000,0.000000,validation: 1 error(s): [VSCConverter/1/bus_ac] bus_ac 100375091 not found;
GC-12.47-1-ACDC,missing_vsc_ac_terminal,17,VSCConverter/1/bus_ac,0.000000,0,1,0,1,1,1,1,1,1,0.000000000009,0,0.000000000000,0.066708,0.102792,0.198167,2.644375,0.000000000,0.000000000,0.000000,0.000000,validation: 1 error(s): [VSCConverter/1/bus_ac] bus_ac 100712315 not found;
GC-12.47-1-ACDC,missing_vsc_ac_terminal,18,VSCConverter/1/bus_ac,0.000000,0,1,0,1,1,1,1,1,1,0.000000000009,0,0.000000000000,0.067208,0.102667,0.196833,2.665375,0.000000000,0.000000000,0.000000,0.000000,validation: 1 error(s): [VSCConverter/1/bus_ac] bus_ac 100131339 not found;
GC-12.47-1-ACDC,missing_vsc_ac_terminal,19,VSCConverter/1/bus_ac,0.000000,0,1,0,1,1,1,1,1,1,0.000000000009,0,0.000000000000,0.066667,0.102917,0.192750,2.717250,0.000000000,0.000000000,0.000000,0.000000,validation: 1 error(s): [VSCConverter/1/bus_ac] bus_ac 100820696 not found;
GC-12.47-1-ACDC,missing_vsc_ac_terminal,20,VSCConverter/2/bus_ac,0.000000,0,1,0,1,1,1,1,1,1,0.000000000010,0,0.000000000000,0.067417,0.099708,0.194834,2.676292,0.000000000,0.000000000,0.000000,0.000000,validation: 1 error(s): [VSCConverter/2/bus_ac] bus_ac 100490994 not found;
GC-12.47-1-ACDC,missing_vsc_ac_terminal,21,VSCConverter/1/bus_ac,0.000000,0,1,0,1,1,1,1,1,1,0.000000000009,0,0.000000000000,0.066625,0.094792,0.191458,2.658791,0.000000000,0.000000000,0.000000,0.000000,validation: 1 error(s): [VSCConverter/1/bus_ac] bus_ac 100201994 not found;
GC-12.47-1-ACDC,missing_vsc_ac_terminal,22,VSCConverter/2/bus_ac,0.000000,0,1,0,1,1,1,1,1,1,0.000000000010,0,0.000000000000,0.067041,0.093042,0.201417,2.665125,0.000000000,0.000000000,0.000000,0.000000,validation: 1 error(s): [VSCConverter/2/bus_ac] bus_ac 100605782 not found;
GC-12.47-1-ACDC,missing_vsc_ac_terminal,23,VSCConverter/2/bus_ac,0.000000,0,1,0,1,1,1,1,1,1,0.000000000010,0,0.000000000000,0.063833,0.092417,0.204084,2.668958,0.000000000,0.000000000,0.000000,0.000000,validation: 1 error(s): [VSCConverter/2/bus_ac] bus_ac 100547318 not found;
GC-12.47-1-ACDC,missing_vsc_ac_terminal,24,VSCConverter/2/bus_ac,0.000000,0,1,0,1,1,1,1,1,1,0.000000000010,0,0.000000000000,0.060625,0.092750,0.200208,2.674500,0.000000000,0.000000000,0.000000,0.000000,validation: 1 error(s): [VSCConverter/2/bus_ac] bus_ac 100323468 not found;
GC-12.47-1-ACDC,missing_vsc_dc_terminal,0,VSCConverter/1/bus_dc,0.000000,0,1,0,1,1,1,1,1,1,0.000000000010,0,0.000000000000,0.060208,0.109750,0.235042,2.705458,0.000000000,0.000000000,0.000000,0.000000,validation: 1 error(s): [VSCConverter/1/bus_dc] bus_dc 200415211 not found;
GC-12.47-1-ACDC,missing_vsc_dc_terminal,1,VSCConverter/1/bus_dc,0.000000,0,1,0,1,1,1,1,1,1,0.000000000010,0,0.000000000000,0.070417,0.104416,0.204333,2.539167,0.000000000,0.000000000,0.000000,0.000000,validation: 1 error(s): [VSCConverter/1/bus_dc] bus_dc 200311735 not found;
GC-12.47-1-ACDC,missing_vsc_dc_terminal,2,VSCConverter/2/bus_dc,0.000000,0,1,0,1,1,1,1,1,1,0.000000000010,0,0.000000000000,0.064584,0.095292,0.199375,2.507292,0.000000000,0.000000000,0.000000,0.000000,"validation: 1 error(s), 1 warning(s): [DCBus/2/bus_type] DC voltage-reference bus 2 has no in-service physical balancing device. It will be treated as an ideal bidirectional DC voltage boundary; add controllable DC storage, a DC-voltage-forming VSC/LCC, or a voltage-forming DC/DC converter when a physical boundary model is required.; [VSCConverter/2/bus_dc] bus_dc 200708528 not found;"
GC-12.47-1-ACDC,missing_vsc_dc_terminal,3,VSCConverter/2/bus_dc,0.000000,0,1,0,1,1,1,1,1,1,0.000000000010,0,0.000000000000,0.061625,0.093917,0.192750,2.589334,0.000000000,0.000000000,0.000000,0.000000,"validation: 1 error(s), 1 warning(s): [DCBus/2/bus_type] DC voltage-reference bus 2 has no in-service physical balancing device. It will be treated as an ideal bidirectional DC voltage boundary; add controllable DC storage, a DC-voltage-forming VSC/LCC, or a voltage-forming DC/DC converter when a physical boundary model is required.; [VSCConverter/2/bus_dc] bus_dc 200311304 not found;"
GC-12.47-1-ACDC,missing_vsc_dc_terminal,4,VSCConverter/2/bus_dc,0.000000,0,1,0,1,1,1,1,1,1,0.000000000010,0,0.000000000000,0.060917,0.093583,0.205833,2.591625,0.000000000,0.000000000,0.000000,0.000000,"validation: 1 error(s), 1 warning(s): [DCBus/2/bus_type] DC voltage-reference bus 2 has no in-service physical balancing device. It will be treated as an ideal bidirectional DC voltage boundary; add controllable DC storage, a DC-voltage-forming VSC/LCC, or a voltage-forming DC/DC converter when a physical boundary model is required.; [VSCConverter/2/bus_dc] bus_dc 200392827 not found;"
GC-12.47-1-ACDC,missing_vsc_dc_terminal,5,VSCConverter/2/bus_dc,0.000000,0,1,0,1,1,1,1,1,1,0.000000000010,0,0.000000000000,0.061291,0.096917,0.213416,3.043667,0.000000000,0.000000000,0.000000,0.000000,"validation: 1 error(s), 1 warning(s): [DCBus/2/bus_type] DC voltage-reference bus 2 has no in-service physical balancing device. It will be treated as an ideal bidirectional DC voltage boundary; add controllable DC storage, a DC-voltage-forming VSC/LCC, or a voltage-forming DC/DC converter when a physical boundary model is required.; [VSCConverter/2/bus_dc] bus_dc 200187104 not found;"
GC-12.47-1-ACDC,missing_vsc_dc_terminal,6,VSCConverter/2/bus_dc,0.000000,0,1,0,1,1,1,1,1,1,0.000000000010,0,0.000000000000,0.090875,0.115958,0.216584,2.569416,0.000000000,0.000000000,0.000000,0.000000,"validation: 1 error(s), 1 warning(s): [DCBus/2/bus_type] DC voltage-reference bus 2 has no in-service physical balancing device. It will be treated as an ideal bidirectional DC voltage boundary; add controllable DC storage, a DC-voltage-forming VSC/LCC, or a voltage-forming DC/DC converter when a physical boundary model is required.; [VSCConverter/2/bus_dc] bus_dc 200057072 not found;"
GC-12.47-1-ACDC,missing_vsc_dc_terminal,7,VSCConverter/2/bus_dc,0.000000,0,1,0,1,1,1,1,1,1,0.000000000010,0,0.000000000000,0.064000,0.095667,0.196333,2.528000,0.000000000,0.000000000,0.000000,0.000000,"validation: 1 error(s), 1 warning(s): [DCBus/2/bus_type] DC voltage-reference bus 2 has no in-service physical balancing device. It will be treated as an ideal bidirectional DC voltage boundary; add controllable DC storage, a DC-voltage-forming VSC/LCC, or a voltage-forming DC/DC converter when a physical boundary model is required.; [VSCConverter/2/bus_dc] bus_dc 200976416 not found;"
GC-12.47-1-ACDC,missing_vsc_dc_terminal,8,VSCConverter/2/bus_dc,0.000000,0,1,0,1,1,1,1,1,1,0.000000000010,0,0.000000000000,0.061958,0.093791,0.193167,2.695750,0.000000000,0.000000000,0.000000,0.000000,"validation: 1 error(s), 1 warning(s): [DCBus/2/bus_type] DC voltage-reference bus 2 has no in-service physical balancing device. It will be treated as an ideal bidirectional DC voltage boundary; add controllable DC storage, a DC-voltage-forming VSC/LCC, or a voltage-forming DC/DC converter when a physical boundary model is required.; [VSCConverter/2/bus_dc] bus_dc 200713897 not found;"
GC-12.47-1-ACDC,missing_vsc_dc_terminal,9,VSCConverter/2/bus_dc,0.000000,0,1,0,1,1,1,1,1,1,0.000000000010,0,0.000000000000,0.095167,0.116292,0.218875,2.807208,0.000000000,0.000000000,0.000000,0.000000,"validation: 1 error(s), 1 warning(s): [DCBus/2/bus_type] DC voltage-reference bus 2 has no in-service physical balancing device. It will be treated as an ideal bidirectional DC voltage boundary; add controllable DC storage, a DC-voltage-forming VSC/LCC, or a voltage-forming DC/DC converter when a physical boundary model is required.; [VSCConverter/2/bus_dc] bus_dc 200168550 not found;"
GC-12.47-1-ACDC,missing_vsc_dc_terminal,10,VSCConverter/1/bus_dc,0.000000,0,1,0,1,1,1,1,1,1,0.000000000010,0,0.000000000000,0.078166,0.161875,0.232125,2.624166,0.000000000,0.000000000,0.000000,0.000000,validation: 1 error(s): [VSCConverter/1/bus_dc] bus_dc 200179441 not found;
GC-12.47-1-ACDC,missing_vsc_dc_terminal,11,VSCConverter/1/bus_dc,0.000000,0,1,0,1,1,1,1,1,1,0.000000000010,0,0.000000000000,0.101541,0.121958,0.218041,2.831041,0.000000000,0.000000000,0.000000,0.000000,validation: 1 error(s): [VSCConverter/1/bus_dc] bus_dc 200676707 not found;
GC-12.47-1-ACDC,missing_vsc_dc_terminal,12,VSCConverter/1/bus_dc,0.000000,0,1,0,1,1,1,1,1,1,0.000000000010,0,0.000000000000,0.067125,0.100125,0.200750,2.841208,0.000000000,0.000000000,0.000000,0.000000,validation: 1 error(s): [VSCConverter/1/bus_dc] bus_dc 200513929 not found;
GC-12.47-1-ACDC,missing_vsc_dc_terminal,13,VSCConverter/2/bus_dc,0.000000,0,1,0,1,1,1,1,1,1,0.000000000010,0,0.000000000000,0.076875,0.113541,0.231125,2.730334,0.000000000,0.000000000,0.000000,0.000000,"validation: 1 error(s), 1 warning(s): [DCBus/2/bus_type] DC voltage-reference bus 2 has no in-service physical balancing device. It will be treated as an ideal bidirectional DC voltage boundary; add controllable DC storage, a DC-voltage-forming VSC/LCC, or a voltage-forming DC/DC converter when a physical boundary model is required.; [VSCConverter/2/bus_dc] bus_dc 200969926 not found;"
GC-12.47-1-ACDC,missing_vsc_dc_terminal,14,VSCConverter/1/bus_dc,0.000000,0,1,0,1,1,1,1,1,1,0.000000000010,0,0.000000000000,0.076083,0.108042,0.208875,3.014834,0.000000000,0.000000000,0.000000,0.000000,validation: 1 error(s): [VSCConverter/1/bus_dc] bus_dc 200165849 not found;
GC-12.47-1-ACDC,missing_vsc_dc_terminal,15,VSCConverter/2/bus_dc,0.000000,0,1,0,1,1,1,1,1,1,0.000000000010,0,0.000000000000,0.070667,0.099791,0.197959,2.544209,0.000000000,0.000000000,0.000000,0.000000,"validation: 1 error(s), 1 warning(s): [DCBus/2/bus_type] DC voltage-reference bus 2 has no in-service physical balancing device. It will be treated as an ideal bidirectional DC voltage boundary; add controllable DC storage, a DC-voltage-forming VSC/LCC, or a voltage-forming DC/DC converter when a physical boundary model is required.; [VSCConverter/2/bus_dc] bus_dc 200039979 not found;"
GC-12.47-1-ACDC,missing_vsc_dc_terminal,16,VSCConverter/2/bus_dc,0.000000,0,1,0,1,1,1,1,1,1,0.000000000010,0,0.000000000000,0.061584,0.092625,0.192916,2.793417,0.000000000,0.000000000,0.000000,0.000000,"validation: 1 error(s), 1 warning(s): [DCBus/2/bus_type] DC voltage-reference bus 2 has no in-service physical balancing device. It will be treated as an ideal bidirectional DC voltage boundary; add controllable DC storage, a DC-voltage-forming VSC/LCC, or a voltage-forming DC/DC converter when a physical boundary model is required.; [VSCConverter/2/bus_dc] bus_dc 200802556 not found;"
GC-12.47-1-ACDC,missing_vsc_dc_terminal,17,VSCConverter/2/bus_dc,0.000000,0,1,0,1,1,1,1,1,1,0.000000000010,0,0.000000000000,0.074958,0.105708,0.210041,2.658292,0.000000000,0.000000000,0.000000,0.000000,"validation: 1 error(s), 1 warning(s): [DCBus/2/bus_type] DC voltage-reference bus 2 has no in-service physical balancing device. It will be treated as an ideal bidirectional DC voltage boundary; add controllable DC storage, a DC-voltage-forming VSC/LCC, or a voltage-forming DC/DC converter when a physical boundary model is required.; [VSCConverter/2/bus_dc] bus_dc 200607410 not found;"
GC-12.47-1-ACDC,missing_vsc_dc_terminal,18,VSCConverter/1/bus_dc,0.000000,0,1,0,1,1,1,1,1,1,0.000000000010,0,0.000000000000,0.064334,0.097083,0.201750,2.705417,0.000000000,0.000000000,0.000000,0.000000,validation: 1 error(s): [VSCConverter/1/bus_dc] bus_dc 200341596 not found;
GC-12.47-1-ACDC,missing_vsc_dc_terminal,19,VSCConverter/1/bus_dc,0.000000,0,1,0,1,1,1,1,1,1,0.000000000010,0,0.000000000000,0.069291,0.096250,0.217250,2.736166,0.000000000,0.000000000,0.000000,0.000000,validation: 1 error(s): [VSCConverter/1/bus_dc] bus_dc 200780485 not found;
GC-12.47-1-ACDC,missing_vsc_dc_terminal,20,VSCConverter/1/bus_dc,0.000000,0,1,0,1,1,1,1,1,1,0.000000000010,0,0.000000000000,0.062333,0.095292,0.203250,2.781792,0.000000000,0.000000000,0.000000,0.000000,validation: 1 error(s): [VSCConverter/1/bus_dc] bus_dc 200149038 not found;
GC-12.47-1-ACDC,missing_vsc_dc_terminal,21,VSCConverter/2/bus_dc,0.000000,0,1,0,1,1,1,1,1,1,0.000000000010,0,0.000000000000,0.064958,0.096667,0.197125,2.753709,0.000000000,0.000000000,0.000000,0.000000,"validation: 1 error(s), 1 warning(s): [DCBus/2/bus_type] DC voltage-reference bus 2 has no in-service physical balancing device. It will be treated as an ideal bidirectional DC voltage boundary; add controllable DC storage, a DC-voltage-forming VSC/LCC, or a voltage-forming DC/DC converter when a physical boundary model is required.; [VSCConverter/2/bus_dc] bus_dc 200856815 not found;"
GC-12.47-1-ACDC,missing_vsc_dc_terminal,22,VSCConverter/2/bus_dc,0.000000,0,1,0,1,1,1,1,1,1,0.000000000010,0,0.000000000000,0.077042,0.106166,0.208458,2.536584,0.000000000,0.000000000,0.000000,0.000000,"validation: 1 error(s), 1 warning(s): [DCBus/2/bus_type] DC voltage-reference bus 2 has no in-service physical balancing device. It will be treated as an ideal bidirectional DC voltage boundary; add controllable DC storage, a DC-voltage-forming VSC/LCC, or a voltage-forming DC/DC converter when a physical boundary model is required.; [VSCConverter/2/bus_dc] bus_dc 200780230 not found;"
GC-12.47-1-ACDC,missing_vsc_dc_terminal,23,VSCConverter/1/bus_dc,0.000000,0,1,0,1,1,1,1,1,1,0.000000000010,0,0.000000000000,0.064084,0.096708,0.193791,2.556834,0.000000000,0.000000000,0.000000,0.000000,validation: 1 error(s): [VSCConverter/1/bus_dc] bus_dc 200446333 not found;
GC-12.47-1-ACDC,missing_vsc_dc_terminal,24,VSCConverter/2/bus_dc,0.000000,0,1,0,1,1,1,1,1,1,0.000000000010,0,0.000000000000,0.064709,0.097166,0.196584,2.684750,0.000000000,0.000000000,0.000000,0.000000,"validation: 1 error(s), 1 warning(s): [DCBus/2/bus_type] DC voltage-reference bus 2 has no in-service physical balancing device. It will be treated as an ideal bidirectional DC voltage boundary; add controllable DC storage, a DC-voltage-forming VSC/LCC, or a voltage-forming DC/DC converter when a physical boundary model is required.; [VSCConverter/2/bus_dc] bus_dc 200878911 not found;"
GC-12.47-1-ACDC,missing_ac_reference,0,ACSystem/reference,0.000000,0,1,1,1,1,1,1,1,0,0.000000000000,0,0.000000000000,0.088041,0.103375,0.224292,0.057000,0.000000000,0.000000000,0.000000,0.000000,"validation: 1 error(s), 1 warning(s): [ACSystem] No slack bus found (BusType::SLACK or Generator::is_slack); [ACSystem/connectivity] AC island 0 (34 buses) contains no slack bus;"
GC-12.47-1-ACDC,missing_ac_reference,1,ACSystem/reference,0.000000,0,1,1,1,1,1,1,1,0,0.000000000000,0,0.000000000000,0.075834,0.106000,0.206334,0.055833,0.000000000,0.000000000,0.000000,0.000000,"validation: 1 error(s), 1 warning(s): [ACSystem] No slack bus found (BusType::SLACK or Generator::is_slack); [ACSystem/connectivity] AC island 0 (34 buses) contains no slack bus;"
GC-12.47-1-ACDC,missing_ac_reference,2,ACSystem/reference,0.000000,0,1,1,1,1,1,1,1,0,0.000000000000,0,0.000000000000,0.068750,0.094500,0.205917,0.065625,0.000000000,0.000000000,0.000000,0.000000,"validation: 1 error(s), 1 warning(s): [ACSystem] No slack bus found (BusType::SLACK or Generator::is_slack); [ACSystem/connectivity] AC island 0 (34 buses) contains no slack bus;"
GC-12.47-1-ACDC,missing_ac_reference,3,ACSystem/reference,0.000000,0,1,1,1,1,1,1,1,0,0.000000000000,0,0.000000000000,0.077250,0.091917,0.223333,0.053958,0.000000000,0.000000000,0.000000,0.000000,"validation: 1 error(s), 1 warning(s): [ACSystem] No slack bus found (BusType::SLACK or Generator::is_slack); [ACSystem/connectivity] AC island 0 (34 buses) contains no slack bus;"
GC-12.47-1-ACDC,missing_ac_reference,4,ACSystem/reference,0.000000,0,1,1,1,1,1,1,1,0,0.000000000000,0,0.000000000000,0.067000,0.092250,0.219459,0.061208,0.000000000,0.000000000,0.000000,0.000000,"validation: 1 error(s), 1 warning(s): [ACSystem] No slack bus found (BusType::SLACK or Generator::is_slack); [ACSystem/connectivity] AC island 0 (34 buses) contains no slack bus;"
GC-12.47-1-ACDC,missing_ac_reference,5,ACSystem/reference,0.000000,0,1,1,1,1,1,1,1,0,0.000000000000,0,0.000000000000,0.067958,0.109416,0.213125,0.063083,0.000000000,0.000000000,0.000000,0.000000,"validation: 1 error(s), 1 warning(s): [ACSystem] No slack bus found (BusType::SLACK or Generator::is_slack); [ACSystem/connectivity] AC island 0 (34 buses) contains no slack bus;"
GC-12.47-1-ACDC,missing_ac_reference,6,ACSystem/reference,0.000000,0,1,1,1,1,1,1,1,0,0.000000000000,0,0.000000000000,0.071417,0.093083,0.199542,0.053750,0.000000000,0.000000000,0.000000,0.000000,"validation: 1 error(s), 1 warning(s): [ACSystem] No slack bus found (BusType::SLACK or Generator::is_slack); [ACSystem/connectivity] AC island 0 (34 buses) contains no slack bus;"
GC-12.47-1-ACDC,missing_ac_reference,7,ACSystem/reference,0.000000,0,1,1,1,1,1,1,1,0,0.000000000000,0,0.000000000000,0.071375,0.092166,0.207500,0.060000,0.000000000,0.000000000,0.000000,0.000000,"validation: 1 error(s), 1 warning(s): [ACSystem] No slack bus found (BusType::SLACK or Generator::is_slack); [ACSystem/connectivity] AC island 0 (34 buses) contains no slack bus;"
GC-12.47-1-ACDC,missing_ac_reference,8,ACSystem/reference,0.000000,0,1,1,1,1,1,1,1,0,0.000000000000,0,0.000000000000,0.074125,0.102334,0.195250,0.056875,0.000000000,0.000000000,0.000000,0.000000,"validation: 1 error(s), 1 warning(s): [ACSystem] No slack bus found (BusType::SLACK or Generator::is_slack); [ACSystem/connectivity] AC island 0 (34 buses) contains no slack bus;"
GC-12.47-1-ACDC,missing_ac_reference,9,ACSystem/reference,0.000000,0,1,1,1,1,1,1,1,0,0.000000000000,0,0.000000000000,0.074375,0.102542,0.202375,0.053708,0.000000000,0.000000000,0.000000,0.000000,"validation: 1 error(s), 1 warning(s): [ACSystem] No slack bus found (BusType::SLACK or Generator::is_slack); [ACSystem/connectivity] AC island 0 (34 buses) contains no slack bus;"
GC-12.47-1-ACDC,missing_ac_reference,10,ACSystem/reference,0.000000,0,1,1,1,1,1,1,1,0,0.000000000000,0,0.000000000000,0.071458,0.102167,0.208792,0.053709,0.000000000,0.000000000,0.000000,0.000000,"validation: 1 error(s), 1 warning(s): [ACSystem] No slack bus found (BusType::SLACK or Generator::is_slack); [ACSystem/connectivity] AC island 0 (34 buses) contains no slack bus;"
GC-12.47-1-ACDC,missing_ac_reference,11,ACSystem/reference,0.000000,0,1,1,1,1,1,1,1,0,0.000000000000,0,0.000000000000,0.066750,0.101000,0.219750,0.056958,0.000000000,0.000000000,0.000000,0.000000,"validation: 1 error(s), 1 warning(s): [ACSystem] No slack bus found (BusType::SLACK or Generator::is_slack); [ACSystem/connectivity] AC island 0 (34 buses) contains no slack bus;"
GC-12.47-1-ACDC,missing_ac_reference,12,ACSystem/reference,0.000000,0,1,1,1,1,1,1,1,0,0.000000000000,0,0.000000000000,0.068708,0.092584,0.217625,0.057125,0.000000000,0.000000000,0.000000,0.000000,"validation: 1 error(s), 1 warning(s): [ACSystem] No slack bus found (BusType::SLACK or Generator::is_slack); [ACSystem/connectivity] AC island 0 (34 buses) contains no slack bus;"
GC-12.47-1-ACDC,missing_ac_reference,13,ACSystem/reference,0.000000,0,1,1,1,1,1,1,1,0,0.000000000000,0,0.000000000000,0.066292,0.091625,0.217333,0.062959,0.000000000,0.000000000,0.000000,0.000000,"validation: 1 error(s), 1 warning(s): [ACSystem] No slack bus found (BusType::SLACK or Generator::is_slack); [ACSystem/connectivity] AC island 0 (34 buses) contains no slack bus;"
GC-12.47-1-ACDC,missing_ac_reference,14,ACSystem/reference,0.000000,0,1,1,1,1,1,1,1,0,0.000000000000,0,0.000000000000,0.108167,0.097500,0.241083,0.065709,0.000000000,0.000000000,0.000000,0.000000,"validation: 1 error(s), 1 warning(s): [ACSystem] No slack bus found (BusType::SLACK or Generator::is_slack); [ACSystem/connectivity] AC island 0 (34 buses) contains no slack bus;"
GC-12.47-1-ACDC,missing_ac_reference,15,ACSystem/reference,0.000000,0,1,1,1,1,1,1,1,0,0.000000000000,0,0.000000000000,0.091250,0.119500,0.200042,0.054125,0.000000000,0.000000000,0.000000,0.000000,"validation: 1 error(s), 1 warning(s): [ACSystem] No slack bus found (BusType::SLACK or Generator::is_slack); [ACSystem/connectivity] AC island 0 (34 buses) contains no slack bus;"
GC-12.47-1-ACDC,missing_ac_reference,16,ACSystem/reference,0.000000,0,1,1,1,1,1,1,1,0,0.000000000000,0,0.000000000000,0.066709,0.091666,0.200000,0.055333,0.000000000,0.000000000,0.000000,0.000000,"validation: 1 error(s), 1 warning(s): [ACSystem] No slack bus found (BusType::SLACK or Generator::is_slack); [ACSystem/connectivity] AC island 0 (34 buses) contains no slack bus;"
GC-12.47-1-ACDC,missing_ac_reference,17,ACSystem/reference,0.000000,0,1,1,1,1,1,1,1,0,0.000000000000,0,0.000000000000,0.068334,0.091750,0.195375,0.053792,0.000000000,0.000000000,0.000000,0.000000,"validation: 1 error(s), 1 warning(s): [ACSystem] No slack bus found (BusType::SLACK or Generator::is_slack); [ACSystem/connectivity] AC island 0 (34 buses) contains no slack bus;"
GC-12.47-1-ACDC,missing_ac_reference,18,ACSystem/reference,0.000000,0,1,1,1,1,1,1,1,0,0.000000000000,0,0.000000000000,0.067250,0.091833,0.194917,0.053708,0.000000000,0.000000000,0.000000,0.000000,"validation: 1 error(s), 1 warning(s): [ACSystem] No slack bus found (BusType::SLACK or Generator::is_slack); [ACSystem/connectivity] AC island 0 (34 buses) contains no slack bus;"
GC-12.47-1-ACDC,missing_ac_reference,19,ACSystem/reference,0.000000,0,1,1,1,1,1,1,1,0,0.000000000000,0,0.000000000000,0.066875,0.091250,0.195041,0.058000,0.000000000,0.000000000,0.000000,0.000000,"validation: 1 error(s), 1 warning(s): [ACSystem] No slack bus found (BusType::SLACK or Generator::is_slack); [ACSystem/connectivity] AC island 0 (34 buses) contains no slack bus;"
GC-12.47-1-ACDC,missing_ac_reference,20,ACSystem/reference,0.000000,0,1,1,1,1,1,1,1,0,0.000000000000,0,0.000000000000,0.068000,0.093959,0.199083,0.054541,0.000000000,0.000000000,0.000000,0.000000,"validation: 1 error(s), 1 warning(s): [ACSystem] No slack bus found (BusType::SLACK or Generator::is_slack); [ACSystem/connectivity] AC island 0 (34 buses) contains no slack bus;"
GC-12.47-1-ACDC,missing_ac_reference,21,ACSystem/reference,0.000000,0,1,1,1,1,1,1,1,0,0.000000000000,0,0.000000000000,0.068250,0.103042,0.228000,0.064042,0.000000000,0.000000000,0.000000,0.000000,"validation: 1 error(s), 1 warning(s): [ACSystem] No slack bus found (BusType::SLACK or Generator::is_slack); [ACSystem/connectivity] AC island 0 (34 buses) contains no slack bus;"
GC-12.47-1-ACDC,missing_ac_reference,22,ACSystem/reference,0.000000,0,1,1,1,1,1,1,1,0,0.000000000000,0,0.000000000000,0.080958,0.109084,0.559666,0.070708,0.000000000,0.000000000,0.000000,0.000000,"validation: 1 error(s), 1 warning(s): [ACSystem] No slack bus found (BusType::SLACK or Generator::is_slack); [ACSystem/connectivity] AC island 0 (34 buses) contains no slack bus;"
GC-12.47-1-ACDC,missing_ac_reference,23,ACSystem/reference,0.000000,0,1,1,1,1,1,1,1,0,0.000000000000,0,0.000000000000,0.084709,0.107458,0.233875,0.062250,0.000000000,0.000000000,0.000000,0.000000,"validation: 1 error(s), 1 warning(s): [ACSystem] No slack bus found (BusType::SLACK or Generator::is_slack); [ACSystem/connectivity] AC island 0 (34 buses) contains no slack bus;"
GC-12.47-1-ACDC,missing_ac_reference,24,ACSystem/reference,0.000000,0,1,1,1,1,1,1,1,0,0.000000000000,0,0.000000000000,0.076417,0.108125,0.225834,0.061625,0.000000000,0.000000000,0.000000,0.000000,"validation: 1 error(s), 1 warning(s): [ACSystem] No slack bus found (BusType::SLACK or Generator::is_slack); [ACSystem/connectivity] AC island 0 (34 buses) contains no slack bus;"
GC-12.47-1-ACDC,missing_dc_support,0,dc_island/voltage_support,0.000000,0,0,0,0,1,1,1,1,1,0.000000000009,0,0.000000000000,0.068625,0.107834,0.216750,3.014458,0.000000000,0.000000000,0.000000,0.000000,
GC-12.47-1-ACDC,missing_dc_support,1,dc_island/voltage_support,0.000000,0,0,0,0,1,1,1,1,1,0.000000000009,0,0.000000000000,0.084500,0.129708,0.227000,2.659917,0.000000000,0.000000000,0.000000,0.000000,
GC-12.47-1-ACDC,missing_dc_support,2,dc_island/voltage_support,0.000000,0,0,0,0,1,1,1,1,1,0.000000000009,0,0.000000000000,0.068917,0.114541,0.225708,2.532750,0.000000000,0.000000000,0.000000,0.000000,
GC-12.47-1-ACDC,missing_dc_support,3,dc_island/voltage_support,0.000000,0,0,0,0,1,1,1,1,1,0.000000000009,0,0.000000000000,0.061459,0.094417,0.190750,3.055792,0.000000000,0.000000000,0.000000,0.000000,
GC-12.47-1-ACDC,missing_dc_support,4,dc_island/voltage_support,0.000000,0,0,0,0,1,1,1,1,1,0.000000000009,0,0.000000000000,0.088041,0.138708,0.224167,2.650917,0.000000000,0.000000000,0.000000,0.000000,
GC-12.47-1-ACDC,missing_dc_support,5,dc_island/voltage_support,0.000000,0,0,0,0,1,1,1,1,1,0.000000000009,0,0.000000000000,0.062167,0.094708,0.193167,2.581750,0.000000000,0.000000000,0.000000,0.000000,
GC-12.47-1-ACDC,missing_dc_support,6,dc_island/voltage_support,0.000000,0,0,0,0,1,1,1,1,1,0.000000000009,0,0.000000000000,0.060333,0.093667,0.189167,2.613042,0.000000000,0.000000000,0.000000,0.000000,
GC-12.47-1-ACDC,missing_dc_support,7,dc_island/voltage_support,0.000000,0,0,0,0,1,1,1,1,1,0.000000000009,0,0.000000000000,0.065000,0.103334,0.198416,2.629042,0.000000000,0.000000000,0.000000,0.000000,
GC-12.47-1-ACDC,missing_dc_support,8,dc_island/voltage_support,0.000000,0,0,0,0,1,1,1,1,1,0.000000000009,0,0.000000000000,0.067541,0.103542,0.198125,2.639834,0.000000000,0.000000000,0.000000,0.000000,
GC-12.47-1-ACDC,missing_dc_support,9,dc_island/voltage_support,0.000000,0,0,0,0,1,1,1,1,1,0.000000000009,0,0.000000000000,0.072000,0.121792,0.231917,2.742625,0.000000000,0.000000000,0.000000,0.000000,
GC-12.47-1-ACDC,missing_dc_support,10,dc_island/voltage_support,0.000000,0,0,0,0,1,1,1,1,1,0.000000000009,0,0.000000000000,0.069375,0.095042,0.192041,2.774417,0.000000000,0.000000000,0.000000,0.000000,
GC-12.47-1-ACDC,missing_dc_support,11,dc_island/voltage_support,0.000000,0,0,0,0,1,1,1,1,1,0.000000000009,0,0.000000000000,0.069459,0.098292,0.195125,2.816959,0.000000000,0.000000000,0.000000,0.000000,
GC-12.47-1-ACDC,missing_dc_support,12,dc_island/voltage_support,0.000000,0,0,0,0,1,1,1,1,1,0.000000000009,0,0.000000000000,0.064125,0.106375,0.197875,2.721208,0.000000000,0.000000000,0.000000,0.000000,
GC-12.47-1-ACDC,missing_dc_support,13,dc_island/voltage_support,0.000000,0,0,0,0,1,1,1,1,1,0.000000000009,0,0.000000000000,0.066542,0.104708,0.204500,2.893583,0.000000000,0.000000000,0.000000,0.000000,
GC-12.47-1-ACDC,missing_dc_support,14,dc_island/voltage_support,0.000000,0,0,0,0,1,1,1,1,1,0.000000000009,0,0.000000000000,0.083500,0.132083,0.236209,2.792667,0.000000000,0.000000000,0.000000,0.000000,
GC-12.47-1-ACDC,missing_dc_support,15,dc_island/voltage_support,0.000000,0,0,0,0,1,1,1,1,1,0.000000000009,0,0.000000000000,0.085500,0.115542,0.210375,2.546625,0.000000000,0.000000000,0.000000,0.000000,
GC-12.47-1-ACDC,missing_dc_support,16,dc_island/voltage_support,0.000000,0,0,0,0,1,1,1,1,1,0.000000000009,0,0.000000000000,0.062708,0.096084,0.307625,2.691416,0.000000000,0.000000000,0.000000,0.000000,
GC-12.47-1-ACDC,missing_dc_support,17,dc_island/voltage_support,0.000000,0,0,0,0,1,1,1,1,1,0.000000000009,0,0.000000000000,0.068125,0.100166,0.201042,2.943667,0.000000000,0.000000000,0.000000,0.000000,
GC-12.47-1-ACDC,missing_dc_support,18,dc_island/voltage_support,0.000000,0,0,0,0,1,1,1,1,1,0.000000000009,0,0.000000000000,0.068709,0.100334,0.197875,2.880333,0.000000000,0.000000000,0.000000,0.000000,
GC-12.47-1-ACDC,missing_dc_support,19,dc_island/voltage_support,0.000000,0,0,0,0,1,1,1,1,1,0.000000000009,0,0.000000000000,0.078583,0.109584,0.206542,2.697167,0.000000000,0.000000000,0.000000,0.000000,
GC-12.47-1-ACDC,missing_dc_support,20,dc_island/voltage_support,0.000000,0,0,0,0,1,1,1,1,1,0.000000000009,0,0.000000000000,0.068500,0.100750,0.198875,2.642583,0.000000000,0.000000000,0.000000,0.000000,
GC-12.47-1-ACDC,missing_dc_support,21,dc_island/voltage_support,0.000000,0,0,0,0,1,1,1,1,1,0.000000000009,0,0.000000000000,0.064667,0.098334,0.217625,2.660000,0.000000000,0.000000000,0.000000,0.000000,
GC-12.47-1-ACDC,missing_dc_support,22,dc_island/voltage_support,0.000000,0,0,0,0,1,1,1,1,1,0.000000000009,0,0.000000000000,0.069083,0.106333,0.199083,2.677792,0.000000000,0.000000000,0.000000,0.000000,
GC-12.47-1-ACDC,missing_dc_support,23,dc_island/voltage_support,0.000000,0,0,0,0,1,1,1,1,1,0.000000000009,0,0.000000000000,0.067958,0.104959,0.192916,2.667083,0.000000000,0.000000000,0.000000,0.000000,
GC-12.47-1-ACDC,missing_dc_support,24,dc_island/voltage_support,0.000000,0,0,0,0,1,1,1,1,1,0.000000000009,0,0.000000000000,0.067041,0.116708,0.196250,3.059625,0.000000000,0.000000000,0.000000,0.000000,
GC-12.47-1-ACDC,invalid_converter_efficiency,0,VSCConverter/1/eta,1.165896,0,1,0,1,1,1,1,1,1,0.000000000010,0,0.000000000000,0.101459,0.114708,0.234708,3.037791,0.000000000,0.000000000,0.000000,0.000000,"validation: 1 error(s): [VSCConverter/1/eta] eta must be in (0,1] (got 1.165896);"
GC-12.47-1-ACDC,invalid_converter_efficiency,1,VSCConverter/2/eta,1.035202,0,1,0,1,1,1,1,1,1,0.000000000010,0,0.000000000000,0.085584,0.106334,0.214542,2.762292,0.000000000,0.000000000,0.000000,0.000000,"validation: 1 error(s): [VSCConverter/2/eta] eta must be in (0,1] (got 1.035202);"
GC-12.47-1-ACDC,invalid_converter_efficiency,2,VSCConverter/2/eta,1.147639,0,1,0,1,1,1,1,1,1,0.000000000010,0,0.000000000000,0.091959,0.143833,0.235250,3.016042,0.000000000,0.000000000,0.000000,0.000000,"validation: 1 error(s): [VSCConverter/2/eta] eta must be in (0,1] (got 1.147639);"
GC-12.47-1-ACDC,invalid_converter_efficiency,3,VSCConverter/2/eta,1.194100,0,1,0,1,1,1,1,1,1,0.000000000010,0,0.000000000000,0.085375,0.118917,0.236875,2.848875,0.000000000,0.000000000,0.000000,0.000000,"validation: 1 error(s): [VSCConverter/2/eta] eta must be in (0,1] (got 1.194100);"
GC-12.47-1-ACDC,invalid_converter_efficiency,4,VSCConverter/1/eta,1.035599,0,1,0,1,1,1,1,1,1,0.000000000010,0,0.000000000000,0.088833,0.107834,0.214750,2.882416,0.000000000,0.000000000,0.000000,0.000000,"validation: 1 error(s): [VSCConverter/1/eta] eta must be in (0,1] (got 1.035599);"
GC-12.47-1-ACDC,invalid_converter_efficiency,5,VSCConverter/1/eta,1.121853,0,1,0,1,1,1,1,1,1,0.000000000010,0,0.000000000000,0.091541,0.125292,0.236333,3.299417,0.000000000,0.000000000,0.000000,0.000000,"validation: 1 error(s): [VSCConverter/1/eta] eta must be in (0,1] (got 1.121853);"
GC-12.47-1-ACDC,invalid_converter_efficiency,6,VSCConverter/2/eta,1.040955,0,1,0,1,1,1,1,1,1,0.000000000010,0,0.000000000000,0.091042,0.110416,0.216125,2.726375,0.000000000,0.000000000,0.000000,0.000000,"validation: 1 error(s): [VSCConverter/2/eta] eta must be in (0,1] (got 1.040955);"
GC-12.47-1-ACDC,invalid_converter_efficiency,7,VSCConverter/1/eta,1.132690,0,1,0,1,1,1,1,1,1,0.000000000010,0,0.000000000000,0.078042,0.100708,0.207709,2.712833,0.000000000,0.000000000,0.000000,0.000000,"validation: 1 error(s): [VSCConverter/1/eta] eta must be in (0,1] (got 1.132690);"
GC-12.47-1-ACDC,invalid_converter_efficiency,8,VSCConverter/1/eta,1.142077,0,1,0,1,1,1,1,1,1,0.000000000010,0,0.000000000000,0.072958,0.116500,0.219459,3.228291,0.000000000,0.000000000,0.000000,0.000000,"validation: 1 error(s): [VSCConverter/1/eta] eta must be in (0,1] (got 1.142077);"
GC-12.47-1-ACDC,invalid_converter_efficiency,9,VSCConverter/1/eta,1.153482,0,1,0,1,1,1,1,1,1,0.000000000010,0,0.000000000000,0.089708,0.122500,0.246333,2.885375,0.000000000,0.000000000,0.000000,0.000000,"validation: 1 error(s): [VSCConverter/1/eta] eta must be in (0,1] (got 1.153482);"
GC-12.47-1-ACDC,invalid_converter_efficiency,10,VSCConverter/1/eta,1.110028,0,1,0,1,1,1,1,1,1,0.000000000010,0,0.000000000000,0.089292,0.117958,0.271792,3.546416,0.000000000,0.000000000,0.000000,0.000000,"validation: 1 error(s): [VSCConverter/1/eta] eta must be in (0,1] (got 1.110028);"
GC-12.47-1-ACDC,invalid_converter_efficiency,11,VSCConverter/2/eta,1.102797,0,1,0,1,1,1,1,1,1,0.000000000010,0,0.000000000000,0.092958,0.111625,0.216834,2.574875,0.000000000,0.000000000,0.000000,0.000000,"validation: 1 error(s): [VSCConverter/2/eta] eta must be in (0,1] (got 1.102797);"
GC-12.47-1-ACDC,invalid_converter_efficiency,12,VSCConverter/2/eta,1.147413,0,1,0,1,1,1,1,1,1,0.000000000010,0,0.000000000000,0.070833,0.095166,0.201042,2.806292,0.000000000,0.000000000,0.000000,0.000000,"validation: 1 error(s): [VSCConverter/2/eta] eta must be in (0,1] (got 1.147413);"
GC-12.47-1-ACDC,invalid_converter_efficiency,13,VSCConverter/1/eta,1.165701,0,1,0,1,1,1,1,1,1,0.000000000010,0,0.000000000000,0.079875,0.099625,0.207750,2.541333,0.000000000,0.000000000,0.000000,0.000000,"validation: 1 error(s): [VSCConverter/1/eta] eta must be in (0,1] (got 1.165701);"
GC-12.47-1-ACDC,invalid_converter_efficiency,14,VSCConverter/1/eta,1.186545,0,1,0,1,1,1,1,1,1,0.000000000010,0,0.000000000000,0.069458,0.094791,0.199209,2.757500,0.000000000,0.000000000,0.000000,0.000000,"validation: 1 error(s): [VSCConverter/1/eta] eta must be in (0,1] (got 1.186545);"
GC-12.47-1-ACDC,invalid_converter_efficiency,15,VSCConverter/1/eta,1.109207,0,1,0,1,1,1,1,1,1,0.000000000010,0,0.000000000000,0.087542,0.117375,0.205250,2.641583,0.000000000,0.000000000,0.000000,0.000000,"validation: 1 error(s): [VSCConverter/1/eta] eta must be in (0,1] (got 1.109207);"
GC-12.47-1-ACDC,invalid_converter_efficiency,16,VSCConverter/1/eta,1.139511,0,1,0,1,1,1,1,1,1,0.000000000010,0,0.000000000000,0.067959,0.092500,0.210792,2.693292,0.000000000,0.000000000,0.000000,0.000000,"validation: 1 error(s): [VSCConverter/1/eta] eta must be in (0,1] (got 1.139511);"
GC-12.47-1-ACDC,invalid_converter_efficiency,17,VSCConverter/2/eta,1.116146,0,1,0,1,1,1,1,1,1,0.000000000010,0,0.000000000000,0.067458,0.096041,0.220792,2.783417,0.000000000,0.000000000,0.000000,0.000000,"validation: 1 error(s): [VSCConverter/2/eta] eta must be in (0,1] (got 1.116146);"
GC-12.47-1-ACDC,invalid_converter_efficiency,18,VSCConverter/2/eta,1.066896,0,1,0,1,1,1,1,1,1,0.000000000010,0,0.000000000000,0.082334,0.105583,0.206209,2.784958,0.000000000,0.000000000,0.000000,0.000000,"validation: 1 error(s): [VSCConverter/2/eta] eta must be in (0,1] (got 1.066896);"
GC-12.47-1-ACDC,invalid_converter_efficiency,19,VSCConverter/2/eta,1.034339,0,1,0,1,1,1,1,1,1,0.000000000010,0,0.000000000000,0.081625,0.122667,0.238542,3.046584,0.000000000,0.000000000,0.000000,0.000000,"validation: 1 error(s): [VSCConverter/2/eta] eta must be in (0,1] (got 1.034339);"
GC-12.47-1-ACDC,invalid_converter_efficiency,20,VSCConverter/1/eta,1.164199,0,1,0,1,1,1,1,1,1,0.000000000010,0,0.000000000000,0.118542,0.120167,0.253041,2.698292,0.000000000,0.000000000,0.000000,0.000000,"validation: 1 error(s): [VSCConverter/1/eta] eta must be in (0,1] (got 1.164199);"
GC-12.47-1-ACDC,invalid_converter_efficiency,21,VSCConverter/2/eta,1.136067,0,1,0,1,1,1,1,1,1,0.000000000010,0,0.000000000000,0.073250,0.097292,0.204625,2.720791,0.000000000,0.000000000,0.000000,0.000000,"validation: 1 error(s): [VSCConverter/2/eta] eta must be in (0,1] (got 1.136067);"
GC-12.47-1-ACDC,invalid_converter_efficiency,22,VSCConverter/2/eta,1.124244,0,1,0,1,1,1,1,1,1,0.000000000010,0,0.000000000000,0.071417,0.101833,0.209542,2.633834,0.000000000,0.000000000,0.000000,0.000000,"validation: 1 error(s): [VSCConverter/2/eta] eta must be in (0,1] (got 1.124244);"
GC-12.47-1-ACDC,invalid_converter_efficiency,23,VSCConverter/2/eta,1.177714,0,1,0,1,1,1,1,1,1,0.000000000010,0,0.000000000000,0.083291,0.115625,0.214084,2.738917,0.000000000,0.000000000,0.000000,0.000000,"validation: 1 error(s): [VSCConverter/2/eta] eta must be in (0,1] (got 1.177714);"
GC-12.47-1-ACDC,invalid_converter_efficiency,24,VSCConverter/1/eta,1.124636,0,1,0,1,1,1,1,1,1,0.000000000010,0,0.000000000000,0.076125,0.095792,0.219583,2.786042,0.000000000,0.000000000,0.000000,0.000000,"validation: 1 error(s): [VSCConverter/1/eta] eta must be in (0,1] (got 1.124636);"
GC-12.47-1-ACDC,duplicate_ac_bus_identity,0,ACBus/24/index,0.000000,0,1,0,1,1,1,1,1,1,0.000000000011,0,0.000000000000,0.071792,0.152208,0.245666,3.019584,0.000000000,0.000000000,0.000000,0.000000,"validation: 3 error(s), 1 warning(s): [ACBus/24/index] Duplicate AC bus index 24; [ACBranch/4/from_bus] from_bus 9 not found; [ACBranch/5/to_bus] to_bus 9 not found; [ACSystem/connectivity] AC island 1 (1 buses) contains no slack bus;"
GC-12.47-1-ACDC,duplicate_ac_bus_identity,1,ACBus/1/index,0.000000,0,1,0,1,1,1,1,1,1,0.000000000009,0,0.000000000000,0.086458,0.138042,0.269625,2.575541,0.000000000,0.000000000,0.000000,0.000000,"validation: 4 error(s), 3 warning(s): [ACBus/1/index] Duplicate AC bus index 1; [ACBranch/16/from_bus] from_bus 15 not found; [ACBranch/17/to_bus] to_bus 15 not found; [Switch/2/bus_from] bus_from 15 not found in AC; [ACSystem/connectivity] AC island 0 (1 buses) contains no slack bus; [ACSystem/connectivity] AC island 2 (3 buses) contains no slack bus; [ACSystem/connectivity] AC island 3 (4 buses) contains no slack bus;"
GC-12.47-1-ACDC,duplicate_ac_bus_identity,2,ACBus/28/index,0.000000,0,1,0,1,1,1,1,1,1,0.000000000036,0,0.000000000000,0.081167,0.140833,0.245125,2.447542,0.000000000,0.000000000,0.000000,0.000000,"validation: 3 error(s), 2 warning(s): [ACBus/28/index] Duplicate AC bus index 28; [ACBranch/19/to_bus] to_bus 23 not found; [Switch/10/bus_from] bus_from 23 not found in AC; [ACSystem/connectivity] AC island 1 (11 buses) contains no slack bus; [ACSystem/connectivity] AC island 2 (1 buses) contains no slack bus;"
GC-12.47-1-ACDC,duplicate_ac_bus_identity,3,ACBus/2/index,0.000000,0,1,0,1,1,1,1,1,1,0.000000000013,0,0.000000000000,0.070875,0.137000,0.241625,2.545625,0.000000000,0.000000000,0.000000,0.000000,"validation: 3 error(s), 1 warning(s): [ACBus/2/index] Duplicate AC bus index 2; [ACBranch/13/from_bus] from_bus 6 not found; [ACBranch/14/to_bus] to_bus 6 not found; [ACSystem/connectivity] AC island 1 (1 buses) contains no slack bus;"
GC-12.47-1-ACDC,duplicate_ac_bus_identity,4,ACBus/17/index,0.000000,0,1,0,1,1,1,1,1,1,0.000000000008,0,0.000000000000,0.072667,0.138417,0.250833,2.577166,0.000000000,0.000000000,0.000000,0.000000,"validation: 3 error(s), 2 warning(s): [ACBus/17/index] Duplicate AC bus index 17; [ACBranch/7/from_bus] from_bus 27 not found; [Switch/7/bus_to] bus_to 27 not found in AC; [ACSystem/connectivity] AC island 1 (2 buses) contains no slack bus; [ACSystem/connectivity] AC island 2 (1 buses) contains no slack bus;"
GC-12.47-1-ACDC,duplicate_ac_bus_identity,5,ACBus/12/index,0.000000,0,1,0,1,1,1,1,1,1,0.000000000036,0,0.000000000000,0.081292,0.138750,0.247708,2.675833,0.000000000,0.000000000,0.000000,0.000000,"validation: 3 error(s), 2 warning(s): [ACBus/12/index] Duplicate AC bus index 12; [ACBranch/19/to_bus] to_bus 23 not found; [Switch/10/bus_from] bus_from 23 not found in AC; [ACSystem/connectivity] AC island 1 (11 buses) contains no slack bus; [ACSystem/connectivity] AC island 2 (1 buses) contains no slack bus;"
GC-12.47-1-ACDC,duplicate_ac_bus_identity,6,ACBus/30/index,0.000000,0,1,0,1,1,1,1,1,1,0.000000000015,0,0.000000000000,0.079792,0.143459,0.260167,2.721584,0.000000000,0.000000000,0.000000,0.000000,"validation: 3 error(s), 1 warning(s): [ACBus/30/index] Duplicate AC bus index 30; [ACBranch/5/from_bus] from_bus 8 not found; [ACBranch/12/to_bus] to_bus 8 not found; [ACSystem/connectivity] AC island 1 (1 buses) contains no slack bus;"
GC-12.47-1-ACDC,duplicate_ac_bus_identity,7,ACBus/32/index,0.000000,0,1,0,1,1,1,1,1,1,0.000000000010,0,0.000000000000,0.080791,0.142875,0.243542,2.762083,0.000000000,0.000000000,0.000000,0.000000,"validation: 3 error(s), 1 warning(s): [ACBus/32/index] Duplicate AC bus index 32; [ACBranch/4/to_bus] to_bus 10 not found; [ACBranch/6/from_bus] from_bus 10 not found; [ACSystem/connectivity] AC island 1 (1 buses) contains no slack bus;"
GC-12.47-1-ACDC,duplicate_ac_bus_identity,8,ACBus/25/index,0.000000,0,1,0,1,1,1,1,1,1,0.000000000077,0,0.000000000000,0.088333,0.123209,0.241042,3.189667,0.000000000,0.000000000,0.000000,0.000000,"validation: 3 error(s), 1 warning(s): [ACBus/25/index] Duplicate AC bus index 25; [Switch/1/bus_to] bus_to 4 not found in AC; [Switch/5/bus_from] bus_from 4 not found in AC; [ACSystem/connectivity] AC island 1 (1 buses) contains no slack bus;"
GC-12.47-1-ACDC,duplicate_ac_bus_identity,9,ACBus/21/index,0.000000,0,1,0,1,1,1,1,1,1,0.000000000148,0,0.000000000000,0.091959,0.148625,0.277250,2.984208,0.000000000,0.000000000,0.000000,0.000000,"validation: 3 error(s), 2 warning(s): [ACBus/21/index] Duplicate AC bus index 21; [ACBranch/8/to_bus] to_bus 18 not found; [Switch/9/bus_from] bus_from 18 not found in AC; [ACSystem/connectivity] AC island 1 (9 buses) contains no slack bus; [ACSystem/connectivity] AC island 2 (1 buses) contains no slack bus;"
GC-12.47-1-ACDC,duplicate_ac_bus_identity,10,ACBus/9/index,0.000000,0,1,0,1,1,1,1,1,1,0.000000000010,0,0.000000000000,0.075958,0.148417,0.263875,3.096375,0.000000000,0.000000000,0.000000,0.000000,"validation: 3 error(s), 1 warning(s): [ACBus/9/index] Duplicate AC bus index 9; [ACBranch/4/to_bus] to_bus 10 not found; [ACBranch/6/from_bus] from_bus 10 not found; [ACSystem/connectivity] AC island 1 (1 buses) contains no slack bus;"
GC-12.47-1-ACDC,duplicate_ac_bus_identity,11,ACBus/10/index,0.000000,0,1,1,1,1,1,1,1,0,0.000000000000,0,0.000000000000,0.097833,0.166625,0.301833,0.004416,0.000000000,0.000000000,0.000000,0.000000,"validation: 5 error(s), 2 warning(s): [ACBus/10/index] Duplicate AC bus index 10; [Generator/1/bus] bus 32 not found in AC; [Switch/1/bus_from] bus_from 32 not found in AC; [ACSystem] 2 slack buses found; distributed-slack is recommended; [ACBus/10/bus_type] AC slack bus 10 has no in-service balancing device. Add an external grid, generator, grid-forming controllable storage, or an AC grid-forming VSC before assigning SLACK.; [VSCConverter/2/bus_ac] bus_ac 32 not found; [ACSystem/connectivity] AC island 1 (1 buses) contains no slack bus;"
GC-12.47-1-ACDC,duplicate_ac_bus_identity,12,ACBus/14/index,0.000000,0,1,0,1,1,1,1,1,1,0.000000000097,0,0.000000000000,0.091375,0.151209,0.289042,3.024459,0.000000000,0.000000000,0.000000,0.000000,"validation: 3 error(s), 2 warning(s): [ACBus/14/index] Duplicate AC bus index 14; [ACBranch/11/from_bus] from_bus 16 not found; [Switch/2/bus_to] bus_to 16 not found in AC; [ACSystem/connectivity] AC island 1 (2 buses) contains no slack bus; [ACSystem/connectivity] AC island 2 (1 buses) contains no slack bus;"
GC-12.47-1-ACDC,duplicate_ac_bus_identity,13,ACBus/3/index,0.000000,0,1,0,1,1,1,1,1,1,0.000000000036,0,0.000000000000,0.079750,0.130750,0.242500,2.354333,0.000000000,0.000000000,0.000000,0.000000,"validation: 3 error(s), 2 warning(s): [ACBus/3/index] Duplicate AC bus index 3; [ACBranch/19/to_bus] to_bus 23 not found; [Switch/10/bus_from] bus_from 23 not found in AC; [ACSystem/connectivity] AC island 1 (1 buses) contains no slack bus; [ACSystem/connectivity] AC island 2 (11 buses) contains no slack bus;"
GC-12.47-1-ACDC,duplicate_ac_bus_identity,14,ACBus/19/index,0.000000,0,1,1,1,1,1,1,1,0,0.000000000000,0,0.000000000000,0.064000,0.132250,0.231292,0.000000,0.000000000,0.000000000,0.000000,0.000000,"validation: 3 error(s), 1 warning(s): [ACBus/19/index] Duplicate AC bus index 19; [ACBranch/18/from_bus] from_bus 24 not found; [Switch/6/bus_to] bus_to 24 not found in AC; [ACSystem/connectivity] AC island 1 (1 buses) contains no slack bus;; solve: AC island 0 has no terminal SLACK and no GFM Norton internal-voltage reference; the absolute voltage angle is unanchored"
GC-12.47-1-ACDC,duplicate_ac_bus_identity,15,ACBus/8/index,0.000000,0,1,1,1,1,1,1,1,0,0.000000000000,0,0.000000000000,0.065875,0.123542,0.226583,0.003042,0.000000000,0.000000000,0.000000,0.000000,"validation: 5 error(s), 2 warning(s): [ACBus/8/index] Duplicate AC bus index 8; [Generator/1/bus] bus 32 not found in AC; [Switch/1/bus_from] bus_from 32 not found in AC; [ACSystem] 2 slack buses found; distributed-slack is recommended; [ACBus/8/bus_type] AC slack bus 8 has no in-service balancing device. Add an external grid, generator, grid-forming controllable storage, or an AC grid-forming VSC before assigning SLACK.; [VSCConverter/2/bus_ac] bus_ac 32 not found; [ACSystem/connectivity] AC island 1 (1 buses) contains no slack bus;"
GC-12.47-1-ACDC,duplicate_ac_bus_identity,16,ACBus/20/index,0.000000,0,1,0,1,1,1,1,1,1,0.000000000036,0,0.000000000000,0.072000,0.126166,0.251959,2.439792,0.000000000,0.000000000,0.000000,0.000000,"validation: 3 error(s), 2 warning(s): [ACBus/20/index] Duplicate AC bus index 20; [ACBranch/19/to_bus] to_bus 23 not found; [Switch/10/bus_from] bus_from 23 not found in AC; [ACSystem/connectivity] AC island 1 (11 buses) contains no slack bus; [ACSystem/connectivity] AC island 2 (1 buses) contains no slack bus;"
GC-12.47-1-ACDC,duplicate_ac_bus_identity,17,ACBus/23/index,0.000000,0,1,0,1,1,1,1,1,1,0.000000000011,0,0.000000000000,0.069125,0.137250,0.248000,2.548125,0.000000000,0.000000000,0.000000,0.000000,"validation: 3 error(s), 1 warning(s): [ACBus/23/index] Duplicate AC bus index 23; [ACBranch/4/from_bus] from_bus 9 not found; [ACBranch/5/to_bus] to_bus 9 not found; [ACSystem/connectivity] AC island 1 (1 buses) contains no slack bus;"
GC-12.47-1-ACDC,duplicate_ac_bus_identity,18,ACBus/8/index,0.000000,0,1,0,1,1,1,1,1,1,0.000000000005,0,0.000000000000,0.073542,0.138750,0.245333,2.678125,0.000000000,0.000000000,0.000000,0.000000,"validation: 4 error(s), 2 warning(s): [ACBus/8/index] Duplicate AC bus index 8; [ACBranch/12/from_bus] from_bus 7 not found; [ACBranch/13/to_bus] to_bus 7 not found; [ACBranch/15/from_bus] from_bus 7 not found; [ACSystem/connectivity] AC island 1 (1 buses) contains no slack bus; [ACSystem/connectivity] AC island 2 (1 buses) contains no slack bus;"
GC-12.47-1-ACDC,duplicate_ac_bus_identity,19,ACBus/20/index,0.000000,0,1,0,1,1,1,1,1,1,0.000000000054,0,0.000000000000,0.089833,0.129583,0.250584,2.779375,0.000000000,0.000000000,0.000000,0.000000,"validation: 3 error(s), 2 warning(s): [ACBus/20/index] Duplicate AC bus index 20; [ACBranch/11/from_bus] from_bus 16 not found; [Switch/2/bus_to] bus_to 16 not found in AC; [ACSystem/connectivity] AC island 1 (2 buses) contains no slack bus; [ACSystem/connectivity] AC island 2 (1 buses) contains no slack bus;"
GC-12.47-1-ACDC,duplicate_ac_bus_identity,20,ACBus/7/index,0.000000,0,1,0,1,1,1,1,1,1,0.000000000008,0,0.000000000000,0.071083,0.141125,0.246417,2.771084,0.000000000,0.000000000,0.000000,0.000000,"validation: 2 error(s), 1 warning(s): [ACBus/7/index] Duplicate AC bus index 7; [Switch/8/bus_to] bus_to 29 not found in AC; [ACSystem/connectivity] AC island 1 (1 buses) contains no slack bus;"
GC-12.47-1-ACDC,duplicate_ac_bus_identity,21,ACBus/14/index,0.000000,0,1,0,1,1,1,1,1,1,0.000000000005,0,0.000000000000,0.074708,0.126500,0.287833,2.756333,0.000000000,0.000000000,0.000000,0.000000,"validation: 4 error(s), 2 warning(s): [ACBus/14/index] Duplicate AC bus index 14; [ACBranch/12/from_bus] from_bus 7 not found; [ACBranch/13/to_bus] to_bus 7 not found; [ACBranch/15/from_bus] from_bus 7 not found; [ACSystem/connectivity] AC island 1 (1 buses) contains no slack bus; [ACSystem/connectivity] AC island 2 (1 buses) contains no slack bus;"
GC-12.47-1-ACDC,duplicate_ac_bus_identity,22,ACBus/28/index,0.000000,0,1,0,1,1,1,1,1,1,0.000000000152,0,0.000000000000,0.072875,0.132208,0.259500,2.981250,0.000000000,0.000000000,0.000000,0.000000,"validation: 5 error(s), 3 warning(s): [ACBus/28/index] Duplicate AC bus index 28; [ACBranch/18/to_bus] to_bus 20 not found; [ACBranch/19/from_bus] from_bus 20 not found; [Switch/3/bus_from] bus_from 20 not found in AC; [Switch/4/bus_from] bus_from 20 not found in AC; [ACSystem/connectivity] AC island 1 (3 buses) contains no slack bus; [ACSystem/connectivity] AC island 2 (12 buses) contains no slack bus; [ACSystem/connectivity] AC island 3 (1 buses) contains no slack bus;"
GC-12.47-1-ACDC,duplicate_ac_bus_identity,23,ACBus/11/index,0.000000,0,1,0,1,1,1,1,1,1,0.000000000045,0,0.000000000000,0.080375,0.142833,0.292458,2.970458,0.000000000,0.000000000,0.000000,0.000000,"validation: 5 error(s), 3 warning(s): [ACBus/11/index] Duplicate AC bus index 11; [ACBranch/18/to_bus] to_bus 20 not found; [ACBranch/19/from_bus] from_bus 20 not found; [Switch/3/bus_from] bus_from 20 not found in AC; [Switch/4/bus_from] bus_from 20 not found in AC; [ACSystem/connectivity] AC island 1 (3 buses) contains no slack bus; [ACSystem/connectivity] AC island 2 (12 buses) contains no slack bus; [ACSystem/connectivity] AC island 3 (1 buses) contains no slack bus;"
GC-12.47-1-ACDC,duplicate_ac_bus_identity,24,ACBus/30/index,0.000000,0,1,0,1,1,1,1,1,1,0.000000000042,0,0.000000000000,0.098666,0.146917,0.261584,2.761375,0.000000000,0.000000000,0.000000,0.000000,"validation: 3 error(s), 2 warning(s): [ACBus/30/index] Duplicate AC bus index 30; [ACBranch/7/to_bus] to_bus 14 not found; [Switch/8/bus_from] bus_from 14 not found in AC; [ACSystem/connectivity] AC island 1 (1 buses) contains no slack bus; [ACSystem/connectivity] AC island 2 (1 buses) contains no slack bus;"
GC-12.47-1-ACDC,plausible_load_error,0,Load/1/load,0.837624,1,0,0,0,0,0,0,1,1,0.000000000009,0,0.000000000000,0.084000,0.098916,0.204250,2.686083,0.000222654,0.000000000,0.289370,0.000000,
GC-12.47-1-ACDC,plausible_load_error,1,Load/3/load,1.295265,1,0,0,0,0,0,0,1,1,0.000000000008,0,0.000000000000,0.067666,0.096083,0.219542,2.652333,0.000402369,0.000000000,0.526453,0.000000,
GC-12.47-1-ACDC,plausible_load_error,2,Load/1/load,0.760586,1,0,0,0,0,0,0,1,1,0.000000000007,0,0.000000000000,0.084000,0.092959,0.208750,2.714333,0.000328253,0.000000000,0.426620,0.000000,
GC-12.47-1-ACDC,plausible_load_error,3,Load/1/load,1.107953,1,0,0,0,0,0,0,1,1,0.000000000011,0,0.000000000000,0.067375,0.099208,0.213375,2.731209,0.000148084,0.000000000,0.192442,0.000000,
GC-12.47-1-ACDC,plausible_load_error,4,Load/1/load,0.707753,1,0,0,0,0,0,0,1,1,0.000000000008,0,0.000000000000,0.076125,0.105708,0.199500,2.690834,0.000400661,0.000000000,0.520734,0.000000,
GC-12.47-1-ACDC,plausible_load_error,5,Load/1/load,1.012932,1,0,0,0,0,0,0,1,1,0.000000000011,0,0.000000000000,0.074084,0.101458,0.199375,2.692875,0.000017738,0.000000000,0.023051,0.000000,
GC-12.47-1-ACDC,plausible_load_error,6,Load/3/load,0.725037,1,0,0,0,0,0,0,1,1,0.000000000012,0,0.000000000000,0.074250,0.092834,0.207667,2.683958,0.000374396,0.000000000,0.489941,0.000000,
GC-12.47-1-ACDC,plausible_load_error,7,Load/3/load,0.728879,1,0,0,0,0,0,0,1,1,0.000000000008,0,0.000000000000,0.070125,0.097000,0.232208,2.687541,0.000369168,0.000000000,0.483098,0.000000,
GC-12.47-1-ACDC,plausible_load_error,8,Load/1/load,0.897215,1,0,0,0,0,0,0,1,1,0.000000000019,0,0.000000000000,0.066583,0.101792,0.215834,2.719750,0.000140953,0.000000000,0.183185,0.000000,
GC-12.47-1-ACDC,plausible_load_error,9,Load/3/load,1.098726,1,0,0,0,0,0,0,1,1,0.000000000006,0,0.000000000000,0.085792,0.102708,0.227375,2.678292,0.000134499,0.000000000,0.175987,0.000000,
GC-12.47-1-ACDC,plausible_load_error,10,Load/2/load,0.902443,1,0,0,0,0,0,0,1,1,0.000000000007,0,0.000000000000,0.070541,0.094541,0.198708,2.516708,0.000133667,0.000000000,0.173875,0.000000,
GC-12.47-1-ACDC,plausible_load_error,11,Load/3/load,0.976118,1,0,0,0,0,0,0,1,1,0.000000000010,0,0.000000000000,0.068166,0.093917,0.213167,2.670667,0.000032529,0.000000000,0.042565,0.000000,
GC-12.47-1-ACDC,plausible_load_error,12,Load/3/load,0.865787,1,0,0,0,0,0,0,1,1,0.000000000012,0,0.000000000000,0.075167,0.103708,0.207209,2.647750,0.000182784,0.000000000,0.239184,0.000000,
GC-12.47-1-ACDC,plausible_load_error,13,Load/1/load,0.851638,1,0,0,0,0,0,0,1,1,0.000000000011,0,0.000000000000,0.074709,0.103709,0.198500,2.785834,0.000203441,0.000000000,0.264399,0.000000,
GC-12.47-1-ACDC,plausible_load_error,14,Load/3/load,0.848782,1,0,0,0,0,0,0,1,1,0.000000000010,0,0.000000000000,0.070333,0.096125,0.199833,3.253916,0.000205939,0.000000000,0.269484,0.000000,
GC-12.47-1-ACDC,plausible_load_error,15,Load/2/load,0.964330,1,0,0,0,0,0,0,1,1,0.000000000008,0,0.000000000000,0.094708,0.114500,0.212875,2.656000,0.000048877,0.000000000,0.063579,0.000000,
GC-12.47-1-ACDC,plausible_load_error,16,Load/3/load,1.104684,1,0,0,0,0,0,0,1,1,0.000000000007,0,0.000000000000,0.069750,0.111917,0.200125,2.533500,0.000142618,0.000000000,0.186610,0.000000,
GC-12.47-1-ACDC,plausible_load_error,17,Load/3/load,1.245576,1,0,0,0,0,0,0,1,1,0.000000000008,0,0.000000000000,0.082833,0.101292,0.214917,2.558958,0.000334632,0.000000000,0.437834,0.000000,
GC-12.47-1-ACDC,plausible_load_error,18,Load/1/load,1.171395,1,0,0,0,0,0,0,1,1,0.000000000012,0,0.000000000000,0.067834,0.103916,0.216500,2.986875,0.000235132,0.000000000,0.305559,0.000000,
GC-12.47-1-ACDC,plausible_load_error,19,Load/2/load,0.760197,1,0,0,0,0,0,0,1,1,0.000000000005,0,0.000000000000,0.089042,0.120625,0.215541,2.829708,0.000328498,0.000000000,0.427329,0.000000,
GC-12.47-1-ACDC,plausible_load_error,20,Load/3/load,0.978822,1,0,0,0,0,0,0,1,1,0.000000000016,0,0.000000000000,0.087125,0.116500,0.242167,2.792083,0.000028847,0.000000000,0.037747,0.000000,
GC-12.47-1-ACDC,plausible_load_error,21,Load/1/load,0.912288,1,0,0,0,0,0,0,1,1,0.000000000010,0,0.000000000000,0.069917,0.093167,0.196875,2.669125,0.000120285,0.000000000,0.156324,0.000000,
GC-12.47-1-ACDC,plausible_load_error,22,Load/2/load,0.964473,1,0,0,0,0,0,0,1,1,0.000000000008,0,0.000000000000,0.067791,0.093834,0.211875,2.676833,0.000048681,0.000000000,0.063324,0.000000,
GC-12.47-1-ACDC,plausible_load_error,23,Load/3/load,1.139509,1,0,0,0,0,0,0,1,1,0.000000000011,0,0.000000000000,0.066416,0.101834,0.215583,2.668209,0.000190071,0.000000000,0.248698,0.000000,
GC-12.47-1-ACDC,plausible_load_error,24,Load/2/load,1.225408,1,0,0,0,0,0,0,1,1,0.000000000009,0,0.000000000000,0.072292,0.103375,0.212792,2.820042,0.000308984,0.000000000,0.401892,0.000000,
GC-12.47-1-ACDC,plausible_converter_setpoint_error,0,VSCConverter/1/p_set_mw,0.026876,1,0,0,0,0,0,0,1,1,0.000000000011,0,0.000000000000,0.095917,0.128584,0.229875,2.584083,0.000012667,0.000053250,0.026973,0.027145,
GC-12.47-1-ACDC,plausible_converter_setpoint_error,1,VSCConverter/1/p_set_mw,-0.031912,1,0,0,0,0,0,0,1,1,0.000000000011,0,0.000000000000,0.068917,0.094583,0.198208,2.557708,0.000015041,0.000063221,0.032028,0.032231,
GC-12.47-1-ACDC,plausible_converter_setpoint_error,2,VSCConverter/1/p_set_mw,-0.026947,1,0,0,0,0,0,0,1,1,0.000000000008,0,0.000000000000,0.075458,0.105750,0.232750,2.608708,0.000012701,0.000053385,0.027045,0.027217,
GC-12.47-1-ACDC,plausible_converter_setpoint_error,3,VSCConverter/1/p_set_mw,-0.008766,1,0,0,0,0,0,0,1,1,0.000000000012,0,0.000000000000,0.074791,0.100125,0.197416,2.640500,0.000004131,0.000017366,0.008797,0.008853,
GC-12.47-1-ACDC,plausible_converter_setpoint_error,4,VSCConverter/1/p_set_mw,0.030051,1,0,0,0,0,0,0,1,1,0.000000000011,0,0.000000000000,0.074667,0.099000,0.215209,2.667083,0.000014163,0.000059541,0.030160,0.030352,
GC-12.47-1-ACDC,plausible_converter_setpoint_error,5,VSCConverter/1/p_set_mw,0.017018,1,0,0,0,0,0,0,1,1,0.000000000008,0,0.000000000000,0.071750,0.092791,0.211583,2.770375,0.000008021,0.000033716,0.017079,0.017188,
GC-12.47-1-ACDC,plausible_converter_setpoint_error,6,VSCConverter/1/p_set_mw,0.027812,1,0,0,0,0,0,0,1,1,0.000000000010,0,0.000000000000,0.068792,0.096833,0.216375,2.666667,0.000013108,0.000055105,0.027912,0.028090,
GC-12.47-1-ACDC,plausible_converter_setpoint_error,7,VSCConverter/1/p_set_mw,0.020785,1,0,0,0,0,0,0,1,1,0.000000000013,0,0.000000000000,0.074625,0.103541,0.210791,2.695416,0.000009796,0.000041181,0.020860,0.020993,
GC-12.47-1-ACDC,plausible_converter_setpoint_error,8,VSCConverter/1/p_set_mw,-0.010930,1,0,0,0,0,0,0,1,1,0.000000000011,0,0.000000000000,0.074417,0.107792,0.201583,2.704375,0.000005151,0.000021654,0.010969,0.011039,
GC-12.47-1-ACDC,plausible_converter_setpoint_error,9,VSCConverter/1/p_set_mw,0.026625,1,0,0,0,0,0,0,1,1,0.000000000009,0,0.000000000000,0.074417,0.101833,0.200250,2.684125,0.000012549,0.000052753,0.026721,0.026892,
GC-12.47-1-ACDC,plausible_converter_setpoint_error,10,VSCConverter/1/p_set_mw,0.031604,1,0,0,0,0,0,0,1,1,0.000000000008,0,0.000000000000,0.074292,0.094083,0.207958,2.782750,0.000014895,0.000062619,0.031718,0.031921,
GC-12.47-1-ACDC,plausible_converter_setpoint_error,11,VSCConverter/1/p_set_mw,0.016004,1,0,0,0,0,0,0,1,1,0.000000000010,0,0.000000000000,0.067834,0.102625,0.215792,2.678042,0.000007543,0.000031708,0.016062,0.016164,
GC-12.47-1-ACDC,plausible_converter_setpoint_error,12,VSCConverter/1/p_set_mw,-0.008787,1,0,0,0,0,0,0,1,1,0.000000000015,0,0.000000000000,0.073584,0.103375,0.211375,2.678375,0.000004141,0.000017408,0.008819,0.008875,
GC-12.47-1-ACDC,plausible_converter_setpoint_error,13,VSCConverter/1/p_set_mw,0.021551,1,0,0,0,0,0,0,1,1,0.000000000008,0,0.000000000000,0.074292,0.103167,0.203250,2.671209,0.000010157,0.000042698,0.021628,0.021766,
GC-12.47-1-ACDC,plausible_converter_setpoint_error,14,VSCConverter/1/p_set_mw,-0.008630,1,0,0,0,0,0,0,1,1,0.000000000010,0,0.000000000000,0.074417,0.103667,0.198208,2.718625,0.000004068,0.000017098,0.008662,0.008717,
GC-12.47-1-ACDC,plausible_converter_setpoint_error,15,VSCConverter/1/p_set_mw,0.026786,1,0,0,0,0,0,0,1,1,0.000000000008,0,0.000000000000,0.083583,0.103750,0.205584,2.732042,0.000012624,0.000053071,0.026882,0.027054,
GC-12.47-1-ACDC,plausible_converter_setpoint_error,16,VSCConverter/1/p_set_mw,-0.010406,1,0,0,0,0,0,0,1,1,0.000000000005,0,0.000000000000,0.066584,0.094291,0.215750,2.717292,0.000004905,0.000020617,0.010444,0.010510,
GC-12.47-1-ACDC,plausible_converter_setpoint_error,17,VSCConverter/1/p_set_mw,-0.031554,1,0,0,0,0,0,0,1,1,0.000000000011,0,0.000000000000,0.076834,0.103084,0.205375,3.030875,0.000014872,0.000062512,0.031669,0.031870,
GC-12.47-1-ACDC,plausible_converter_setpoint_error,18,VSCConverter/1/p_set_mw,-0.012071,1,0,0,0,0,0,0,1,1,0.000000000018,0,0.000000000000,0.085292,0.109667,0.236250,2.824959,0.000005689,0.000023914,0.012114,0.012191,
GC-12.47-1-ACDC,plausible_converter_setpoint_error,19,VSCConverter/1/p_set_mw,0.014120,1,0,0,0,0,0,0,1,1,0.000000000007,0,0.000000000000,0.085833,0.115958,0.233959,2.596208,0.000006655,0.000027976,0.014171,0.014261,
GC-12.47-1-ACDC,plausible_converter_setpoint_error,20,VSCConverter/1/p_set_mw,0.025072,1,0,0,0,0,0,0,1,1,0.000000000008,0,0.000000000000,0.075208,0.100834,0.197125,2.643292,0.000011816,0.000049674,0.025162,0.025322,
GC-12.47-1-ACDC,plausible_converter_setpoint_error,21,VSCConverter/1/p_set_mw,0.014208,1,0,0,0,0,0,0,1,1,0.000000000011,0,0.000000000000,0.075000,0.097167,0.198458,2.808000,0.000006697,0.000028151,0.014260,0.014350,
GC-12.47-1-ACDC,plausible_converter_setpoint_error,22,VSCConverter/1/p_set_mw,0.025995,1,0,0,0,0,0,0,1,1,0.000000000010,0,0.000000000000,0.068958,0.093083,0.215917,2.682625,0.000012252,0.000051504,0.026088,0.026255,
GC-12.47-1-ACDC,plausible_converter_setpoint_error,23,VSCConverter/1/p_set_mw,0.015701,1,0,0,0,0,0,0,1,1,0.000000000008,0,0.000000000000,0.072708,0.103250,0.230708,2.625166,0.000007400,0.000031109,0.015758,0.015859,
GC-12.47-1-ACDC,plausible_converter_setpoint_error,24,VSCConverter/1/p_set_mw,-0.007061,1,0,0,0,0,0,0,1,1,0.000000000010,0,0.000000000000,0.075750,0.100958,0.204166,2.534292,0.000003328,0.000013989,0.007086,0.007131,
R1-12.47-3-ACDC,valid_control,0,none,0.000000,1,0,0,0,0,0,0,1,1,0.000000000001,0,0.000000000000,0.158208,0.231792,0.434375,7.622584,0.000000000,0.000000000,0.000000,0.000000,
R1-12.47-3-ACDC,valid_control,1,none,0.000000,1,0,0,0,0,0,0,1,1,0.000000000001,0,0.000000000000,0.148958,0.237875,0.455417,7.558208,0.000000000,0.000000000,0.000000,0.000000,
R1-12.47-3-ACDC,valid_control,2,none,0.000000,1,0,0,0,0,0,0,1,1,0.000000000001,0,0.000000000000,0.172500,0.240750,0.469209,8.379667,0.000000000,0.000000000,0.000000,0.000000,
R1-12.47-3-ACDC,valid_control,3,none,0.000000,1,0,0,0,0,0,0,1,1,0.000000000001,0,0.000000000000,0.175875,0.259042,0.500541,7.552250,0.000000000,0.000000000,0.000000,0.000000,
R1-12.47-3-ACDC,valid_control,4,none,0.000000,1,0,0,0,0,0,0,1,1,0.000000000001,0,0.000000000000,0.161750,0.229667,0.440417,7.622292,0.000000000,0.000000000,0.000000,0.000000,
R1-12.47-3-ACDC,valid_control,5,none,0.000000,1,0,0,0,0,0,0,1,1,0.000000000001,0,0.000000000000,0.149875,0.227209,0.460041,8.178625,0.000000000,0.000000000,0.000000,0.000000,
R1-12.47-3-ACDC,valid_control,6,none,0.000000,1,0,0,0,0,0,0,1,1,0.000000000001,0,0.000000000000,0.172500,0.257375,0.485250,7.805791,0.000000000,0.000000000,0.000000,0.000000,
R1-12.47-3-ACDC,valid_control,7,none,0.000000,1,0,0,0,0,0,0,1,1,0.000000000001,0,0.000000000000,0.159459,0.219084,0.449291,7.644084,0.000000000,0.000000000,0.000000,0.000000,
R1-12.47-3-ACDC,valid_control,8,none,0.000000,1,0,0,0,0,0,0,1,1,0.000000000001,0,0.000000000000,0.153958,0.219000,0.474708,7.841917,0.000000000,0.000000000,0.000000,0.000000,
R1-12.47-3-ACDC,valid_control,9,none,0.000000,1,0,0,0,0,0,0,1,1,0.000000000001,0,0.000000000000,0.148375,0.236542,0.452417,7.491833,0.000000000,0.000000000,0.000000,0.000000,
R1-12.47-3-ACDC,valid_control,10,none,0.000000,1,0,0,0,0,0,0,1,1,0.000000000001,0,0.000000000000,0.155792,0.221167,0.464583,7.566000,0.000000000,0.000000000,0.000000,0.000000,
R1-12.47-3-ACDC,valid_control,11,none,0.000000,1,0,0,0,0,0,0,1,1,0.000000000001,0,0.000000000000,0.149792,0.220042,0.450083,7.724875,0.000000000,0.000000000,0.000000,0.000000,
R1-12.47-3-ACDC,valid_control,12,none,0.000000,1,0,0,0,0,0,0,1,1,0.000000000001,0,0.000000000000,0.142209,0.215417,0.446958,7.580542,0.000000000,0.000000000,0.000000,0.000000,
R1-12.47-3-ACDC,valid_control,13,none,0.000000,1,0,0,0,0,0,0,1,1,0.000000000001,0,0.000000000000,0.144750,0.230709,0.456375,7.778625,0.000000000,0.000000000,0.000000,0.000000,
R1-12.47-3-ACDC,valid_control,14,none,0.000000,1,0,0,0,0,0,0,1,1,0.000000000001,0,0.000000000000,0.152584,0.236917,0.456917,8.102416,0.000000000,0.000000000,0.000000,0.000000,
R1-12.47-3-ACDC,valid_control,15,none,0.000000,1,0,0,0,0,0,0,1,1,0.000000000001,0,0.000000000000,0.158417,0.237833,0.458500,8.152083,0.000000000,0.000000000,0.000000,0.000000,
R1-12.47-3-ACDC,valid_control,16,none,0.000000,1,0,0,0,0,0,0,1,1,0.000000000001,0,0.000000000000,0.156292,0.230792,0.459625,7.805458,0.000000000,0.000000000,0.000000,0.000000,
R1-12.47-3-ACDC,valid_control,17,none,0.000000,1,0,0,0,0,0,0,1,1,0.000000000001,0,0.000000000000,0.174125,0.270458,0.458083,7.824625,0.000000000,0.000000000,0.000000,0.000000,
R1-12.47-3-ACDC,valid_control,18,none,0.000000,1,0,0,0,0,0,0,1,1,0.000000000001,0,0.000000000000,0.155709,0.233000,0.463125,7.736333,0.000000000,0.000000000,0.000000,0.000000,
R1-12.47-3-ACDC,valid_control,19,none,0.000000,1,0,0,0,0,0,0,1,1,0.000000000001,0,0.000000000000,0.152000,0.228500,0.467875,7.977166,0.000000000,0.000000000,0.000000,0.000000,
R1-12.47-3-ACDC,valid_control,20,none,0.000000,1,0,0,0,0,0,0,1,1,0.000000000001,0,0.000000000000,0.157291,0.228792,0.460333,7.986959,0.000000000,0.000000000,0.000000,0.000000,
R1-12.47-3-ACDC,valid_control,21,none,0.000000,1,0,0,0,0,0,0,1,1,0.000000000001,0,0.000000000000,0.173750,0.236541,0.444709,7.473792,0.000000000,0.000000000,0.000000,0.000000,
R1-12.47-3-ACDC,valid_control,22,none,0.000000,1,0,0,0,0,0,0,1,1,0.000000000001,0,0.000000000000,0.184125,0.240459,0.451417,7.694417,0.000000000,0.000000000,0.000000,0.000000,
R1-12.47-3-ACDC,valid_control,23,none,0.000000,1,0,0,0,0,0,0,1,1,0.000000000001,0,0.000000000000,0.160667,0.230166,0.445750,7.439500,0.000000000,0.000000000,0.000000,0.000000,
R1-12.47-3-ACDC,valid_control,24,none,0.000000,1,0,0,0,0,0,0,1,1,0.000000000001,0,0.000000000000,0.147417,0.236291,0.454125,7.608625,0.000000000,0.000000000,0.000000,0.000000,
R1-12.47-3-ACDC,missing_vsc_ac_terminal,0,VSCConverter/1/bus_ac,0.000000,0,1,0,1,1,1,1,1,1,0.000000000001,0,0.000000000000,0.137792,0.221708,0.419250,7.308833,0.000000000,0.000000000,0.000000,0.000000,validation: 1 error(s): [VSCConverter/1/bus_ac] bus_ac 100482154 not found;
R1-12.47-3-ACDC,missing_vsc_ac_terminal,1,VSCConverter/2/bus_ac,0.000000,0,1,0,1,1,1,1,1,1,0.000000000001,0,0.000000000000,0.125208,0.222958,0.428916,7.584334,0.000000000,0.000000000,0.000000,0.000000,validation: 1 error(s): [VSCConverter/2/bus_ac] bus_ac 100188887 not found;
R1-12.47-3-ACDC,missing_vsc_ac_terminal,2,VSCConverter/2/bus_ac,0.000000,0,1,0,1,1,1,1,1,1,0.000000000001,0,0.000000000000,0.137042,0.209083,0.433250,7.525292,0.000000000,0.000000000,0.000000,0.000000,validation: 1 error(s): [VSCConverter/2/bus_ac] bus_ac 100287065 not found;
R1-12.47-3-ACDC,missing_vsc_ac_terminal,3,VSCConverter/1/bus_ac,0.000000,0,1,0,1,1,1,1,1,1,0.000000000001,0,0.000000000000,0.136083,0.226250,0.429041,7.631625,0.000000000,0.000000000,0.000000,0.000000,validation: 1 error(s): [VSCConverter/1/bus_ac] bus_ac 100823455 not found;
R1-12.47-3-ACDC,missing_vsc_ac_terminal,4,VSCConverter/1/bus_ac,0.000000,0,1,0,1,1,1,1,1,1,0.000000000001,0,0.000000000000,0.130583,0.230709,0.422500,7.637750,0.000000000,0.000000000,0.000000,0.000000,validation: 1 error(s): [VSCConverter/1/bus_ac] bus_ac 100082995 not found;
R1-12.47-3-ACDC,missing_vsc_ac_terminal,5,VSCConverter/2/bus_ac,0.000000,0,1,0,1,1,1,1,1,1,0.000000000001,0,0.000000000000,0.133334,0.225417,0.429250,7.678042,0.000000000,0.000000000,0.000000,0.000000,validation: 1 error(s): [VSCConverter/2/bus_ac] bus_ac 100375702 not found;
R1-12.47-3-ACDC,missing_vsc_ac_terminal,6,VSCConverter/1/bus_ac,0.000000,0,1,0,1,1,1,1,1,1,0.000000000001,0,0.000000000000,0.141083,0.222750,0.414333,7.354666,0.000000000,0.000000000,0.000000,0.000000,validation: 1 error(s): [VSCConverter/1/bus_ac] bus_ac 100500113 not found;
R1-12.47-3-ACDC,missing_vsc_ac_terminal,7,VSCConverter/2/bus_ac,0.000000,0,1,0,1,1,1,1,1,1,0.000000000001,0,0.000000000000,0.123916,0.233750,0.439167,7.580208,0.000000000,0.000000000,0.000000,0.000000,validation: 1 error(s): [VSCConverter/2/bus_ac] bus_ac 100504101 not found;
R1-12.47-3-ACDC,missing_vsc_ac_terminal,8,VSCConverter/1/bus_ac,0.000000,0,1,0,1,1,1,1,1,1,0.000000000001,0,0.000000000000,0.123833,0.227416,0.424042,7.622833,0.000000000,0.000000000,0.000000,0.000000,validation: 1 error(s): [VSCConverter/1/bus_ac] bus_ac 100630009 not found;
R1-12.47-3-ACDC,missing_vsc_ac_terminal,9,VSCConverter/2/bus_ac,0.000000,0,1,0,1,1,1,1,1,1,0.000000000001,0,0.000000000000,0.141167,0.224792,0.421542,7.672583,0.000000000,0.000000000,0.000000,0.000000,validation: 1 error(s): [VSCConverter/2/bus_ac] bus_ac 100049862 not found;
R1-12.47-3-ACDC,missing_vsc_ac_terminal,10,VSCConverter/1/bus_ac,0.000000,0,1,0,1,1,1,1,1,1,0.000000000001,0,0.000000000000,0.127042,0.222833,0.429459,7.603916,0.000000000,0.000000000,0.000000,0.000000,validation: 1 error(s): [VSCConverter/1/bus_ac] bus_ac 100570606 not found;
R1-12.47-3-ACDC,missing_vsc_ac_terminal,11,VSCConverter/1/bus_ac,0.000000,0,1,0,1,1,1,1,1,1,0.000000000001,0,0.000000000000,0.135167,0.213542,0.432167,7.652958,0.000000000,0.000000000,0.000000,0.000000,validation: 1 error(s): [VSCConverter/1/bus_ac] bus_ac 100322620 not found;
R1-12.47-3-ACDC,missing_vsc_ac_terminal,12,VSCConverter/1/bus_ac,0.000000,0,1,0,1,1,1,1,1,1,0.000000000001,0,0.000000000000,0.135416,0.214541,0.436333,7.586459,0.000000000,0.000000000,0.000000,0.000000,validation: 1 error(s): [VSCConverter/1/bus_ac] bus_ac 100740505 not found;
R1-12.47-3-ACDC,missing_vsc_ac_terminal,13,VSCConverter/2/bus_ac,0.000000,0,1,0,1,1,1,1,1,1,0.000000000001,0,0.000000000000,0.134959,0.226792,0.431666,7.665917,0.000000000,0.000000000,0.000000,0.000000,validation: 1 error(s): [VSCConverter/2/bus_ac] bus_ac 100202452 not found;
R1-12.47-3-ACDC,missing_vsc_ac_terminal,14,VSCConverter/2/bus_ac,0.000000,0,1,0,1,1,1,1,1,1,0.000000000001,0,0.000000000000,0.133458,0.230584,0.432375,7.601333,0.000000000,0.000000000,0.000000,0.000000,validation: 1 error(s): [VSCConverter/2/bus_ac] bus_ac 100357082 not found;
R1-12.47-3-ACDC,missing_vsc_ac_terminal,15,VSCConverter/2/bus_ac,0.000000,0,1,0,1,1,1,1,1,1,0.000000000001,0,0.000000000000,0.121958,0.231583,0.429667,7.710750,0.000000000,0.000000000,0.000000,0.000000,validation: 1 error(s): [VSCConverter/2/bus_ac] bus_ac 100484963 not found;
R1-12.47-3-ACDC,missing_vsc_ac_terminal,16,VSCConverter/1/bus_ac,0.000000,0,1,0,1,1,1,1,1,1,0.000000000001,0,0.000000000000,0.123917,0.230667,0.428709,7.361833,0.000000000,0.000000000,0.000000,0.000000,validation: 1 error(s): [VSCConverter/1/bus_ac] bus_ac 100866945 not found;
R1-12.47-3-ACDC,missing_vsc_ac_terminal,17,VSCConverter/2/bus_ac,0.000000,0,1,0,1,1,1,1,1,1,0.000000000001,0,0.000000000000,0.131375,0.218209,0.453917,7.645125,0.000000000,0.000000000,0.000000,0.000000,validation: 1 error(s): [VSCConverter/2/bus_ac] bus_ac 100522158 not found;
R1-12.47-3-ACDC,missing_vsc_ac_terminal,18,VSCConverter/1/bus_ac,0.000000,0,1,0,1,1,1,1,1,1,0.000000000001,0,0.000000000000,0.139375,0.230666,0.439750,7.622666,0.000000000,0.000000000,0.000000,0.000000,validation: 1 error(s): [VSCConverter/1/bus_ac] bus_ac 100915164 not found;
R1-12.47-3-ACDC,missing_vsc_ac_terminal,19,VSCConverter/1/bus_ac,0.000000,0,1,0,1,1,1,1,1,1,0.000000000001,0,0.000000000000,0.129667,0.232375,0.431250,7.686792,0.000000000,0.000000000,0.000000,0.000000,validation: 1 error(s): [VSCConverter/1/bus_ac] bus_ac 100900630 not found;
R1-12.47-3-ACDC,missing_vsc_ac_terminal,20,VSCConverter/1/bus_ac,0.000000,0,1,0,1,1,1,1,1,1,0.000000000001,0,0.000000000000,0.135166,0.232416,0.429459,7.645542,0.000000000,0.000000000,0.000000,0.000000,validation: 1 error(s): [VSCConverter/1/bus_ac] bus_ac 100864672 not found;
R1-12.47-3-ACDC,missing_vsc_ac_terminal,21,VSCConverter/2/bus_ac,0.000000,0,1,0,1,1,1,1,1,1,0.000000000001,0,0.000000000000,0.126416,0.231500,0.433750,7.718459,0.000000000,0.000000000,0.000000,0.000000,validation: 1 error(s): [VSCConverter/2/bus_ac] bus_ac 100541758 not found;
R1-12.47-3-ACDC,missing_vsc_ac_terminal,22,VSCConverter/1/bus_ac,0.000000,0,1,0,1,1,1,1,1,1,0.000000000001,0,0.000000000000,0.128083,0.231917,0.432833,7.651084,0.000000000,0.000000000,0.000000,0.000000,validation: 1 error(s): [VSCConverter/1/bus_ac] bus_ac 100823137 not found;
R1-12.47-3-ACDC,missing_vsc_ac_terminal,23,VSCConverter/2/bus_ac,0.000000,0,1,0,1,1,1,1,1,1,0.000000000001,0,0.000000000000,0.121625,0.227166,0.433917,7.493000,0.000000000,0.000000000,0.000000,0.000000,validation: 1 error(s): [VSCConverter/2/bus_ac] bus_ac 100985462 not found;
R1-12.47-3-ACDC,missing_vsc_ac_terminal,24,VSCConverter/2/bus_ac,0.000000,0,1,0,1,1,1,1,1,1,0.000000000001,0,0.000000000000,0.126417,0.211375,0.405792,7.392292,0.000000000,0.000000000,0.000000,0.000000,validation: 1 error(s): [VSCConverter/2/bus_ac] bus_ac 100631193 not found;
R1-12.47-3-ACDC,missing_vsc_dc_terminal,0,VSCConverter/1/bus_dc,0.000000,0,1,0,1,1,1,1,1,1,0.000000000001,0,0.000000000000,0.129459,0.214458,0.427833,7.598708,0.000000000,0.000000000,0.000000,0.000000,validation: 1 error(s): [VSCConverter/1/bus_dc] bus_dc 200844734 not found;
R1-12.47-3-ACDC,missing_vsc_dc_terminal,1,VSCConverter/1/bus_dc,0.000000,0,1,0,1,1,1,1,1,1,0.000000000001,0,0.000000000000,0.136083,0.213417,0.437584,7.581750,0.000000000,0.000000000,0.000000,0.000000,validation: 1 error(s): [VSCConverter/1/bus_dc] bus_dc 200546747 not found;
R1-12.47-3-ACDC,missing_vsc_dc_terminal,2,VSCConverter/1/bus_dc,0.000000,0,1,0,1,1,1,1,1,1,0.000000000001,0,0.000000000000,0.137000,0.231875,0.438500,7.666583,0.000000000,0.000000000,0.000000,0.000000,validation: 1 error(s): [VSCConverter/1/bus_dc] bus_dc 200258827 not found;
R1-12.47-3-ACDC,missing_vsc_dc_terminal,3,VSCConverter/2/bus_dc,0.000000,0,1,0,1,1,1,1,1,1,0.000000000001,0,0.000000000000,0.138000,0.227084,0.446000,7.343792,0.000000000,0.000000000,0.000000,0.000000,"validation: 1 error(s), 1 warning(s): [DCBus/2/bus_type] DC voltage-reference bus 2 has no in-service physical balancing device. It will be treated as an ideal bidirectional DC voltage boundary; add controllable DC storage, a DC-voltage-forming VSC/LCC, or a voltage-forming DC/DC converter when a physical boundary model is required.; [VSCConverter/2/bus_dc] bus_dc 200045975 not found;"
R1-12.47-3-ACDC,missing_vsc_dc_terminal,4,VSCConverter/2/bus_dc,0.000000,0,1,0,1,1,1,1,1,1,0.000000000001,0,0.000000000000,0.133458,0.230208,0.513708,7.616167,0.000000000,0.000000000,0.000000,0.000000,"validation: 1 error(s), 1 warning(s): [DCBus/2/bus_type] DC voltage-reference bus 2 has no in-service physical balancing device. It will be treated as an ideal bidirectional DC voltage boundary; add controllable DC storage, a DC-voltage-forming VSC/LCC, or a voltage-forming DC/DC converter when a physical boundary model is required.; [VSCConverter/2/bus_dc] bus_dc 200139305 not found;"
R1-12.47-3-ACDC,missing_vsc_dc_terminal,5,VSCConverter/2/bus_dc,0.000000,0,1,0,1,1,1,1,1,1,0.000000000001,0,0.000000000000,0.136792,0.216083,0.438584,7.574625,0.000000000,0.000000000,0.000000,0.000000,"validation: 1 error(s), 1 warning(s): [DCBus/2/bus_type] DC voltage-reference bus 2 has no in-service physical balancing device. It will be treated as an ideal bidirectional DC voltage boundary; add controllable DC storage, a DC-voltage-forming VSC/LCC, or a voltage-forming DC/DC converter when a physical boundary model is required.; [VSCConverter/2/bus_dc] bus_dc 200748557 not found;"
R1-12.47-3-ACDC,missing_vsc_dc_terminal,6,VSCConverter/2/bus_dc,0.000000,0,1,0,1,1,1,1,1,1,0.000000000001,0,0.000000000000,0.128084,0.222542,0.426875,8.157125,0.000000000,0.000000000,0.000000,0.000000,"validation: 1 error(s), 1 warning(s): [DCBus/2/bus_type] DC voltage-reference bus 2 has no in-service physical balancing device. It will be treated as an ideal bidirectional DC voltage boundary; add controllable DC storage, a DC-voltage-forming VSC/LCC, or a voltage-forming DC/DC converter when a physical boundary model is required.; [VSCConverter/2/bus_dc] bus_dc 200085227 not found;"
R1-12.47-3-ACDC,missing_vsc_dc_terminal,7,VSCConverter/1/bus_dc,0.000000,0,1,0,1,1,1,1,1,1,0.000000000001,0,0.000000000000,0.146334,0.228500,0.419125,7.361333,0.000000000,0.000000000,0.000000,0.000000,validation: 1 error(s): [VSCConverter/1/bus_dc] bus_dc 200738928 not found;
R1-12.47-3-ACDC,missing_vsc_dc_terminal,8,VSCConverter/1/bus_dc,0.000000,0,1,0,1,1,1,1,1,1,0.000000000001,0,0.000000000000,0.127167,0.226084,0.438042,7.497708,0.000000000,0.000000000,0.000000,0.000000,validation: 1 error(s): [VSCConverter/1/bus_dc] bus_dc 200390787 not found;
R1-12.47-3-ACDC,missing_vsc_dc_terminal,9,VSCConverter/1/bus_dc,0.000000,0,1,0,1,1,1,1,1,1,0.000000000001,0,0.000000000000,0.134500,0.218125,0.450334,7.484334,0.000000000,0.000000000,0.000000,0.000000,validation: 1 error(s): [VSCConverter/1/bus_dc] bus_dc 200320179 not found;
R1-12.47-3-ACDC,missing_vsc_dc_terminal,10,VSCConverter/2/bus_dc,0.000000,0,1,0,1,1,1,1,1,1,0.000000000001,0,0.000000000000,0.127417,0.212292,0.431416,7.322250,0.000000000,0.000000000,0.000000,0.000000,"validation: 1 error(s), 1 warning(s): [DCBus/2/bus_type] DC voltage-reference bus 2 has no in-service physical balancing device. It will be treated as an ideal bidirectional DC voltage boundary; add controllable DC storage, a DC-voltage-forming VSC/LCC, or a voltage-forming DC/DC converter when a physical boundary model is required.; [VSCConverter/2/bus_dc] bus_dc 200129414 not found;"
R1-12.47-3-ACDC,missing_vsc_dc_terminal,11,VSCConverter/1/bus_dc,0.000000,0,1,0,1,1,1,1,1,1,0.000000000001,0,0.000000000000,0.123750,0.209750,0.417500,7.414416,0.000000000,0.000000000,0.000000,0.000000,validation: 1 error(s): [VSCConverter/1/bus_dc] bus_dc 200574658 not found;
R1-12.47-3-ACDC,missing_vsc_dc_terminal,12,VSCConverter/1/bus_dc,0.000000,0,1,0,1,1,1,1,1,1,0.000000000001,0,0.000000000000,0.135792,0.221667,0.430500,7.596500,0.000000000,0.000000000,0.000000,0.000000,validation: 1 error(s): [VSCConverter/1/bus_dc] bus_dc 200644976 not found;
R1-12.47-3-ACDC,missing_vsc_dc_terminal,13,VSCConverter/2/bus_dc,0.000000,0,1,0,1,1,1,1,1,1,0.000000000001,0,0.000000000000,0.134500,0.232000,0.436125,7.541333,0.000000000,0.000000000,0.000000,0.000000,"validation: 1 error(s), 1 warning(s): [DCBus/2/bus_type] DC voltage-reference bus 2 has no in-service physical balancing device. It will be treated as an ideal bidirectional DC voltage boundary; add controllable DC storage, a DC-voltage-forming VSC/LCC, or a voltage-forming DC/DC converter when a physical boundary model is required.; [VSCConverter/2/bus_dc] bus_dc 200479418 not found;"
R1-12.47-3-ACDC,missing_vsc_dc_terminal,14,VSCConverter/1/bus_dc,0.000000,0,1,0,1,1,1,1,1,1,0.000000000001,0,0.000000000000,0.124709,0.217084,0.431917,7.631083,0.000000000,0.000000000,0.000000,0.000000,validation: 1 error(s): [VSCConverter/1/bus_dc] bus_dc 200650491 not found;
R1-12.47-3-ACDC,missing_vsc_dc_terminal,15,VSCConverter/2/bus_dc,0.000000,0,1,0,1,1,1,1,1,1,0.000000000001,0,0.000000000000,0.135667,0.208541,0.432791,7.576083,0.000000000,0.000000000,0.000000,0.000000,"validation: 1 error(s), 1 warning(s): [DCBus/2/bus_type] DC voltage-reference bus 2 has no in-service physical balancing device. It will be treated as an ideal bidirectional DC voltage boundary; add controllable DC storage, a DC-voltage-forming VSC/LCC, or a voltage-forming DC/DC converter when a physical boundary model is required.; [VSCConverter/2/bus_dc] bus_dc 200011369 not found;"
R1-12.47-3-ACDC,missing_vsc_dc_terminal,16,VSCConverter/1/bus_dc,0.000000,0,1,0,1,1,1,1,1,1,0.000000000001,0,0.000000000000,0.135917,0.219709,0.438000,7.648666,0.000000000,0.000000000,0.000000,0.000000,validation: 1 error(s): [VSCConverter/1/bus_dc] bus_dc 200514774 not found;
R1-12.47-3-ACDC,missing_vsc_dc_terminal,17,VSCConverter/1/bus_dc,0.000000,0,1,0,1,1,1,1,1,1,0.000000000001,0,0.000000000000,0.124959,0.209041,0.407375,7.259500,0.000000000,0.000000000,0.000000,0.000000,validation: 1 error(s): [VSCConverter/1/bus_dc] bus_dc 200946522 not found;
R1-12.47-3-ACDC,missing_vsc_dc_terminal,18,VSCConverter/1/bus_dc,0.000000,0,1,0,1,1,1,1,1,1,0.000000000001,0,0.000000000000,0.122458,0.217875,0.438583,7.565917,0.000000000,0.000000000,0.000000,0.000000,validation: 1 error(s): [VSCConverter/1/bus_dc] bus_dc 200625438 not found;
R1-12.47-3-ACDC,missing_vsc_dc_terminal,19,VSCConverter/1/bus_dc,0.000000,0,1,0,1,1,1,1,1,1,0.000000000001,0,0.000000000000,0.122000,0.227250,0.433042,7.571000,0.000000000,0.000000000,0.000000,0.000000,validation: 1 error(s): [VSCConverter/1/bus_dc] bus_dc 200642736 not found;
R1-12.47-3-ACDC,missing_vsc_dc_terminal,20,VSCConverter/2/bus_dc,0.000000,0,1,0,1,1,1,1,1,1,0.000000000001,0,0.000000000000,0.131250,0.221958,0.436375,7.720709,0.000000000,0.000000000,0.000000,0.000000,"validation: 1 error(s), 1 warning(s): [DCBus/2/bus_type] DC voltage-reference bus 2 has no in-service physical balancing device. It will be treated as an ideal bidirectional DC voltage boundary; add controllable DC storage, a DC-voltage-forming VSC/LCC, or a voltage-forming DC/DC converter when a physical boundary model is required.; [VSCConverter/2/bus_dc] bus_dc 200857195 not found;"
R1-12.47-3-ACDC,missing_vsc_dc_terminal,21,VSCConverter/1/bus_dc,0.000000,0,1,0,1,1,1,1,1,1,0.000000000001,0,0.000000000000,0.131125,0.223583,0.432333,7.615750,0.000000000,0.000000000,0.000000,0.000000,validation: 1 error(s): [VSCConverter/1/bus_dc] bus_dc 200264853 not found;
R1-12.47-3-ACDC,missing_vsc_dc_terminal,22,VSCConverter/1/bus_dc,0.000000,0,1,0,1,1,1,1,1,1,0.000000000001,0,0.000000000000,0.135750,0.213500,0.433375,7.716875,0.000000000,0.000000000,0.000000,0.000000,validation: 1 error(s): [VSCConverter/1/bus_dc] bus_dc 200986726 not found;
R1-12.47-3-ACDC,missing_vsc_dc_terminal,23,VSCConverter/2/bus_dc,0.000000,0,1,0,1,1,1,1,1,1,0.000000000001,0,0.000000000000,0.138125,0.214125,0.435875,7.611625,0.000000000,0.000000000,0.000000,0.000000,"validation: 1 error(s), 1 warning(s): [DCBus/2/bus_type] DC voltage-reference bus 2 has no in-service physical balancing device. It will be treated as an ideal bidirectional DC voltage boundary; add controllable DC storage, a DC-voltage-forming VSC/LCC, or a voltage-forming DC/DC converter when a physical boundary model is required.; [VSCConverter/2/bus_dc] bus_dc 200716047 not found;"
R1-12.47-3-ACDC,missing_vsc_dc_terminal,24,VSCConverter/2/bus_dc,0.000000,0,1,0,1,1,1,1,1,1,0.000000000001,0,0.000000000000,0.136125,0.218250,0.444583,7.691208,0.000000000,0.000000000,0.000000,0.000000,"validation: 1 error(s), 1 warning(s): [DCBus/2/bus_type] DC voltage-reference bus 2 has no in-service physical balancing device. It will be treated as an ideal bidirectional DC voltage boundary; add controllable DC storage, a DC-voltage-forming VSC/LCC, or a voltage-forming DC/DC converter when a physical boundary model is required.; [VSCConverter/2/bus_dc] bus_dc 200597204 not found;"
R1-12.47-3-ACDC,missing_ac_reference,0,ACSystem/reference,0.000000,0,1,1,1,1,1,1,1,0,0.000000000000,0,0.000000000000,0.159875,0.215792,0.456084,0.121542,0.000000000,0.000000000,0.000000,0.000000,"validation: 1 error(s), 1 warning(s): [ACSystem] No slack bus found (BusType::SLACK or Generator::is_slack); [ACSystem/connectivity] AC island 0 (80 buses) contains no slack bus;"
R1-12.47-3-ACDC,missing_ac_reference,1,ACSystem/reference,0.000000,0,1,1,1,1,1,1,1,0,0.000000000000,0,0.000000000000,0.152417,0.219625,0.458083,0.115792,0.000000000,0.000000000,0.000000,0.000000,"validation: 1 error(s), 1 warning(s): [ACSystem] No slack bus found (BusType::SLACK or Generator::is_slack); [ACSystem/connectivity] AC island 0 (80 buses) contains no slack bus;"
R1-12.47-3-ACDC,missing_ac_reference,2,ACSystem/reference,0.000000,0,1,1,1,1,1,1,1,0,0.000000000000,0,0.000000000000,0.152167,0.225709,0.456250,0.109291,0.000000000,0.000000000,0.000000,0.000000,"validation: 1 error(s), 1 warning(s): [ACSystem] No slack bus found (BusType::SLACK or Generator::is_slack); [ACSystem/connectivity] AC island 0 (80 buses) contains no slack bus;"
R1-12.47-3-ACDC,missing_ac_reference,3,ACSystem/reference,0.000000,0,1,1,1,1,1,1,1,0,0.000000000000,0,0.000000000000,0.148958,0.228583,0.452958,0.113000,0.000000000,0.000000000,0.000000,0.000000,"validation: 1 error(s), 1 warning(s): [ACSystem] No slack bus found (BusType::SLACK or Generator::is_slack); [ACSystem/connectivity] AC island 0 (80 buses) contains no slack bus;"
R1-12.47-3-ACDC,missing_ac_reference,4,ACSystem/reference,0.000000,0,1,1,1,1,1,1,1,0,0.000000000000,0,0.000000000000,0.147666,0.229792,0.447083,0.119125,0.000000000,0.000000000,0.000000,0.000000,"validation: 1 error(s), 1 warning(s): [ACSystem] No slack bus found (BusType::SLACK or Generator::is_slack); [ACSystem/connectivity] AC island 0 (80 buses) contains no slack bus;"
R1-12.47-3-ACDC,missing_ac_reference,5,ACSystem/reference,0.000000,0,1,1,1,1,1,1,1,0,0.000000000000,0,0.000000000000,0.141875,0.230625,0.452125,0.121833,0.000000000,0.000000000,0.000000,0.000000,"validation: 1 error(s), 1 warning(s): [ACSystem] No slack bus found (BusType::SLACK or Generator::is_slack); [ACSystem/connectivity] AC island 0 (80 buses) contains no slack bus;"
R1-12.47-3-ACDC,missing_ac_reference,6,ACSystem/reference,0.000000,0,1,1,1,1,1,1,1,0,0.000000000000,0,0.000000000000,0.140541,0.230375,0.449375,0.121834,0.000000000,0.000000000,0.000000,0.000000,"validation: 1 error(s), 1 warning(s): [ACSystem] No slack bus found (BusType::SLACK or Generator::is_slack); [ACSystem/connectivity] AC island 0 (80 buses) contains no slack bus;"
R1-12.47-3-ACDC,missing_ac_reference,7,ACSystem/reference,0.000000,0,1,1,1,1,1,1,1,0,0.000000000000,0,0.000000000000,0.142625,0.226958,0.450209,0.121500,0.000000000,0.000000000,0.000000,0.000000,"validation: 1 error(s), 1 warning(s): [ACSystem] No slack bus found (BusType::SLACK or Generator::is_slack); [ACSystem/connectivity] AC island 0 (80 buses) contains no slack bus;"
R1-12.47-3-ACDC,missing_ac_reference,8,ACSystem/reference,0.000000,0,1,1,1,1,1,1,1,0,0.000000000000,0,0.000000000000,0.147917,0.222042,0.453375,0.121750,0.000000000,0.000000000,0.000000,0.000000,"validation: 1 error(s), 1 warning(s): [ACSystem] No slack bus found (BusType::SLACK or Generator::is_slack); [ACSystem/connectivity] AC island 0 (80 buses) contains no slack bus;"
R1-12.47-3-ACDC,missing_ac_reference,9,ACSystem/reference,0.000000,0,1,1,1,1,1,1,1,0,0.000000000000,0,0.000000000000,0.151333,0.211584,0.454333,0.121917,0.000000000,0.000000000,0.000000,0.000000,"validation: 1 error(s), 1 warning(s): [ACSystem] No slack bus found (BusType::SLACK or Generator::is_slack); [ACSystem/connectivity] AC island 0 (80 buses) contains no slack bus;"
R1-12.47-3-ACDC,missing_ac_reference,10,ACSystem/reference,0.000000,0,1,1,1,1,1,1,1,0,0.000000000000,0,0.000000000000,0.151917,0.216000,0.452625,0.119667,0.000000000,0.000000000,0.000000,0.000000,"validation: 1 error(s), 1 warning(s): [ACSystem] No slack bus found (BusType::SLACK or Generator::is_slack); [ACSystem/connectivity] AC island 0 (80 buses) contains no slack bus;"
R1-12.47-3-ACDC,missing_ac_reference,11,ACSystem/reference,0.000000,0,1,1,1,1,1,1,1,0,0.000000000000,0,0.000000000000,0.152291,0.217417,0.453792,0.114416,0.000000000,0.000000000,0.000000,0.000000,"validation: 1 error(s), 1 warning(s): [ACSystem] No slack bus found (BusType::SLACK or Generator::is_slack); [ACSystem/connectivity] AC island 0 (80 buses) contains no slack bus;"
R1-12.47-3-ACDC,missing_ac_reference,12,ACSystem/reference,0.000000,0,1,1,1,1,1,1,1,0,0.000000000000,0,0.000000000000,0.152375,0.223833,0.484292,0.135375,0.000000000,0.000000000,0.000000,0.000000,"validation: 1 error(s), 1 warning(s): [ACSystem] No slack bus found (BusType::SLACK or Generator::is_slack); [ACSystem/connectivity] AC island 0 (80 buses) contains no slack bus;"
R1-12.47-3-ACDC,missing_ac_reference,13,ACSystem/reference,0.000000,0,1,1,1,1,1,1,1,0,0.000000000000,0,0.000000000000,0.159666,0.233708,0.454959,0.127875,0.000000000,0.000000000,0.000000,0.000000,"validation: 1 error(s), 1 warning(s): [ACSystem] No slack bus found (BusType::SLACK or Generator::is_slack); [ACSystem/connectivity] AC island 0 (80 buses) contains no slack bus;"
R1-12.47-3-ACDC,missing_ac_reference,14,ACSystem/reference,0.000000,0,1,1,1,1,1,1,1,0,0.000000000000,0,0.000000000000,0.149875,0.228292,0.455375,0.109458,0.000000000,0.000000000,0.000000,0.000000,"validation: 1 error(s), 1 warning(s): [ACSystem] No slack bus found (BusType::SLACK or Generator::is_slack); [ACSystem/connectivity] AC island 0 (80 buses) contains no slack bus;"
R1-12.47-3-ACDC,missing_ac_reference,15,ACSystem/reference,0.000000,0,1,1,1,1,1,1,1,0,0.000000000000,0,0.000000000000,0.146917,0.230375,0.452000,0.115333,0.000000000,0.000000000,0.000000,0.000000,"validation: 1 error(s), 1 warning(s): [ACSystem] No slack bus found (BusType::SLACK or Generator::is_slack); [ACSystem/connectivity] AC island 0 (80 buses) contains no slack bus;"
R1-12.47-3-ACDC,missing_ac_reference,16,ACSystem/reference,0.000000,0,1,1,1,1,1,1,1,0,0.000000000000,0,0.000000000000,0.145833,0.229625,0.454208,0.120375,0.000000000,0.000000000,0.000000,0.000000,"validation: 1 error(s), 1 warning(s): [ACSystem] No slack bus found (BusType::SLACK or Generator::is_slack); [ACSystem/connectivity] AC island 0 (80 buses) contains no slack bus;"
R1-12.47-3-ACDC,missing_ac_reference,17,ACSystem/reference,0.000000,0,1,1,1,1,1,1,1,0,0.000000000000,0,0.000000000000,0.141166,0.229208,0.451916,0.121750,0.000000000,0.000000000,0.000000,0.000000,"validation: 1 error(s), 1 warning(s): [ACSystem] No slack bus found (BusType::SLACK or Generator::is_slack); [ACSystem/connectivity] AC island 0 (80 buses) contains no slack bus;"
R1-12.47-3-ACDC,missing_ac_reference,18,ACSystem/reference,0.000000,0,1,1,1,1,1,1,1,0,0.000000000000,0,0.000000000000,0.138750,0.227250,0.454208,0.121916,0.000000000,0.000000000,0.000000,0.000000,"validation: 1 error(s), 1 warning(s): [ACSystem] No slack bus found (BusType::SLACK or Generator::is_slack); [ACSystem/connectivity] AC island 0 (80 buses) contains no slack bus;"
R1-12.47-3-ACDC,missing_ac_reference,19,ACSystem/reference,0.000000,0,1,1,1,1,1,1,1,0,0.000000000000,0,0.000000000000,0.144875,0.224167,0.453791,0.122333,0.000000000,0.000000000,0.000000,0.000000,"validation: 1 error(s), 1 warning(s): [ACSystem] No slack bus found (BusType::SLACK or Generator::is_slack); [ACSystem/connectivity] AC island 0 (80 buses) contains no slack bus;"
R1-12.47-3-ACDC,missing_ac_reference,20,ACSystem/reference,0.000000,0,1,1,1,1,1,1,1,0,0.000000000000,0,0.000000000000,0.148500,0.214500,0.452458,0.121916,0.000000000,0.000000000,0.000000,0.000000,"validation: 1 error(s), 1 warning(s): [ACSystem] No slack bus found (BusType::SLACK or Generator::is_slack); [ACSystem/connectivity] AC island 0 (80 buses) contains no slack bus;"
R1-12.47-3-ACDC,missing_ac_reference,21,ACSystem/reference,0.000000,0,1,1,1,1,1,1,1,0,0.000000000000,0,0.000000000000,0.151875,0.216125,0.451292,0.122042,0.000000000,0.000000000,0.000000,0.000000,"validation: 1 error(s), 1 warning(s): [ACSystem] No slack bus found (BusType::SLACK or Generator::is_slack); [ACSystem/connectivity] AC island 0 (80 buses) contains no slack bus;"
R1-12.47-3-ACDC,missing_ac_reference,22,ACSystem/reference,0.000000,0,1,1,1,1,1,1,1,0,0.000000000000,0,0.000000000000,0.151750,0.216375,0.454458,0.118333,0.000000000,0.000000000,0.000000,0.000000,"validation: 1 error(s), 1 warning(s): [ACSystem] No slack bus found (BusType::SLACK or Generator::is_slack); [ACSystem/connectivity] AC island 0 (80 buses) contains no slack bus;"
R1-12.47-3-ACDC,missing_ac_reference,23,ACSystem/reference,0.000000,0,1,1,1,1,1,1,1,0,0.000000000000,0,0.000000000000,0.151250,0.222042,0.456625,0.109000,0.000000000,0.000000000,0.000000,0.000000,"validation: 1 error(s), 1 warning(s): [ACSystem] No slack bus found (BusType::SLACK or Generator::is_slack); [ACSystem/connectivity] AC island 0 (80 buses) contains no slack bus;"
R1-12.47-3-ACDC,missing_ac_reference,24,ACSystem/reference,0.000000,0,1,1,1,1,1,1,1,0,0.000000000000,0,0.000000000000,0.151583,0.224708,0.455125,0.110541,0.000000000,0.000000000,0.000000,0.000000,"validation: 1 error(s), 1 warning(s): [ACSystem] No slack bus found (BusType::SLACK or Generator::is_slack); [ACSystem/connectivity] AC island 0 (80 buses) contains no slack bus;"
R1-12.47-3-ACDC,missing_dc_support,0,dc_island/voltage_support,0.000000,0,0,0,0,1,1,1,1,1,0.000000000001,0,0.000000000000,0.135250,0.232750,0.446250,7.718750,0.000000000,0.000000000,0.000000,0.000000,
R1-12.47-3-ACDC,missing_dc_support,1,dc_island/voltage_support,0.000000,0,0,0,0,1,1,1,1,1,0.000000000001,0,0.000000000000,0.134541,0.222625,0.449750,7.472167,0.000000000,0.000000000,0.000000,0.000000,
R1-12.47-3-ACDC,missing_dc_support,2,dc_island/voltage_support,0.000000,0,0,0,0,1,1,1,1,1,0.000000000001,0,0.000000000000,0.129041,0.222792,0.433125,7.693834,0.000000000,0.000000000,0.000000,0.000000,
R1-12.47-3-ACDC,missing_dc_support,3,dc_island/voltage_support,0.000000,0,0,0,0,1,1,1,1,1,0.000000000001,0,0.000000000000,0.132333,0.218250,0.413833,7.389375,0.000000000,0.000000000,0.000000,0.000000,
R1-12.47-3-ACDC,missing_dc_support,4,dc_island/voltage_support,0.000000,0,0,0,0,1,1,1,1,1,0.000000000001,0,0.000000000000,0.128625,0.231750,0.426750,7.514709,0.000000000,0.000000000,0.000000,0.000000,
R1-12.47-3-ACDC,missing_dc_support,5,dc_island/voltage_support,0.000000,0,0,0,0,1,1,1,1,1,0.000000000001,0,0.000000000000,0.126000,0.210917,0.404917,7.208459,0.000000000,0.000000000,0.000000,0.000000,
R1-12.47-3-ACDC,missing_dc_support,6,dc_island/voltage_support,0.000000,0,0,0,0,1,1,1,1,1,0.000000000001,0,0.000000000000,0.129625,0.213625,0.438542,7.546042,0.000000000,0.000000000,0.000000,0.000000,
R1-12.47-3-ACDC,missing_dc_support,7,dc_island/voltage_support,0.000000,0,0,0,0,1,1,1,1,1,0.000000000001,0,0.000000000000,0.132542,0.227667,0.428375,7.493792,0.000000000,0.000000000,0.000000,0.000000,
R1-12.47-3-ACDC,missing_dc_support,8,dc_island/voltage_support,0.000000,0,0,0,0,1,1,1,1,1,0.000000000001,0,0.000000000000,0.122417,0.217916,0.431291,7.621875,0.000000000,0.000000000,0.000000,0.000000,
R1-12.47-3-ACDC,missing_dc_support,9,dc_island/voltage_support,0.000000,0,0,0,0,1,1,1,1,1,0.000000000001,0,0.000000000000,0.133667,0.216708,0.426959,7.561000,0.000000000,0.000000000,0.000000,0.000000,
R1-12.47-3-ACDC,missing_dc_support,10,dc_island/voltage_support,0.000000,0,0,0,0,1,1,1,1,1,0.000000000001,0,0.000000000000,0.135125,0.221125,0.436167,7.476208,0.000000000,0.000000000,0.000000,0.000000,
R1-12.47-3-ACDC,missing_dc_support,11,dc_island/voltage_support,0.000000,0,0,0,0,1,1,1,1,1,0.000000000001,0,0.000000000000,0.122041,0.209459,0.403125,7.275500,0.000000000,0.000000000,0.000000,0.000000,
R1-12.47-3-ACDC,missing_dc_support,12,dc_island/voltage_support,0.000000,0,0,0,0,1,1,1,1,1,0.000000000001,0,0.000000000000,0.121750,0.222375,0.444250,7.553917,0.000000000,0.000000000,0.000000,0.000000,
R1-12.47-3-ACDC,missing_dc_support,13,dc_island/voltage_support,0.000000,0,0,0,0,1,1,1,1,1,0.000000000001,0,0.000000000000,0.135833,0.214875,0.434542,7.642042,0.000000000,0.000000000,0.000000,0.000000,
R1-12.47-3-ACDC,missing_dc_support,14,dc_island/voltage_support,0.000000,0,0,0,0,1,1,1,1,1,0.000000000001,0,0.000000000000,0.138833,0.216792,0.443542,7.896958,0.000000000,0.000000000,0.000000,0.000000,
R1-12.47-3-ACDC,missing_dc_support,15,dc_island/voltage_support,0.000000,0,0,0,0,1,1,1,1,1,0.000000000001,0,0.000000000000,0.132209,0.222959,0.442458,7.734584,0.000000000,0.000000000,0.000000,0.000000,
R1-12.47-3-ACDC,missing_dc_support,16,dc_island/voltage_support,0.000000,0,0,0,0,1,1,1,1,1,0.000000000001,0,0.000000000000,0.125625,0.235791,0.433625,7.820292,0.000000000,0.000000000,0.000000,0.000000,
R1-12.47-3-ACDC,missing_dc_support,17,dc_island/voltage_support,0.000000,0,0,0,0,1,1,1,1,1,0.000000000001,0,0.000000000000,0.140917,0.241458,0.428458,7.696000,0.000000000,0.000000000,0.000000,0.000000,
R1-12.47-3-ACDC,missing_dc_support,18,dc_island/voltage_support,0.000000,0,0,0,0,1,1,1,1,1,0.000000000001,0,0.000000000000,0.160625,0.247958,0.434708,7.693458,0.000000000,0.000000000,0.000000,0.000000,
R1-12.47-3-ACDC,missing_dc_support,19,dc_island/voltage_support,0.000000,0,0,0,0,1,1,1,1,1,0.000000000001,0,0.000000000000,0.138542,0.226041,0.451583,7.691792,0.000000000,0.000000000,0.000000,0.000000,
R1-12.47-3-ACDC,missing_dc_support,20,dc_island/voltage_support,0.000000,0,0,0,0,1,1,1,1,1,0.000000000001,0,0.000000000000,0.135375,0.216584,0.440333,7.723000,0.000000000,0.000000000,0.000000,0.000000,
R1-12.47-3-ACDC,missing_dc_support,21,dc_island/voltage_support,0.000000,0,0,0,0,1,1,1,1,1,0.000000000001,0,0.000000000000,0.145083,0.218917,0.439375,7.649708,0.000000000,0.000000000,0.000000,0.000000,
R1-12.47-3-ACDC,missing_dc_support,22,dc_island/voltage_support,0.000000,0,0,0,0,1,1,1,1,1,0.000000000001,0,0.000000000000,0.135333,0.218541,0.435709,7.545167,0.000000000,0.000000000,0.000000,0.000000,
R1-12.47-3-ACDC,missing_dc_support,23,dc_island/voltage_support,0.000000,0,0,0,0,1,1,1,1,1,0.000000000001,0,0.000000000000,0.138833,0.222625,0.436167,7.617333,0.000000000,0.000000000,0.000000,0.000000,
R1-12.47-3-ACDC,missing_dc_support,24,dc_island/voltage_support,0.000000,0,0,0,0,1,1,1,1,1,0.000000000001,0,0.000000000000,0.122416,0.226333,0.434250,7.673125,0.000000000,0.000000000,0.000000,0.000000,
R1-12.47-3-ACDC,invalid_converter_efficiency,0,VSCConverter/1/eta,1.170593,0,1,0,1,1,1,1,1,1,0.000000000001,0,0.000000000000,0.160083,0.234334,0.461708,7.827542,0.000000000,0.000000000,0.000000,0.000000,"validation: 1 error(s): [VSCConverter/1/eta] eta must be in (0,1] (got 1.170593);"
R1-12.47-3-ACDC,invalid_converter_efficiency,1,VSCConverter/1/eta,1.151059,0,1,0,1,1,1,1,1,1,0.000000000001,0,0.000000000000,0.156459,0.224875,0.472167,7.748208,0.000000000,0.000000000,0.000000,0.000000,"validation: 1 error(s): [VSCConverter/1/eta] eta must be in (0,1] (got 1.151059);"
R1-12.47-3-ACDC,invalid_converter_efficiency,2,VSCConverter/1/eta,1.155614,0,1,0,1,1,1,1,1,1,0.000000000001,0,0.000000000000,0.190958,0.268250,0.484709,7.864583,0.000000000,0.000000000,0.000000,0.000000,"validation: 1 error(s): [VSCConverter/1/eta] eta must be in (0,1] (got 1.155614);"
R1-12.47-3-ACDC,invalid_converter_efficiency,3,VSCConverter/1/eta,1.022467,0,1,0,1,1,1,1,1,1,0.000000000001,0,0.000000000000,0.162875,0.230542,0.421958,7.826000,0.000000000,0.000000000,0.000000,0.000000,"validation: 1 error(s): [VSCConverter/1/eta] eta must be in (0,1] (got 1.022467);"
R1-12.47-3-ACDC,invalid_converter_efficiency,4,VSCConverter/1/eta,1.103406,0,1,0,1,1,1,1,1,1,0.000000000001,0,0.000000000000,0.160458,0.240917,0.448084,7.662542,0.000000000,0.000000000,0.000000,0.000000,"validation: 1 error(s): [VSCConverter/1/eta] eta must be in (0,1] (got 1.103406);"
R1-12.47-3-ACDC,invalid_converter_efficiency,5,VSCConverter/2/eta,1.108505,0,1,0,1,1,1,1,1,1,0.000000000001,0,0.000000000000,0.153500,0.212333,0.448625,7.505792,0.000000000,0.000000000,0.000000,0.000000,"validation: 1 error(s): [VSCConverter/2/eta] eta must be in (0,1] (got 1.108505);"
R1-12.47-3-ACDC,invalid_converter_efficiency,6,VSCConverter/1/eta,1.044595,0,1,0,1,1,1,1,1,1,0.000000000001,0,0.000000000000,0.155667,0.237834,0.443500,7.606459,0.000000000,0.000000000,0.000000,0.000000,"validation: 1 error(s): [VSCConverter/1/eta] eta must be in (0,1] (got 1.044595);"
R1-12.47-3-ACDC,invalid_converter_efficiency,7,VSCConverter/2/eta,1.103900,0,1,0,1,1,1,1,1,1,0.000000000001,0,0.000000000000,0.149416,0.234542,0.456458,7.493583,0.000000000,0.000000000,0.000000,0.000000,"validation: 1 error(s): [VSCConverter/2/eta] eta must be in (0,1] (got 1.103900);"
R1-12.47-3-ACDC,invalid_converter_efficiency,8,VSCConverter/1/eta,1.146880,0,1,0,1,1,1,1,1,1,0.000000000001,0,0.000000000000,0.152042,0.211834,0.439834,7.579208,0.000000000,0.000000000,0.000000,0.000000,"validation: 1 error(s): [VSCConverter/1/eta] eta must be in (0,1] (got 1.146880);"
R1-12.47-3-ACDC,invalid_converter_efficiency,9,VSCConverter/1/eta,1.142850,0,1,0,1,1,1,1,1,1,0.000000000001,0,0.000000000000,0.153125,0.208292,0.450250,7.733500,0.000000000,0.000000000,0.000000,0.000000,"validation: 1 error(s): [VSCConverter/1/eta] eta must be in (0,1] (got 1.142850);"
R1-12.47-3-ACDC,invalid_converter_efficiency,10,VSCConverter/1/eta,1.115657,0,1,0,1,1,1,1,1,1,0.000000000001,0,0.000000000000,0.148958,0.221291,0.447833,7.627667,0.000000000,0.000000000,0.000000,0.000000,"validation: 1 error(s): [VSCConverter/1/eta] eta must be in (0,1] (got 1.115657);"
R1-12.47-3-ACDC,invalid_converter_efficiency,11,VSCConverter/1/eta,1.104428,0,1,0,1,1,1,1,1,1,0.000000000001,0,0.000000000000,0.153625,0.213250,0.447208,7.703584,0.000000000,0.000000000,0.000000,0.000000,"validation: 1 error(s): [VSCConverter/1/eta] eta must be in (0,1] (got 1.104428);"
R1-12.47-3-ACDC,invalid_converter_efficiency,12,VSCConverter/1/eta,1.141264,0,1,0,1,1,1,1,1,1,0.000000000001,0,0.000000000000,0.151083,0.217500,0.447166,7.634375,0.000000000,0.000000000,0.000000,0.000000,"validation: 1 error(s): [VSCConverter/1/eta] eta must be in (0,1] (got 1.141264);"
R1-12.47-3-ACDC,invalid_converter_efficiency,13,VSCConverter/1/eta,1.124390,0,1,0,1,1,1,1,1,1,0.000000000001,0,0.000000000000,0.152541,0.213500,0.451041,7.714459,0.000000000,0.000000000,0.000000,0.000000,"validation: 1 error(s): [VSCConverter/1/eta] eta must be in (0,1] (got 1.124390);"
R1-12.47-3-ACDC,invalid_converter_efficiency,14,VSCConverter/1/eta,1.121871,0,1,0,1,1,1,1,1,1,0.000000000001,0,0.000000000000,0.152250,0.216750,0.451375,7.662167,0.000000000,0.000000000,0.000000,0.000000,"validation: 1 error(s): [VSCConverter/1/eta] eta must be in (0,1] (got 1.121871);"
R1-12.47-3-ACDC,invalid_converter_efficiency,15,VSCConverter/1/eta,1.020619,0,1,0,1,1,1,1,1,1,0.000000000001,0,0.000000000000,0.150625,0.215375,0.483334,7.691417,0.000000000,0.000000000,0.000000,0.000000,"validation: 1 error(s): [VSCConverter/1/eta] eta must be in (0,1] (got 1.020619);"
R1-12.47-3-ACDC,invalid_converter_efficiency,16,VSCConverter/1/eta,1.149292,0,1,0,1,1,1,1,1,1,0.000000000001,0,0.000000000000,0.146708,0.225125,0.454458,7.464084,0.000000000,0.000000000,0.000000,0.000000,"validation: 1 error(s): [VSCConverter/1/eta] eta must be in (0,1] (got 1.149292);"
R1-12.47-3-ACDC,invalid_converter_efficiency,17,VSCConverter/2/eta,1.179821,0,1,0,1,1,1,1,1,1,0.000000000001,0,0.000000000000,0.143166,0.227125,0.500291,7.405583,0.000000000,0.000000000,0.000000,0.000000,"validation: 1 error(s): [VSCConverter/2/eta] eta must be in (0,1] (got 1.179821);"
R1-12.47-3-ACDC,invalid_converter_efficiency,18,VSCConverter/1/eta,1.093792,0,1,0,1,1,1,1,1,1,0.000000000001,0,0.000000000000,0.138750,0.222667,0.443375,7.548125,0.000000000,0.000000000,0.000000,0.000000,"validation: 1 error(s): [VSCConverter/1/eta] eta must be in (0,1] (got 1.093792);"
R1-12.47-3-ACDC,invalid_converter_efficiency,19,VSCConverter/1/eta,1.027796,0,1,0,1,1,1,1,1,1,0.000000000001,0,0.000000000000,0.152583,0.224958,0.527458,7.645000,0.000000000,0.000000000,0.000000,0.000000,"validation: 1 error(s): [VSCConverter/1/eta] eta must be in (0,1] (got 1.027796);"
R1-12.47-3-ACDC,invalid_converter_efficiency,20,VSCConverter/1/eta,1.139650,0,1,0,1,1,1,1,1,1,0.000000000001,0,0.000000000000,0.145708,0.223375,0.445709,7.622167,0.000000000,0.000000000,0.000000,0.000000,"validation: 1 error(s): [VSCConverter/1/eta] eta must be in (0,1] (got 1.139650);"
R1-12.47-3-ACDC,invalid_converter_efficiency,21,VSCConverter/1/eta,1.090552,0,1,0,1,1,1,1,1,1,0.000000000001,0,0.000000000000,0.157541,0.260750,0.469875,7.657917,0.000000000,0.000000000,0.000000,0.000000,"validation: 1 error(s): [VSCConverter/1/eta] eta must be in (0,1] (got 1.090552);"
R1-12.47-3-ACDC,invalid_converter_efficiency,22,VSCConverter/1/eta,1.108264,0,1,0,1,1,1,1,1,1,0.000000000001,0,0.000000000000,0.145792,0.221958,0.453208,7.701166,0.000000000,0.000000000,0.000000,0.000000,"validation: 1 error(s): [VSCConverter/1/eta] eta must be in (0,1] (got 1.108264);"
R1-12.47-3-ACDC,invalid_converter_efficiency,23,VSCConverter/2/eta,1.081863,0,1,0,1,1,1,1,1,1,0.000000000001,0,0.000000000000,0.142459,0.229916,0.461791,7.673417,0.000000000,0.000000000,0.000000,0.000000,"validation: 1 error(s): [VSCConverter/2/eta] eta must be in (0,1] (got 1.081863);"
R1-12.47-3-ACDC,invalid_converter_efficiency,24,VSCConverter/1/eta,1.145834,0,1,0,1,1,1,1,1,1,0.000000000001,0,0.000000000000,0.141792,0.231334,0.451333,7.684542,0.000000000,0.000000000,0.000000,0.000000,"validation: 1 error(s): [VSCConverter/1/eta] eta must be in (0,1] (got 1.145834);"
R1-12.47-3-ACDC,duplicate_ac_bus_identity,0,ACBus/20/index,0.000000,0,1,0,1,1,1,1,1,1,0.000000000001,0,0.000000000000,0.154292,0.335042,0.602625,6.607250,0.000000000,0.000000000,0.000000,0.000000,"validation: 4 error(s), 3 warning(s): [ACBus/20/index] Duplicate AC bus index 20; [ACBranch/28/to_bus] to_bus 65 not found; [ACBranch/29/from_bus] from_bus 65 not found; [ACBranch/30/from_bus] from_bus 65 not found; [ACSystem/connectivity] AC island 1 (2 buses) contains no slack bus; [ACSystem/connectivity] AC island 2 (1 buses) contains no slack bus; [ACSystem/connectivity] AC island 3 (6 buses) contains no slack bus;"
R1-12.47-3-ACDC,duplicate_ac_bus_identity,1,ACBus/45/index,0.000000,0,1,0,1,1,1,1,1,1,0.000000000144,0,0.000000000000,0.165542,0.302667,0.551709,7.932458,0.000000000,0.000000000,0.000000,0.000000,"validation: 5 error(s), 4 warning(s): [ACBus/45/index] Duplicate AC bus index 45; [ACBranch/46/from_bus] from_bus 59 not found; [ACBranch/57/from_bus] from_bus 59 not found; [ACBranch/58/from_bus] from_bus 59 not found; [Switch/7/bus_to] bus_to 59 not found in AC; [ACSystem/connectivity] AC island 1 (1 buses) contains no slack bus; [ACSystem/connectivity] AC island 2 (2 buses) contains no slack bus; [ACSystem/connectivity] AC island 3 (2 buses) contains no slack bus; [ACSystem/connectivity] AC island 4 (1 buses) contains no slack bus;"
R1-12.47-3-ACDC,duplicate_ac_bus_identity,2,ACBus/5/index,0.000000,0,1,0,1,1,1,1,1,1,0.000000000001,0,0.000000000000,0.156833,0.338291,0.532625,7.771625,0.000000000,0.000000000,0.000000,0.000000,"validation: 3 error(s), 1 warning(s): [ACBus/5/index] Duplicate AC bus index 5; [ACBranch/46/to_bus] to_bus 15 not found; [Load/15/bus] bus 15 not found in AC; [ACSystem/connectivity] AC island 1 (1 buses) contains no slack bus;"
R1-12.47-3-ACDC,duplicate_ac_bus_identity,3,ACBus/35/index,0.000000,0,1,0,1,1,1,1,1,1,0.000000000001,0,0.000000000000,0.151875,0.308083,0.540542,7.664875,0.000000000,0.000000000,0.000000,0.000000,"validation: 3 error(s), 2 warning(s): [ACBus/35/index] Duplicate AC bus index 35; [ACBranch/51/from_bus] from_bus 69 not found; [ACBranch/60/to_bus] to_bus 69 not found; [ACSystem/connectivity] AC island 1 (1 buses) contains no slack bus; [ACSystem/connectivity] AC island 2 (1 buses) contains no slack bus;"
R1-12.47-3-ACDC,duplicate_ac_bus_identity,4,ACBus/9/index,0.000000,0,1,0,1,1,1,1,1,1,0.000000000049,0,0.000000000000,0.165209,0.304208,0.546250,7.832958,0.000000000,0.000000000,0.000000,0.000000,"validation: 5 error(s), 4 warning(s): [ACBus/9/index] Duplicate AC bus index 9; [ACBranch/46/from_bus] from_bus 59 not found; [ACBranch/57/from_bus] from_bus 59 not found; [ACBranch/58/from_bus] from_bus 59 not found; [Switch/7/bus_to] bus_to 59 not found in AC; [ACSystem/connectivity] AC island 1 (1 buses) contains no slack bus; [ACSystem/connectivity] AC island 2 (1 buses) contains no slack bus; [ACSystem/connectivity] AC island 3 (2 buses) contains no slack bus; [ACSystem/connectivity] AC island 4 (2 buses) contains no slack bus;"
R1-12.47-3-ACDC,duplicate_ac_bus_identity,5,ACBus/24/index,0.000000,0,1,0,1,1,1,1,1,1,0.000000000074,0,0.000000000000,0.144250,0.332375,0.552208,8.115292,0.000000000,0.000000000,0.000000,0.000000,"validation: 2 error(s), 1 warning(s): [ACBus/24/index] Duplicate AC bus index 24; [Switch/14/bus_to] bus_to 23 not found in AC; [ACSystem/connectivity] AC island 1 (1 buses) contains no slack bus;"
R1-12.47-3-ACDC,duplicate_ac_bus_identity,6,ACBus/68/index,0.000000,0,1,0,1,1,1,1,1,1,0.000000000001,0,0.000000000000,0.169583,0.297417,0.554208,6.329584,0.000000000,0.000000000,0.000000,0.000000,"validation: 4 error(s), 3 warning(s): [ACBus/68/index] Duplicate AC bus index 68; [ACBranch/28/to_bus] to_bus 65 not found; [ACBranch/29/from_bus] from_bus 65 not found; [ACBranch/30/from_bus] from_bus 65 not found; [ACSystem/connectivity] AC island 1 (2 buses) contains no slack bus; [ACSystem/connectivity] AC island 2 (6 buses) contains no slack bus; [ACSystem/connectivity] AC island 3 (1 buses) contains no slack bus;"
R1-12.47-3-ACDC,duplicate_ac_bus_identity,7,ACBus/26/index,0.000000,0,1,0,1,1,1,1,1,1,0.000000000115,0,0.000000000000,0.146000,0.312875,0.533375,7.822792,0.000000000,0.000000000,0.000000,0.000000,"validation: 4 error(s), 3 warning(s): [ACBus/26/index] Duplicate AC bus index 26; [ACBranch/16/to_bus] to_bus 43 not found; [ACBranch/17/from_bus] from_bus 43 not found; [Switch/3/bus_from] bus_from 43 not found in AC; [ACSystem/connectivity] AC island 1 (2 buses) contains no slack bus; [ACSystem/connectivity] AC island 2 (5 buses) contains no slack bus; [ACSystem/connectivity] AC island 3 (1 buses) contains no slack bus;"
R1-12.47-3-ACDC,duplicate_ac_bus_identity,8,ACBus/63/index,0.000000,0,1,0,1,1,1,1,1,1,0.000000000001,0,0.000000000000,0.167750,0.304083,0.522500,7.256375,0.000000000,0.000000000,0.000000,0.000000,"validation: 3 error(s), 2 warning(s): [ACBus/63/index] Duplicate AC bus index 63; [ACBranch/10/to_bus] to_bus 35 not found; [ACBranch/11/from_bus] from_bus 35 not found; [ACSystem/connectivity] AC island 1 (2 buses) contains no slack bus; [ACSystem/connectivity] AC island 2 (1 buses) contains no slack bus;"
R1-12.47-3-ACDC,duplicate_ac_bus_identity,9,ACBus/53/index,0.000000,0,1,0,1,1,1,1,1,1,0.000000000001,0,0.000000000000,0.162333,0.208917,0.447458,7.558459,0.000000000,0.000000000,0.000000,0.000000,"validation: 3 error(s), 1 warning(s): [ACBus/53/index] Duplicate AC bus index 53; [ACBranch/45/to_bus] to_bus 14 not found; [Load/14/bus] bus 14 not found in AC; [ACSystem/connectivity] AC island 1 (1 buses) contains no slack bus;"
R1-12.47-3-ACDC,duplicate_ac_bus_identity,10,ACBus/64/index,0.000000,0,1,0,1,1,1,1,1,1,0.000000000106,0,0.000000000000,0.146167,0.305792,0.533208,7.521458,0.000000000,0.000000000,0.000000,0.000000,"validation: 3 error(s), 2 warning(s): [ACBus/64/index] Duplicate AC bus index 64; [ACBranch/45/from_bus] from_bus 55 not found; [Switch/5/bus_to] bus_to 55 not found in AC; [ACSystem/connectivity] AC island 1 (1 buses) contains no slack bus; [ACSystem/connectivity] AC island 2 (1 buses) contains no slack bus;"
R1-12.47-3-ACDC,duplicate_ac_bus_identity,11,ACBus/69/index,0.000000,0,1,0,1,1,1,1,1,1,0.000000000001,0,0.000000000000,0.143000,0.310625,0.530458,7.571208,0.000000000,0.000000000,0.000000,0.000000,"validation: 3 error(s), 2 warning(s): [ACBus/69/index] Duplicate AC bus index 69; [ACBranch/7/to_bus] to_bus 32 not found; [ACBranch/33/from_bus] from_bus 32 not found; [ACSystem/connectivity] AC island 1 (1 buses) contains no slack bus; [ACSystem/connectivity] AC island 2 (1 buses) contains no slack bus;"
R1-12.47-3-ACDC,duplicate_ac_bus_identity,12,ACBus/48/index,0.000000,0,1,0,1,1,1,1,1,1,0.000000000001,0,0.000000000000,0.148750,0.231042,0.445375,7.576875,0.000000000,0.000000000,0.000000,0.000000,"validation: 3 error(s), 1 warning(s): [ACBus/48/index] Duplicate AC bus index 48; [ACBranch/36/to_bus] to_bus 5 not found; [Load/5/bus] bus 5 not found in AC; [ACSystem/connectivity] AC island 1 (1 buses) contains no slack bus;"
R1-12.47-3-ACDC,duplicate_ac_bus_identity,13,ACBus/24/index,0.000000,0,1,0,1,1,1,1,1,1,0.000000000001,0,0.000000000000,0.140958,0.309000,0.524375,7.735000,0.000000000,0.000000000,0.000000,0.000000,"validation: 2 error(s), 1 warning(s): [ACBus/24/index] Duplicate AC bus index 24; [Switch/15/bus_to] bus_to 72 not found in AC; [ACSystem/connectivity] AC island 1 (1 buses) contains no slack bus;"
R1-12.47-3-ACDC,duplicate_ac_bus_identity,14,ACBus/2/index,0.000000,0,1,0,1,1,1,1,1,1,0.000000000001,0,0.000000000000,0.156500,0.291792,0.530459,7.608917,0.000000000,0.000000000,0.000000,0.000000,"validation: 3 error(s), 1 warning(s): [ACBus/2/index] Duplicate AC bus index 2; [ACBranch/35/to_bus] to_bus 4 not found; [Load/4/bus] bus 4 not found in AC; [ACSystem/connectivity] AC island 1 (1 buses) contains no slack bus;"
R1-12.47-3-ACDC,duplicate_ac_bus_identity,15,ACBus/73/index,0.000000,0,1,0,1,1,1,1,1,1,0.000000000001,0,0.000000000000,0.156208,0.292375,0.529958,7.801667,0.000000000,0.000000000,0.000000,0.000000,"validation: 2 error(s), 1 warning(s): [ACBus/73/index] Duplicate AC bus index 73; [ACBranch/2/to_bus] to_bus 27 not found; [ACSystem/connectivity] AC island 1 (1 buses) contains no slack bus;"
R1-12.47-3-ACDC,duplicate_ac_bus_identity,16,ACBus/9/index,0.000000,0,1,0,1,1,1,1,1,1,0.000000000001,0,0.000000000000,0.153250,0.308166,0.537625,7.201167,0.000000000,0.000000000,0.000000,0.000000,"validation: 4 error(s), 3 warning(s): [ACBus/9/index] Duplicate AC bus index 9; [ACBranch/59/to_bus] to_bus 68 not found; [ACBranch/60/from_bus] from_bus 68 not found; [ACBranch/61/from_bus] from_bus 68 not found; [ACSystem/connectivity] AC island 1 (1 buses) contains no slack bus; [ACSystem/connectivity] AC island 2 (2 buses) contains no slack bus; [ACSystem/connectivity] AC island 3 (2 buses) contains no slack bus;"
R1-12.47-3-ACDC,duplicate_ac_bus_identity,17,ACBus/34/index,0.000000,0,1,0,1,1,1,1,1,1,0.000000000001,0,0.000000000000,0.155792,0.212833,0.452791,7.649333,0.000000000,0.000000000,0.000000,0.000000,"validation: 3 error(s), 1 warning(s): [ACBus/34/index] Duplicate AC bus index 34; [ACBranch/51/to_bus] to_bus 20 not found; [Load/20/bus] bus 20 not found in AC; [ACSystem/connectivity] AC island 1 (1 buses) contains no slack bus;"
R1-12.47-3-ACDC,duplicate_ac_bus_identity,18,ACBus/17/index,0.000000,0,1,0,1,1,1,1,1,1,0.000000000001,0,0.000000000000,0.156958,0.213167,0.454625,7.610125,0.000000000,0.000000000,0.000000,0.000000,"validation: 3 error(s), 1 warning(s): [ACBus/17/index] Duplicate AC bus index 17; [ACBranch/46/to_bus] to_bus 15 not found; [Load/15/bus] bus 15 not found in AC; [ACSystem/connectivity] AC island 1 (1 buses) contains no slack bus;"
R1-12.47-3-ACDC,duplicate_ac_bus_identity,19,ACBus/51/index,0.000000,0,1,0,1,1,1,1,1,1,0.000000000001,0,0.000000000000,0.159417,0.291875,0.531291,8.005833,0.000000000,0.000000000,0.000000,0.000000,"validation: 3 error(s), 2 warning(s): [ACBus/51/index] Duplicate AC bus index 51; [ACBranch/40/from_bus] from_bus 46 not found; [ACBranch/55/to_bus] to_bus 46 not found; [ACSystem/connectivity] AC island 1 (1 buses) contains no slack bus; [ACSystem/connectivity] AC island 2 (1 buses) contains no slack bus;"
R1-12.47-3-ACDC,duplicate_ac_bus_identity,20,ACBus/76/index,0.000000,0,1,0,1,1,1,1,1,1,0.000000000045,0,0.000000000000,0.144708,0.295750,0.528042,7.832084,0.000000000,0.000000000,0.000000,0.000000,"validation: 5 error(s), 3 warning(s): [ACBus/76/index] Duplicate AC bus index 76; [ACBranch/23/to_bus] to_bus 54 not found; [ACBranch/24/from_bus] from_bus 54 not found; [Switch/5/bus_from] bus_from 54 not found in AC; [Switch/6/bus_from] bus_from 54 not found in AC; [ACSystem/connectivity] AC island 1 (2 buses) contains no slack bus; [ACSystem/connectivity] AC island 2 (3 buses) contains no slack bus; [ACSystem/connectivity] AC island 3 (1 buses) contains no slack bus;"
R1-12.47-3-ACDC,duplicate_ac_bus_identity,21,ACBus/56/index,0.000000,0,1,0,1,1,1,1,1,1,0.000000000001,0,0.000000000000,0.141917,0.230208,0.445375,7.682333,0.000000000,0.000000000,0.000000,0.000000,"validation: 3 error(s), 1 warning(s): [ACBus/56/index] Duplicate AC bus index 56; [ACBranch/41/to_bus] to_bus 10 not found; [Load/10/bus] bus 10 not found in AC; [ACSystem/connectivity] AC island 1 (1 buses) contains no slack bus;"
R1-12.47-3-ACDC,duplicate_ac_bus_identity,22,ACBus/56/index,0.000000,0,1,0,1,1,1,1,1,1,0.000000000001,0,0.000000000000,0.127125,0.309208,0.515042,7.730167,0.000000000,0.000000000,0.000000,0.000000,"validation: 3 error(s), 1 warning(s): [ACBus/56/index] Duplicate AC bus index 56; [ACBranch/4/to_bus] to_bus 29 not found; [ACBranch/5/from_bus] from_bus 29 not found; [ACSystem/connectivity] AC island 1 (1 buses) contains no slack bus;"
R1-12.47-3-ACDC,duplicate_ac_bus_identity,23,ACBus/66/index,0.000000,0,1,0,1,1,1,1,1,1,0.000000000001,0,0.000000000000,0.157084,0.218083,0.454875,7.677500,0.000000000,0.000000000,0.000000,0.000000,"validation: 3 error(s), 1 warning(s): [ACBus/66/index] Duplicate AC bus index 66; [ACBranch/50/to_bus] to_bus 19 not found; [Load/19/bus] bus 19 not found in AC; [ACSystem/connectivity] AC island 1 (1 buses) contains no slack bus;"
R1-12.47-3-ACDC,duplicate_ac_bus_identity,24,ACBus/48/index,0.000000,0,1,0,1,1,1,1,1,1,0.000000000001,0,0.000000000000,0.145375,0.282291,0.502083,7.167584,0.000000000,0.000000000,0.000000,0.000000,"validation: 3 error(s), 2 warning(s): [ACBus/48/index] Duplicate AC bus index 48; [ACBranch/27/to_bus] to_bus 64 not found; [ACBranch/49/from_bus] from_bus 64 not found; [ACSystem/connectivity] AC island 1 (1 buses) contains no slack bus; [ACSystem/connectivity] AC island 2 (1 buses) contains no slack bus;"
R1-12.47-3-ACDC,plausible_load_error,0,Load/8/load,0.934935,1,0,0,0,0,0,0,1,1,0.000000000001,0,0.000000000000,0.136375,0.214667,0.445417,7.502875,0.000117083,0.000000000,0.004481,0.000000,
R1-12.47-3-ACDC,plausible_load_error,1,Load/13/load,0.756748,1,0,0,0,0,0,0,1,1,0.000000000001,0,0.000000000000,0.144125,0.228000,0.442334,7.538167,0.001506463,0.000000000,0.007620,0.000000,
R1-12.47-3-ACDC,plausible_load_error,2,Load/1/load,0.769300,1,0,0,0,0,0,0,1,1,0.000000000001,0,0.000000000000,0.137584,0.231833,0.446000,7.660750,0.000594299,0.000000000,0.012713,0.000000,
R1-12.47-3-ACDC,plausible_load_error,3,Load/3/load,0.818386,1,0,0,0,0,0,0,1,1,0.000000000001,0,0.000000000000,0.135916,0.230791,0.445583,7.619625,0.000985274,0.000000000,0.005039,0.000000,
R1-12.47-3-ACDC,plausible_load_error,4,Load/12/load,0.732744,1,0,0,0,0,0,0,1,1,0.000000000001,0,0.000000000000,0.140333,0.224250,0.445583,7.603792,0.001651885,0.000000000,0.008370,0.000000,
R1-12.47-3-ACDC,plausible_load_error,5,Load/16/load,1.054376,1,0,0,0,0,0,0,1,1,0.000000000001,0,0.000000000000,0.155125,0.219958,0.425917,7.324125,0.000039618,0.000000000,0.003650,0.000000,
R1-12.47-3-ACDC,plausible_load_error,6,Load/22/load,0.936433,1,0,0,0,0,0,0,1,1,0.000000000001,0,0.000000000000,0.135708,0.206084,0.437791,7.590875,0.000629423,0.000000000,0.011447,0.000000,
R1-12.47-3-ACDC,plausible_load_error,7,Load/20/load,0.809826,1,0,0,0,0,0,0,1,1,0.000000000001,0,0.000000000000,0.149625,0.216709,0.438000,7.544791,0.000347083,0.000000000,0.019706,0.000000,
R1-12.47-3-ACDC,plausible_load_error,8,Load/7/load,1.263634,1,0,0,0,0,0,0,1,1,0.000000000001,0,0.000000000000,0.152000,0.217333,0.448292,7.656375,0.001027053,0.000000000,0.011518,0.000000,
R1-12.47-3-ACDC,plausible_load_error,9,Load/15/load,1.270305,1,0,0,0,0,0,0,1,1,0.000000000001,0,0.000000000000,0.155791,0.216916,0.449833,7.581416,0.000291234,0.000000000,0.005435,0.000000,
R1-12.47-3-ACDC,plausible_load_error,10,Load/9/load,1.106649,1,0,0,0,0,0,0,1,1,0.000000000001,0,0.000000000000,0.151416,0.224584,0.448167,7.639042,0.000085317,0.000000000,0.003207,0.000000,
R1-12.47-3-ACDC,plausible_load_error,11,Load/16/load,1.182552,1,0,0,0,0,0,0,1,1,0.000000000001,0,0.000000000000,0.151375,0.227667,0.446500,7.609709,0.000133034,0.000000000,0.012256,0.000000,
R1-12.47-3-ACDC,plausible_load_error,12,Load/12/load,0.937492,1,0,0,0,0,0,0,1,1,0.000000000001,0,0.000000000000,0.143791,0.229833,0.440667,7.698917,0.000390881,0.000000000,0.001960,0.000000,
R1-12.47-3-ACDC,plausible_load_error,13,Load/2/load,1.052640,1,0,0,0,0,0,0,1,1,0.000000000001,0,0.000000000000,0.147708,0.231000,0.442500,7.661375,0.000128889,0.000000000,0.002164,0.000000,
R1-12.47-3-ACDC,plausible_load_error,14,Load/15/load,1.284791,1,0,0,0,0,0,0,1,1,0.000000000001,0,0.000000000000,0.147583,0.219125,0.429166,7.487250,0.000306881,0.000000000,0.005726,0.000000,
R1-12.47-3-ACDC,plausible_load_error,15,Load/1/load,0.935699,1,0,0,0,0,0,0,1,1,0.000000000001,0,0.000000000000,0.148708,0.215042,0.450958,7.628167,0.000166363,0.000000000,0.003545,0.000000,
R1-12.47-3-ACDC,plausible_load_error,16,Load/15/load,0.954350,1,0,0,0,0,0,0,1,1,0.000000000001,0,0.000000000000,0.150250,0.215500,0.446333,7.725958,0.000049051,0.000000000,0.000918,0.000000,
R1-12.47-3-ACDC,plausible_load_error,17,Load/14/load,0.724697,1,0,0,0,0,0,0,1,1,0.000000000001,0,0.000000000000,0.145209,0.225500,0.445833,7.661833,0.001704954,0.000000000,0.008628,0.000000,
R1-12.47-3-ACDC,plausible_load_error,18,Load/16/load,0.915801,1,0,0,0,0,0,0,1,1,0.000000000001,0,0.000000000000,0.146000,0.222791,0.452000,7.752250,0.000061330,0.000000000,0.005652,0.000000,
R1-12.47-3-ACDC,plausible_load_error,19,Load/3/load,1.035810,1,0,0,0,0,0,0,1,1,0.000000000001,0,0.000000000000,0.138000,0.227000,0.449083,7.675041,0.000196431,0.000000000,0.000995,0.000000,
R1-12.47-3-ACDC,plausible_load_error,20,Load/3/load,0.899364,1,0,0,0,0,0,0,1,1,0.000000000001,0,0.000000000000,0.139875,0.231125,0.514917,7.670208,0.000548212,0.000000000,0.002793,0.000000,
R1-12.47-3-ACDC,plausible_load_error,21,Load/8/load,1.190614,1,0,0,0,0,0,0,1,1,0.000000000001,0,0.000000000000,0.144833,0.231041,0.449708,7.658625,0.000344111,0.000000000,0.013134,0.000000,
R1-12.47-3-ACDC,plausible_load_error,22,Load/1/load,1.126233,1,0,0,0,0,0,0,1,1,0.000000000001,0,0.000000000000,0.154917,0.265416,0.455834,7.675417,0.000328219,0.000000000,0.006962,0.000000,
R1-12.47-3-ACDC,plausible_load_error,23,Load/16/load,0.950968,1,0,0,0,0,0,0,1,1,0.000000000001,0,0.000000000000,0.150875,0.231834,0.447500,7.720875,0.000035717,0.000000000,0.003291,0.000000,
R1-12.47-3-ACDC,plausible_load_error,24,Load/12/load,1.252555,1,0,0,0,0,0,0,1,1,0.000000000001,0,0.000000000000,0.146125,0.229250,0.456166,7.681750,0.001607711,0.000000000,0.007932,0.000000,
R1-12.47-3-ACDC,plausible_converter_setpoint_error,0,VSCConverter/1/p_set_mw,0.008885,1,0,0,0,0,0,0,1,1,0.000000000001,0,0.000000000000,0.152042,0.222250,0.452792,7.730250,0.000499214,0.000017599,0.009135,0.008974,
R1-12.47-3-ACDC,plausible_converter_setpoint_error,1,VSCConverter/1/p_set_mw,-0.019153,1,0,0,0,0,0,0,1,1,0.000000000001,0,0.000000000000,0.155209,0.216833,0.451250,7.685583,0.001077868,0.000037934,0.019722,0.019345,
R1-12.47-3-ACDC,plausible_converter_setpoint_error,2,VSCConverter/1/p_set_mw,0.013519,1,0,0,0,0,0,0,1,1,0.000000000001,0,0.000000000000,0.151542,0.217958,0.450292,7.744125,0.000759363,0.000026777,0.013895,0.013655,
R1-12.47-3-ACDC,plausible_converter_setpoint_error,3,VSCConverter/1/p_set_mw,-0.014229,1,0,0,0,0,0,0,1,1,0.000000000001,0,0.000000000000,0.152375,0.219542,0.449417,7.674917,0.000800494,0.000028180,0.014647,0.014371,
R1-12.47-3-ACDC,plausible_converter_setpoint_error,4,VSCConverter/1/p_set_mw,0.012849,1,0,0,0,0,0,0,1,1,0.000000000001,0,0.000000000000,0.150667,0.220917,0.447375,7.728167,0.000721752,0.000025450,0.013207,0.012978,
R1-12.47-3-ACDC,plausible_converter_setpoint_error,5,VSCConverter/1/p_set_mw,-0.029563,1,0,0,0,0,0,0,1,1,0.000000000002,0,0.000000000000,0.145042,0.224042,0.450000,7.667709,0.001664683,0.000058440,0.030459,0.029803,
R1-12.47-3-ACDC,plausible_converter_setpoint_error,6,VSCConverter/1/p_set_mw,0.005093,1,0,0,0,0,0,0,1,1,0.000000000001,0,0.000000000000,0.145208,0.223834,0.452167,7.742833,0.000286208,0.000010087,0.005237,0.005144,
R1-12.47-3-ACDC,plausible_converter_setpoint_error,7,VSCConverter/1/p_set_mw,-0.026490,1,0,0,0,0,0,0,1,1,0.000000000001,0,0.000000000000,0.138875,0.230625,0.447750,7.680625,0.001491397,0.000052464,0.027288,0.026755,
R1-12.47-3-ACDC,plausible_converter_setpoint_error,8,VSCConverter/1/p_set_mw,0.012668,1,0,0,0,0,0,0,1,1,0.000000000001,0,0.000000000000,0.139000,0.230833,0.448334,7.719042,0.000711570,0.000025091,0.013020,0.012795,
R1-12.47-3-ACDC,plausible_converter_setpoint_error,9,VSCConverter/1/p_set_mw,-0.016354,1,0,0,0,0,0,0,1,1,0.000000000001,0,0.000000000000,0.139125,0.209500,0.416875,7.560375,0.000920164,0.000032389,0.016837,0.016517,
R1-12.47-3-ACDC,plausible_converter_setpoint_error,10,VSCConverter/1/p_set_mw,-0.009654,1,0,0,0,0,0,0,1,1,0.000000000001,0,0.000000000000,0.149083,0.217167,0.448125,7.691416,0.000542977,0.000019120,0.009935,0.009750,
R1-12.47-3-ACDC,plausible_converter_setpoint_error,11,VSCConverter/1/p_set_mw,0.012638,1,0,0,0,0,0,0,1,1,0.000000000001,0,0.000000000000,0.148250,0.220625,0.450292,7.708125,0.000709867,0.000025031,0.012989,0.012764,
R1-12.47-3-ACDC,plausible_converter_setpoint_error,12,VSCConverter/1/p_set_mw,0.029173,1,0,0,0,0,0,0,1,1,0.000000000001,0,0.000000000000,0.143917,0.225791,0.450250,7.740041,0.001637082,0.000057783,0.029956,0.029465,
R1-12.47-3-ACDC,plausible_converter_setpoint_error,13,VSCConverter/1/p_set_mw,-0.010220,1,0,0,0,0,0,0,1,1,0.000000000001,0,0.000000000000,0.139125,0.231208,0.449209,7.667250,0.000574840,0.000020241,0.010518,0.010322,
R1-12.47-3-ACDC,plausible_converter_setpoint_error,14,VSCConverter/1/p_set_mw,-0.018734,1,0,0,0,0,0,0,1,1,0.000000000001,0,0.000000000000,0.138416,0.230917,0.448708,7.731417,0.001054228,0.000037103,0.019290,0.018921,
R1-12.47-3-ACDC,plausible_converter_setpoint_error,15,VSCConverter/1/p_set_mw,0.028015,1,0,0,0,0,0,0,1,1,0.000000000001,0,0.000000000000,0.145042,0.229667,0.448000,7.685667,0.001572213,0.000055489,0.028769,0.028295,
R1-12.47-3-ACDC,plausible_converter_setpoint_error,16,VSCConverter/1/p_set_mw,-0.022620,1,0,0,0,0,0,0,1,1,0.000000000001,0,0.000000000000,0.146084,0.231041,0.451417,7.727584,0.001273193,0.000044798,0.023296,0.022846,
R1-12.47-3-ACDC,plausible_converter_setpoint_error,17,VSCConverter/1/p_set_mw,-0.020357,1,0,0,0,0,0,0,1,1,0.000000000001,0,0.000000000000,0.152000,0.228583,0.450334,7.665083,0.001145700,0.000040318,0.020963,0.020561,
R1-12.47-3-ACDC,plausible_converter_setpoint_error,18,VSCConverter/1/p_set_mw,-0.013579,1,0,0,0,0,0,0,1,1,0.000000000001,0,0.000000000000,0.138875,0.208000,0.416584,7.324333,0.000763905,0.000026893,0.013978,0.013715,
R1-12.47-3-ACDC,plausible_converter_setpoint_error,19,VSCConverter/1/p_set_mw,0.026310,1,0,0,0,0,0,0,1,1,0.000000000002,0,0.000000000000,0.153250,0.219750,0.446541,7.515000,0.001476690,0.000052113,0.027021,0.026573,
R1-12.47-3-ACDC,plausible_converter_setpoint_error,20,VSCConverter/1/p_set_mw,0.013653,1,0,0,0,0,0,0,1,1,0.000000000001,0,0.000000000000,0.136584,0.231750,0.445875,7.657750,0.000766874,0.000027042,0.014032,0.013790,
R1-12.47-3-ACDC,plausible_converter_setpoint_error,21,VSCConverter/1/p_set_mw,0.023396,1,0,0,0,0,0,0,1,1,0.000000000001,0,0.000000000000,0.141833,0.230875,0.444959,7.617542,0.001313339,0.000046340,0.024032,0.023630,
R1-12.47-3-ACDC,plausible_converter_setpoint_error,22,VSCConverter/1/p_set_mw,-0.021198,1,0,0,0,0,0,0,1,1,0.000000000001,0,0.000000000000,0.136167,0.231042,0.445375,7.674875,0.001193081,0.000041983,0.021830,0.021410,
R1-12.47-3-ACDC,plausible_converter_setpoint_error,23,VSCConverter/1/p_set_mw,0.010386,1,0,0,0,0,0,0,1,1,0.000000000001,0,0.000000000000,0.137000,0.229541,0.445084,7.649542,0.000583488,0.000020572,0.010677,0.010490,
R1-12.47-3-ACDC,plausible_converter_setpoint_error,24,VSCConverter/1/p_set_mw,0.025024,1,0,0,0,0,0,0,1,1,0.000000000001,0,0.000000000000,0.138917,0.225500,0.446666,7.710209,0.001404607,0.000049565,0.025702,0.025274,
R3-12.47-2-ACDC,valid_control,0,none,0.000000,1,0,0,0,0,0,0,1,1,0.000000000007,0,0.000000000000,0.587041,0.960416,1.810625,34.463583,0.000000000,0.000000000,0.000000,0.000000,
R3-12.47-2-ACDC,valid_control,1,none,0.000000,1,0,0,0,0,0,0,1,1,0.000000000007,0,0.000000000000,0.570500,0.911416,1.771209,33.870666,0.000000000,0.000000000,0.000000,0.000000,
R3-12.47-2-ACDC,valid_control,2,none,0.000000,1,0,0,0,0,0,0,1,1,0.000000000010,0,0.000000000000,0.577833,0.935209,1.791708,35.944542,0.000000000,0.000000000,0.000000,0.000000,
R3-12.47-2-ACDC,valid_control,3,none,0.000000,1,0,0,0,0,0,0,1,1,0.000000000008,0,0.000000000000,0.575125,0.941417,1.797084,35.518667,0.000000000,0.000000000,0.000000,0.000000,
R3-12.47-2-ACDC,valid_control,4,none,0.000000,1,0,0,0,0,0,0,1,1,0.000000000009,0,0.000000000000,0.530834,0.883833,1.732667,35.719750,0.000000000,0.000000000,0.000000,0.000000,
R3-12.47-2-ACDC,valid_control,5,none,0.000000,1,0,0,0,0,0,0,1,1,0.000000000005,0,0.000000000000,0.567792,0.938333,1.789459,35.820667,0.000000000,0.000000000,0.000000,0.000000,
R3-12.47-2-ACDC,valid_control,6,none,0.000000,1,0,0,0,0,0,0,1,1,0.000000000008,0,0.000000000000,0.546792,0.916458,1.758333,35.806708,0.000000000,0.000000000,0.000000,0.000000,
R3-12.47-2-ACDC,valid_control,7,none,0.000000,1,0,0,0,0,0,0,1,1,0.000000000007,0,0.000000000000,0.565708,0.940917,1.851291,33.917542,0.000000000,0.000000000,0.000000,0.000000,
R3-12.47-2-ACDC,valid_control,8,none,0.000000,1,0,0,0,0,0,0,1,1,0.000000000007,0,0.000000000000,0.559750,0.936750,1.781750,36.676083,0.000000000,0.000000000,0.000000,0.000000,
R3-12.47-2-ACDC,valid_control,9,none,0.000000,1,0,0,0,0,0,0,1,1,0.000000000006,0,0.000000000000,0.567500,0.947417,1.812084,35.418833,0.000000000,0.000000000,0.000000,0.000000,
R3-12.47-2-ACDC,valid_control,10,none,0.000000,1,0,0,0,0,0,0,1,1,0.000000000007,0,0.000000000000,0.588625,1.019833,1.884333,36.379208,0.000000000,0.000000000,0.000000,0.000000,
R3-12.47-2-ACDC,valid_control,11,none,0.000000,1,0,0,0,0,0,0,1,1,0.000000000007,0,0.000000000000,0.543333,0.920958,1.753875,37.328500,0.000000000,0.000000000,0.000000,0.000000,
R3-12.47-2-ACDC,valid_control,12,none,0.000000,1,0,0,0,0,0,0,1,1,0.000000000010,0,0.000000000000,0.571625,0.985042,1.879459,36.529666,0.000000000,0.000000000,0.000000,0.000000,
R3-12.47-2-ACDC,valid_control,13,none,0.000000,1,0,0,0,0,0,0,1,1,0.000000000011,0,0.000000000000,0.581875,0.949000,1.794291,34.070125,0.000000000,0.000000000,0.000000,0.000000,
R3-12.47-2-ACDC,valid_control,14,none,0.000000,1,0,0,0,0,0,0,1,1,0.000000000008,0,0.000000000000,0.579917,0.945500,1.846583,35.826500,0.000000000,0.000000000,0.000000,0.000000,
R3-12.47-2-ACDC,valid_control,15,none,0.000000,1,0,0,0,0,0,0,1,1,0.000000000007,0,0.000000000000,0.540375,0.884750,1.657292,34.835125,0.000000000,0.000000000,0.000000,0.000000,
R3-12.47-2-ACDC,valid_control,16,none,0.000000,1,0,0,0,0,0,0,1,1,0.000000000007,0,0.000000000000,0.578250,0.947708,1.786583,34.838917,0.000000000,0.000000000,0.000000,0.000000,
R3-12.47-2-ACDC,valid_control,17,none,0.000000,1,0,0,0,0,0,0,1,1,0.000000000011,0,0.000000000000,0.578334,0.949000,1.801500,36.856459,0.000000000,0.000000000,0.000000,0.000000,
R3-12.47-2-ACDC,valid_control,18,none,0.000000,1,0,0,0,0,0,0,1,1,0.000000000005,0,0.000000000000,0.563584,0.929667,1.792583,36.802250,0.000000000,0.000000000,0.000000,0.000000,
R3-12.47-2-ACDC,valid_control,19,none,0.000000,1,0,0,0,0,0,0,1,1,0.000000000006,0,0.000000000000,0.568958,0.936791,1.815250,36.799791,0.000000000,0.000000000,0.000000,0.000000,
R3-12.47-2-ACDC,valid_control,20,none,0.000000,1,0,0,0,0,0,0,1,1,0.000000000009,0,0.000000000000,0.565042,0.940291,1.820167,33.941625,0.000000000,0.000000000,0.000000,0.000000,
R3-12.47-2-ACDC,valid_control,21,none,0.000000,1,0,0,0,0,0,0,1,1,0.000000000005,0,0.000000000000,0.577500,0.959500,1.883708,39.104416,0.000000000,0.000000000,0.000000,0.000000,
R3-12.47-2-ACDC,valid_control,22,none,0.000000,1,0,0,0,0,0,0,1,1,0.000000000005,0,0.000000000000,0.630417,1.008334,1.961375,34.589375,0.000000000,0.000000000,0.000000,0.000000,
R3-12.47-2-ACDC,valid_control,23,none,0.000000,1,0,0,0,0,0,0,1,1,0.000000000007,0,0.000000000000,0.571333,0.940083,1.812834,36.729084,0.000000000,0.000000000,0.000000,0.000000,
R3-12.47-2-ACDC,valid_control,24,none,0.000000,1,0,0,0,0,0,0,1,1,0.000000000006,0,0.000000000000,0.563750,0.896291,1.682875,34.738708,0.000000000,0.000000000,0.000000,0.000000,
R3-12.47-2-ACDC,missing_vsc_ac_terminal,0,VSCConverter/1/bus_ac,0.000000,0,1,0,1,1,1,1,1,1,0.000000000007,0,0.000000000000,0.551125,0.953166,1.702500,37.619500,0.000000000,0.000000000,0.000000,0.000000,validation: 1 error(s): [VSCConverter/1/bus_ac] bus_ac 100157314 not found;
R3-12.47-2-ACDC,missing_vsc_ac_terminal,1,VSCConverter/1/bus_ac,0.000000,0,1,0,1,1,1,1,1,1,0.000000000007,0,0.000000000000,0.507417,0.987750,1.881000,38.045708,0.000000000,0.000000000,0.000000,0.000000,validation: 1 error(s): [VSCConverter/1/bus_ac] bus_ac 100920229 not found;
R3-12.47-2-ACDC,missing_vsc_ac_terminal,2,VSCConverter/1/bus_ac,0.000000,0,1,0,1,1,1,1,1,1,0.000000000007,0,0.000000000000,0.475375,0.870291,1.672584,37.578833,0.000000000,0.000000000,0.000000,0.000000,validation: 1 error(s): [VSCConverter/1/bus_ac] bus_ac 100037140 not found;
R3-12.47-2-ACDC,missing_vsc_ac_terminal,3,VSCConverter/1/bus_ac,0.000000,0,1,0,1,1,1,1,1,1,0.000000000007,0,0.000000000000,0.500459,0.917083,1.708250,39.150875,0.000000000,0.000000000,0.000000,0.000000,validation: 1 error(s): [VSCConverter/1/bus_ac] bus_ac 100869790 not found;
R3-12.47-2-ACDC,missing_vsc_ac_terminal,4,VSCConverter/1/bus_ac,0.000000,0,1,0,1,1,1,1,1,1,0.000000000007,0,0.000000000000,0.553375,0.987709,1.739166,38.184542,0.000000000,0.000000000,0.000000,0.000000,validation: 1 error(s): [VSCConverter/1/bus_ac] bus_ac 100203912 not found;
R3-12.47-2-ACDC,missing_vsc_ac_terminal,5,VSCConverter/2/bus_ac,0.000000,0,1,0,1,1,1,1,1,1,0.000000000006,0,0.000000000000,0.509292,0.940041,1.731042,37.292833,0.000000000,0.000000000,0.000000,0.000000,validation: 1 error(s): [VSCConverter/2/bus_ac] bus_ac 100673192 not found;
R3-12.47-2-ACDC,missing_vsc_ac_terminal,6,VSCConverter/2/bus_ac,0.000000,0,1,0,1,1,1,1,1,1,0.000000000006,0,0.000000000000,0.495208,0.943250,1.704542,38.039166,0.000000000,0.000000000,0.000000,0.000000,validation: 1 error(s): [VSCConverter/2/bus_ac] bus_ac 100767364 not found;
R3-12.47-2-ACDC,missing_vsc_ac_terminal,7,VSCConverter/1/bus_ac,0.000000,0,1,0,1,1,1,1,1,1,0.000000000007,0,0.000000000000,0.494250,0.939792,1.740250,38.154125,0.000000000,0.000000000,0.000000,0.000000,validation: 1 error(s): [VSCConverter/1/bus_ac] bus_ac 100848045 not found;
R3-12.47-2-ACDC,missing_vsc_ac_terminal,8,VSCConverter/1/bus_ac,0.000000,0,1,0,1,1,1,1,1,1,0.000000000007,0,0.000000000000,0.538291,0.956667,1.780333,38.658333,0.000000000,0.000000000,0.000000,0.000000,validation: 1 error(s): [VSCConverter/1/bus_ac] bus_ac 100832032 not found;
R3-12.47-2-ACDC,missing_vsc_ac_terminal,9,VSCConverter/2/bus_ac,0.000000,0,1,0,1,1,1,1,1,1,0.000000000006,0,0.000000000000,0.501125,0.938041,1.727375,37.883417,0.000000000,0.000000000,0.000000,0.000000,validation: 1 error(s): [VSCConverter/2/bus_ac] bus_ac 100593227 not found;
R3-12.47-2-ACDC,missing_vsc_ac_terminal,10,VSCConverter/2/bus_ac,0.000000,0,1,0,1,1,1,1,1,1,0.000000000006,0,0.000000000000,0.507709,0.949083,1.725458,37.792542,0.000000000,0.000000000,0.000000,0.000000,validation: 1 error(s): [VSCConverter/2/bus_ac] bus_ac 100142688 not found;
R3-12.47-2-ACDC,missing_vsc_ac_terminal,11,VSCConverter/2/bus_ac,0.000000,0,1,0,1,1,1,1,1,1,0.000000000006,0,0.000000000000,0.511416,0.934083,1.729875,38.204917,0.000000000,0.000000000,0.000000,0.000000,validation: 1 error(s): [VSCConverter/2/bus_ac] bus_ac 100669962 not found;
R3-12.47-2-ACDC,missing_vsc_ac_terminal,12,VSCConverter/1/bus_ac,0.000000,0,1,0,1,1,1,1,1,1,0.000000000007,0,0.000000000000,0.473667,0.870375,1.582417,37.141500,0.000000000,0.000000000,0.000000,0.000000,validation: 1 error(s): [VSCConverter/1/bus_ac] bus_ac 100176516 not found;
R3-12.47-2-ACDC,missing_vsc_ac_terminal,13,VSCConverter/2/bus_ac,0.000000,0,1,0,1,1,1,1,1,1,0.000000000006,0,0.000000000000,0.483208,0.931500,1.705500,37.331167,0.000000000,0.000000000,0.000000,0.000000,validation: 1 error(s): [VSCConverter/2/bus_ac] bus_ac 100542418 not found;
R3-12.47-2-ACDC,missing_vsc_ac_terminal,14,VSCConverter/1/bus_ac,0.000000,0,1,0,1,1,1,1,1,1,0.000000000007,0,0.000000000000,0.495000,0.991792,1.721042,37.194916,0.000000000,0.000000000,0.000000,0.000000,validation: 1 error(s): [VSCConverter/1/bus_ac] bus_ac 100770410 not found;
R3-12.47-2-ACDC,missing_vsc_ac_terminal,15,VSCConverter/2/bus_ac,0.000000,0,1,0,1,1,1,1,1,1,0.000000000006,0,0.000000000000,0.504458,0.948042,1.731500,37.855584,0.000000000,0.000000000,0.000000,0.000000,validation: 1 error(s): [VSCConverter/2/bus_ac] bus_ac 100616292 not found;
R3-12.47-2-ACDC,missing_vsc_ac_terminal,16,VSCConverter/2/bus_ac,0.000000,0,1,0,1,1,1,1,1,1,0.000000000006,0,0.000000000000,0.498250,0.938375,1.795500,37.666917,0.000000000,0.000000000,0.000000,0.000000,validation: 1 error(s): [VSCConverter/2/bus_ac] bus_ac 100462705 not found;
R3-12.47-2-ACDC,missing_vsc_ac_terminal,17,VSCConverter/1/bus_ac,0.000000,0,1,0,1,1,1,1,1,1,0.000000000007,0,0.000000000000,0.499083,1.001083,1.758209,36.127000,0.000000000,0.000000000,0.000000,0.000000,validation: 1 error(s): [VSCConverter/1/bus_ac] bus_ac 100976755 not found;
R3-12.47-2-ACDC,missing_vsc_ac_terminal,18,VSCConverter/2/bus_ac,0.000000,0,1,0,1,1,1,1,1,1,0.000000000006,0,0.000000000000,0.506875,0.926583,1.704625,38.196416,0.000000000,0.000000000,0.000000,0.000000,validation: 1 error(s): [VSCConverter/2/bus_ac] bus_ac 100349758 not found;
R3-12.47-2-ACDC,missing_vsc_ac_terminal,19,VSCConverter/2/bus_ac,0.000000,0,1,0,1,1,1,1,1,1,0.000000000006,0,0.000000000000,0.506292,1.002875,1.900083,38.205917,0.000000000,0.000000000,0.000000,0.000000,validation: 1 error(s): [VSCConverter/2/bus_ac] bus_ac 100015242 not found;
R3-12.47-2-ACDC,missing_vsc_ac_terminal,20,VSCConverter/2/bus_ac,0.000000,0,1,0,1,1,1,1,1,1,0.000000000006,0,0.000000000000,0.515875,0.986667,1.750791,37.828959,0.000000000,0.000000000,0.000000,0.000000,validation: 1 error(s): [VSCConverter/2/bus_ac] bus_ac 100723583 not found;
R3-12.47-2-ACDC,missing_vsc_ac_terminal,21,VSCConverter/2/bus_ac,0.000000,0,1,0,1,1,1,1,1,1,0.000000000006,0,0.000000000000,0.500416,0.934750,1.720084,37.767916,0.000000000,0.000000000,0.000000,0.000000,validation: 1 error(s): [VSCConverter/2/bus_ac] bus_ac 100258669 not found;
R3-12.47-2-ACDC,missing_vsc_ac_terminal,22,VSCConverter/2/bus_ac,0.000000,0,1,0,1,1,1,1,1,1,0.000000000006,0,0.000000000000,0.496000,0.928125,1.715125,36.705292,0.000000000,0.000000000,0.000000,0.000000,validation: 1 error(s): [VSCConverter/2/bus_ac] bus_ac 100876841 not found;
R3-12.47-2-ACDC,missing_vsc_ac_terminal,23,VSCConverter/1/bus_ac,0.000000,0,1,0,1,1,1,1,1,1,0.000000000007,0,0.000000000000,0.505375,1.014000,1.714666,37.828167,0.000000000,0.000000000,0.000000,0.000000,validation: 1 error(s): [VSCConverter/1/bus_ac] bus_ac 100404082 not found;
R3-12.47-2-ACDC,missing_vsc_ac_terminal,24,VSCConverter/1/bus_ac,0.000000,0,1,0,1,1,1,1,1,1,0.000000000007,0,0.000000000000,0.501209,0.933958,1.708250,37.631042,0.000000000,0.000000000,0.000000,0.000000,validation: 1 error(s): [VSCConverter/1/bus_ac] bus_ac 100421763 not found;
R3-12.47-2-ACDC,missing_vsc_dc_terminal,0,VSCConverter/1/bus_dc,0.000000,0,1,0,1,1,1,1,1,1,0.000000000006,0,0.000000000000,0.497125,0.922167,1.814500,38.687583,0.000000000,0.000000000,0.000000,0.000000,validation: 1 error(s): [VSCConverter/1/bus_dc] bus_dc 200127234 not found;
R3-12.47-2-ACDC,missing_vsc_dc_terminal,1,VSCConverter/1/bus_dc,0.000000,0,1,0,1,1,1,1,1,1,0.000000000006,0,0.000000000000,0.534625,0.953375,1.686834,38.618833,0.000000000,0.000000000,0.000000,0.000000,validation: 1 error(s): [VSCConverter/1/bus_dc] bus_dc 200519535 not found;
R3-12.47-2-ACDC,missing_vsc_dc_terminal,2,VSCConverter/2/bus_dc,0.000000,0,1,0,1,1,1,1,1,1,0.000000000006,0,0.000000000000,0.488916,1.035417,1.852667,38.475667,0.000000000,0.000000000,0.000000,0.000000,"validation: 1 error(s), 1 warning(s): [DCBus/2/bus_type] DC voltage-reference bus 2 has no in-service physical balancing device. It will be treated as an ideal bidirectional DC voltage boundary; add controllable DC storage, a DC-voltage-forming VSC/LCC, or a voltage-forming DC/DC converter when a physical boundary model is required.; [VSCConverter/2/bus_dc] bus_dc 200681078 not found;"
R3-12.47-2-ACDC,missing_vsc_dc_terminal,3,VSCConverter/2/bus_dc,0.000000,0,1,0,1,1,1,1,1,1,0.000000000006,0,0.000000000000,0.526750,0.983792,1.845000,37.660541,0.000000000,0.000000000,0.000000,0.000000,"validation: 1 error(s), 1 warning(s): [DCBus/2/bus_type] DC voltage-reference bus 2 has no in-service physical balancing device. It will be treated as an ideal bidirectional DC voltage boundary; add controllable DC storage, a DC-voltage-forming VSC/LCC, or a voltage-forming DC/DC converter when a physical boundary model is required.; [VSCConverter/2/bus_dc] bus_dc 200348689 not found;"
R3-12.47-2-ACDC,missing_vsc_dc_terminal,4,VSCConverter/1/bus_dc,0.000000,0,1,0,1,1,1,1,1,1,0.000000000006,0,0.000000000000,0.545250,0.984042,1.949667,39.881541,0.000000000,0.000000000,0.000000,0.000000,validation: 1 error(s): [VSCConverter/1/bus_dc] bus_dc 200131605 not found;
R3-12.47-2-ACDC,missing_vsc_dc_terminal,5,VSCConverter/1/bus_dc,0.000000,0,1,0,1,1,1,1,1,1,0.000000000006,0,0.000000000000,0.515167,0.968000,1.999167,38.361250,0.000000000,0.000000000,0.000000,0.000000,validation: 1 error(s): [VSCConverter/1/bus_dc] bus_dc 200376611 not found;
R3-12.47-2-ACDC,missing_vsc_dc_terminal,6,VSCConverter/1/bus_dc,0.000000,0,1,0,1,1,1,1,1,1,0.000000000006,0,0.000000000000,0.614417,0.877792,1.602375,36.772583,0.000000000,0.000000000,0.000000,0.000000,validation: 1 error(s): [VSCConverter/1/bus_dc] bus_dc 200352379 not found;
R3-12.47-2-ACDC,missing_vsc_dc_terminal,7,VSCConverter/1/bus_dc,0.000000,0,1,0,1,1,1,1,1,1,0.000000000006,0,0.000000000000,0.494375,0.902000,1.614417,37.970583,0.000000000,0.000000000,0.000000,0.000000,validation: 1 error(s): [VSCConverter/1/bus_dc] bus_dc 200651278 not found;
R3-12.47-2-ACDC,missing_vsc_dc_terminal,8,VSCConverter/1/bus_dc,0.000000,0,1,0,1,1,1,1,1,1,0.000000000006,0,0.000000000000,0.487209,0.977042,1.910959,38.315958,0.000000000,0.000000000,0.000000,0.000000,validation: 1 error(s): [VSCConverter/1/bus_dc] bus_dc 200798175 not found;
R3-12.47-2-ACDC,missing_vsc_dc_terminal,9,VSCConverter/1/bus_dc,0.000000,0,1,0,1,1,1,1,1,1,0.000000000006,0,0.000000000000,0.490375,1.150167,1.632041,37.993750,0.000000000,0.000000000,0.000000,0.000000,validation: 1 error(s): [VSCConverter/1/bus_dc] bus_dc 200367386 not found;
R3-12.47-2-ACDC,missing_vsc_dc_terminal,10,VSCConverter/2/bus_dc,0.000000,0,1,0,1,1,1,1,1,1,0.000000000006,0,0.000000000000,0.484542,0.878459,1.745084,38.707958,0.000000000,0.000000000,0.000000,0.000000,"validation: 1 error(s), 1 warning(s): [DCBus/2/bus_type] DC voltage-reference bus 2 has no in-service physical balancing device. It will be treated as an ideal bidirectional DC voltage boundary; add controllable DC storage, a DC-voltage-forming VSC/LCC, or a voltage-forming DC/DC converter when a physical boundary model is required.; [VSCConverter/2/bus_dc] bus_dc 200144164 not found;"
R3-12.47-2-ACDC,missing_vsc_dc_terminal,11,VSCConverter/1/bus_dc,0.000000,0,1,0,1,1,1,1,1,1,0.000000000006,0,0.000000000000,0.509916,0.934333,1.716625,37.684042,0.000000000,0.000000000,0.000000,0.000000,validation: 1 error(s): [VSCConverter/1/bus_dc] bus_dc 200762165 not found;
R3-12.47-2-ACDC,missing_vsc_dc_terminal,12,VSCConverter/1/bus_dc,0.000000,0,1,0,1,1,1,1,1,1,0.000000000006,0,0.000000000000,0.486583,0.890542,1.703167,37.606084,0.000000000,0.000000000,0.000000,0.000000,validation: 1 error(s): [VSCConverter/1/bus_dc] bus_dc 200555964 not found;
R3-12.47-2-ACDC,missing_vsc_dc_terminal,13,VSCConverter/1/bus_dc,0.000000,0,1,0,1,1,1,1,1,1,0.000000000006,0,0.000000000000,0.497792,0.909333,1.855542,38.559209,0.000000000,0.000000000,0.000000,0.000000,validation: 1 error(s): [VSCConverter/1/bus_dc] bus_dc 200399978 not found;
R3-12.47-2-ACDC,missing_vsc_dc_terminal,14,VSCConverter/2/bus_dc,0.000000,0,1,0,1,1,1,1,1,1,0.000000000006,0,0.000000000000,0.517834,1.089208,1.942333,39.027291,0.000000000,0.000000000,0.000000,0.000000,"validation: 1 error(s), 1 warning(s): [DCBus/2/bus_type] DC voltage-reference bus 2 has no in-service physical balancing device. It will be treated as an ideal bidirectional DC voltage boundary; add controllable DC storage, a DC-voltage-forming VSC/LCC, or a voltage-forming DC/DC converter when a physical boundary model is required.; [VSCConverter/2/bus_dc] bus_dc 200180952 not found;"
R3-12.47-2-ACDC,missing_vsc_dc_terminal,15,VSCConverter/2/bus_dc,0.000000,0,1,0,1,1,1,1,1,1,0.000000000006,0,0.000000000000,0.522542,0.898250,1.708583,37.513084,0.000000000,0.000000000,0.000000,0.000000,"validation: 1 error(s), 1 warning(s): [DCBus/2/bus_type] DC voltage-reference bus 2 has no in-service physical balancing device. It will be treated as an ideal bidirectional DC voltage boundary; add controllable DC storage, a DC-voltage-forming VSC/LCC, or a voltage-forming DC/DC converter when a physical boundary model is required.; [VSCConverter/2/bus_dc] bus_dc 200504594 not found;"
R3-12.47-2-ACDC,missing_vsc_dc_terminal,16,VSCConverter/1/bus_dc,0.000000,0,1,0,1,1,1,1,1,1,0.000000000006,0,0.000000000000,0.522208,0.954667,1.753083,37.358000,0.000000000,0.000000000,0.000000,0.000000,validation: 1 error(s): [VSCConverter/1/bus_dc] bus_dc 200732685 not found;
R3-12.47-2-ACDC,missing_vsc_dc_terminal,17,VSCConverter/1/bus_dc,0.000000,0,1,0,1,1,1,1,1,1,0.000000000006,0,0.000000000000,0.504750,0.962208,1.716167,37.994333,0.000000000,0.000000000,0.000000,0.000000,validation: 1 error(s): [VSCConverter/1/bus_dc] bus_dc 200985570 not found;
R3-12.47-2-ACDC,missing_vsc_dc_terminal,18,VSCConverter/1/bus_dc,0.000000,0,1,0,1,1,1,1,1,1,0.000000000006,0,0.000000000000,0.554417,0.931834,1.742500,38.127583,0.000000000,0.000000000,0.000000,0.000000,validation: 1 error(s): [VSCConverter/1/bus_dc] bus_dc 200790279 not found;
R3-12.47-2-ACDC,missing_vsc_dc_terminal,19,VSCConverter/1/bus_dc,0.000000,0,1,0,1,1,1,1,1,1,0.000000000006,0,0.000000000000,0.562875,1.131375,1.676666,38.137708,0.000000000,0.000000000,0.000000,0.000000,validation: 1 error(s): [VSCConverter/1/bus_dc] bus_dc 200115662 not found;
R3-12.47-2-ACDC,missing_vsc_dc_terminal,20,VSCConverter/1/bus_dc,0.000000,0,1,0,1,1,1,1,1,1,0.000000000006,0,0.000000000000,0.496375,0.993584,1.760791,38.090667,0.000000000,0.000000000,0.000000,0.000000,validation: 1 error(s): [VSCConverter/1/bus_dc] bus_dc 200233911 not found;
R3-12.47-2-ACDC,missing_vsc_dc_terminal,21,VSCConverter/2/bus_dc,0.000000,0,1,0,1,1,1,1,1,1,0.000000000006,0,0.000000000000,0.523708,1.019625,1.899542,39.177458,0.000000000,0.000000000,0.000000,0.000000,"validation: 1 error(s), 1 warning(s): [DCBus/2/bus_type] DC voltage-reference bus 2 has no in-service physical balancing device. It will be treated as an ideal bidirectional DC voltage boundary; add controllable DC storage, a DC-voltage-forming VSC/LCC, or a voltage-forming DC/DC converter when a physical boundary model is required.; [VSCConverter/2/bus_dc] bus_dc 200630492 not found;"
R3-12.47-2-ACDC,missing_vsc_dc_terminal,22,VSCConverter/2/bus_dc,0.000000,0,1,0,1,1,1,1,1,1,0.000000000006,0,0.000000000000,0.498250,0.895334,1.695583,38.029750,0.000000000,0.000000000,0.000000,0.000000,"validation: 1 error(s), 1 warning(s): [DCBus/2/bus_type] DC voltage-reference bus 2 has no in-service physical balancing device. It will be treated as an ideal bidirectional DC voltage boundary; add controllable DC storage, a DC-voltage-forming VSC/LCC, or a voltage-forming DC/DC converter when a physical boundary model is required.; [VSCConverter/2/bus_dc] bus_dc 200359359 not found;"
R3-12.47-2-ACDC,missing_vsc_dc_terminal,23,VSCConverter/1/bus_dc,0.000000,0,1,0,1,1,1,1,1,1,0.000000000006,0,0.000000000000,0.486334,0.905292,1.687541,37.654750,0.000000000,0.000000000,0.000000,0.000000,validation: 1 error(s): [VSCConverter/1/bus_dc] bus_dc 200251976 not found;
R3-12.47-2-ACDC,missing_vsc_dc_terminal,24,VSCConverter/1/bus_dc,0.000000,0,1,0,1,1,1,1,1,1,0.000000000006,0,0.000000000000,0.515875,0.939375,1.757292,38.976500,0.000000000,0.000000000,0.000000,0.000000,validation: 1 error(s): [VSCConverter/1/bus_dc] bus_dc 200348678 not found;
R3-12.47-2-ACDC,missing_ac_reference,0,ACSystem/reference,0.000000,0,1,1,1,1,1,1,1,0,0.000000000000,0,0.000000000000,0.539792,1.055083,1.927833,0.476875,0.000000000,0.000000000,0.000000,0.000000,"validation: 1 error(s), 1 warning(s): [ACSystem] No slack bus found (BusType::SLACK or Generator::is_slack); [ACSystem/connectivity] AC island 0 (332 buses) contains no slack bus;"
R3-12.47-2-ACDC,missing_ac_reference,1,ACSystem/reference,0.000000,0,1,1,1,1,1,1,1,0,0.000000000000,0,0.000000000000,0.561542,0.984375,1.902833,0.468292,0.000000000,0.000000000,0.000000,0.000000,"validation: 1 error(s), 1 warning(s): [ACSystem] No slack bus found (BusType::SLACK or Generator::is_slack); [ACSystem/connectivity] AC island 0 (332 buses) contains no slack bus;"
R3-12.47-2-ACDC,missing_ac_reference,2,ACSystem/reference,0.000000,0,1,1,1,1,1,1,1,0,0.000000000000,0,0.000000000000,0.553792,0.923916,1.863917,0.419125,0.000000000,0.000000000,0.000000,0.000000,"validation: 1 error(s), 1 warning(s): [ACSystem] No slack bus found (BusType::SLACK or Generator::is_slack); [ACSystem/connectivity] AC island 0 (332 buses) contains no slack bus;"
R3-12.47-2-ACDC,missing_ac_reference,3,ACSystem/reference,0.000000,0,1,1,1,1,1,1,1,0,0.000000000000,0,0.000000000000,0.531709,0.900542,1.949250,0.536042,0.000000000,0.000000000,0.000000,0.000000,"validation: 1 error(s), 1 warning(s): [ACSystem] No slack bus found (BusType::SLACK or Generator::is_slack); [ACSystem/connectivity] AC island 0 (332 buses) contains no slack bus;"
R3-12.47-2-ACDC,missing_ac_reference,4,ACSystem/reference,0.000000,0,1,1,1,1,1,1,1,0,0.000000000000,0,0.000000000000,0.617875,1.035375,1.735875,0.430666,0.000000000,0.000000000,0.000000,0.000000,"validation: 1 error(s), 1 warning(s): [ACSystem] No slack bus found (BusType::SLACK or Generator::is_slack); [ACSystem/connectivity] AC island 0 (332 buses) contains no slack bus;"
R3-12.47-2-ACDC,missing_ac_reference,5,ACSystem/reference,0.000000,0,1,1,1,1,1,1,1,0,0.000000000000,0,0.000000000000,0.529959,0.890708,1.794708,0.438833,0.000000000,0.000000000,0.000000,0.000000,"validation: 1 error(s), 1 warning(s): [ACSystem] No slack bus found (BusType::SLACK or Generator::is_slack); [ACSystem/connectivity] AC island 0 (332 buses) contains no slack bus;"
R3-12.47-2-ACDC,missing_ac_reference,6,ACSystem/reference,0.000000,0,1,1,1,1,1,1,1,0,0.000000000000,0,0.000000000000,0.540750,0.918125,1.752166,0.436250,0.000000000,0.000000000,0.000000,0.000000,"validation: 1 error(s), 1 warning(s): [ACSystem] No slack bus found (BusType::SLACK or Generator::is_slack); [ACSystem/connectivity] AC island 0 (332 buses) contains no slack bus;"
R3-12.47-2-ACDC,missing_ac_reference,7,ACSystem/reference,0.000000,0,1,1,1,1,1,1,1,0,0.000000000000,0,0.000000000000,0.543291,0.914750,1.781083,0.432083,0.000000000,0.000000000,0.000000,0.000000,"validation: 1 error(s), 1 warning(s): [ACSystem] No slack bus found (BusType::SLACK or Generator::is_slack); [ACSystem/connectivity] AC island 0 (332 buses) contains no slack bus;"
R3-12.47-2-ACDC,missing_ac_reference,8,ACSystem/reference,0.000000,0,1,1,1,1,1,1,1,0,0.000000000000,0,0.000000000000,0.553167,1.067292,1.728542,0.409875,0.000000000,0.000000000,0.000000,0.000000,"validation: 1 error(s), 1 warning(s): [ACSystem] No slack bus found (BusType::SLACK or Generator::is_slack); [ACSystem/connectivity] AC island 0 (332 buses) contains no slack bus;"
R3-12.47-2-ACDC,missing_ac_reference,9,ACSystem/reference,0.000000,0,1,1,1,1,1,1,1,0,0.000000000000,0,0.000000000000,0.518125,0.898583,1.744125,0.437791,0.000000000,0.000000000,0.000000,0.000000,"validation: 1 error(s), 1 warning(s): [ACSystem] No slack bus found (BusType::SLACK or Generator::is_slack); [ACSystem/connectivity] AC island 0 (332 buses) contains no slack bus;"
R3-12.47-2-ACDC,missing_ac_reference,10,ACSystem/reference,0.000000,0,1,1,1,1,1,1,1,0,0.000000000000,0,0.000000000000,0.545167,0.908250,1.746916,0.413083,0.000000000,0.000000000,0.000000,0.000000,"validation: 1 error(s), 1 warning(s): [ACSystem] No slack bus found (BusType::SLACK or Generator::is_slack); [ACSystem/connectivity] AC island 0 (332 buses) contains no slack bus;"
R3-12.47-2-ACDC,missing_ac_reference,11,ACSystem/reference,0.000000,0,1,1,1,1,1,1,1,0,0.000000000000,0,0.000000000000,0.509000,0.849042,1.726125,0.411042,0.000000000,0.000000000,0.000000,0.000000,"validation: 1 error(s), 1 warning(s): [ACSystem] No slack bus found (BusType::SLACK or Generator::is_slack); [ACSystem/connectivity] AC island 0 (332 buses) contains no slack bus;"
R3-12.47-2-ACDC,missing_ac_reference,12,ACSystem/reference,0.000000,0,1,1,1,1,1,1,1,0,0.000000000000,0,0.000000000000,0.543584,0.896042,1.880416,0.479500,0.000000000,0.000000000,0.000000,0.000000,"validation: 1 error(s), 1 warning(s): [ACSystem] No slack bus found (BusType::SLACK or Generator::is_slack); [ACSystem/connectivity] AC island 0 (332 buses) contains no slack bus;"
R3-12.47-2-ACDC,missing_ac_reference,13,ACSystem/reference,0.000000,0,1,1,1,1,1,1,1,0,0.000000000000,0,0.000000000000,0.512667,0.856542,1.699500,0.426917,0.000000000,0.000000000,0.000000,0.000000,"validation: 1 error(s), 1 warning(s): [ACSystem] No slack bus found (BusType::SLACK or Generator::is_slack); [ACSystem/connectivity] AC island 0 (332 buses) contains no slack bus;"
R3-12.47-2-ACDC,missing_ac_reference,14,ACSystem/reference,0.000000,0,1,1,1,1,1,1,1,0,0.000000000000,0,0.000000000000,0.535792,0.900292,1.784917,0.432750,0.000000000,0.000000000,0.000000,0.000000,"validation: 1 error(s), 1 warning(s): [ACSystem] No slack bus found (BusType::SLACK or Generator::is_slack); [ACSystem/connectivity] AC island 0 (332 buses) contains no slack bus;"
R3-12.47-2-ACDC,missing_ac_reference,15,ACSystem/reference,0.000000,0,1,1,1,1,1,1,1,0,0.000000000000,0,0.000000000000,0.546708,0.906416,1.771042,0.437041,0.000000000,0.000000000,0.000000,0.000000,"validation: 1 error(s), 1 warning(s): [ACSystem] No slack bus found (BusType::SLACK or Generator::is_slack); [ACSystem/connectivity] AC island 0 (332 buses) contains no slack bus;"
R3-12.47-2-ACDC,missing_ac_reference,16,ACSystem/reference,0.000000,0,1,1,1,1,1,1,1,0,0.000000000000,0,0.000000000000,0.552833,0.928875,1.798708,0.430958,0.000000000,0.000000000,0.000000,0.000000,"validation: 1 error(s), 1 warning(s): [ACSystem] No slack bus found (BusType::SLACK or Generator::is_slack); [ACSystem/connectivity] AC island 0 (332 buses) contains no slack bus;"
R3-12.47-2-ACDC,missing_ac_reference,17,ACSystem/reference,0.000000,0,1,1,1,1,1,1,1,0,0.000000000000,0,0.000000000000,0.529625,0.969083,1.768792,0.509417,0.000000000,0.000000000,0.000000,0.000000,"validation: 1 error(s), 1 warning(s): [ACSystem] No slack bus found (BusType::SLACK or Generator::is_slack); [ACSystem/connectivity] AC island 0 (332 buses) contains no slack bus;"
R3-12.47-2-ACDC,missing_ac_reference,18,ACSystem/reference,0.000000,0,1,1,1,1,1,1,1,0,0.000000000000,0,0.000000000000,0.510500,0.895334,1.764917,0.433083,0.000000000,0.000000000,0.000000,0.000000,"validation: 1 error(s), 1 warning(s): [ACSystem] No slack bus found (BusType::SLACK or Generator::is_slack); [ACSystem/connectivity] AC island 0 (332 buses) contains no slack bus;"
R3-12.47-2-ACDC,missing_ac_reference,19,ACSystem/reference,0.000000,0,1,1,1,1,1,1,1,0,0.000000000000,0,0.000000000000,0.544333,0.925042,1.776125,0.435709,0.000000000,0.000000000,0.000000,0.000000,"validation: 1 error(s), 1 warning(s): [ACSystem] No slack bus found (BusType::SLACK or Generator::is_slack); [ACSystem/connectivity] AC island 0 (332 buses) contains no slack bus;"
R3-12.47-2-ACDC,missing_ac_reference,20,ACSystem/reference,0.000000,0,1,1,1,1,1,1,1,0,0.000000000000,0,0.000000000000,0.545166,0.917667,1.774333,0.442166,0.000000000,0.000000000,0.000000,0.000000,"validation: 1 error(s), 1 warning(s): [ACSystem] No slack bus found (BusType::SLACK or Generator::is_slack); [ACSystem/connectivity] AC island 0 (332 buses) contains no slack bus;"
R3-12.47-2-ACDC,missing_ac_reference,21,ACSystem/reference,0.000000,0,1,1,1,1,1,1,1,0,0.000000000000,0,0.000000000000,0.549958,0.936208,1.918333,0.486791,0.000000000,0.000000000,0.000000,0.000000,"validation: 1 error(s), 1 warning(s): [ACSystem] No slack bus found (BusType::SLACK or Generator::is_slack); [ACSystem/connectivity] AC island 0 (332 buses) contains no slack bus;"
R3-12.47-2-ACDC,missing_ac_reference,22,ACSystem/reference,0.000000,0,1,1,1,1,1,1,1,0,0.000000000000,0,0.000000000000,0.516583,0.870500,1.651417,0.415958,0.000000000,0.000000000,0.000000,0.000000,"validation: 1 error(s), 1 warning(s): [ACSystem] No slack bus found (BusType::SLACK or Generator::is_slack); [ACSystem/connectivity] AC island 0 (332 buses) contains no slack bus;"
R3-12.47-2-ACDC,missing_ac_reference,23,ACSystem/reference,0.000000,0,1,1,1,1,1,1,1,0,0.000000000000,0,0.000000000000,0.525334,0.943208,1.739125,0.428083,0.000000000,0.000000000,0.000000,0.000000,"validation: 1 error(s), 1 warning(s): [ACSystem] No slack bus found (BusType::SLACK or Generator::is_slack); [ACSystem/connectivity] AC island 0 (332 buses) contains no slack bus;"
R3-12.47-2-ACDC,missing_ac_reference,24,ACSystem/reference,0.000000,0,1,1,1,1,1,1,1,0,0.000000000000,0,0.000000000000,0.536792,0.907791,1.752500,0.432416,0.000000000,0.000000000,0.000000,0.000000,"validation: 1 error(s), 1 warning(s): [ACSystem] No slack bus found (BusType::SLACK or Generator::is_slack); [ACSystem/connectivity] AC island 0 (332 buses) contains no slack bus;"
R3-12.47-2-ACDC,missing_dc_support,0,dc_island/voltage_support,0.000000,0,0,0,0,1,1,1,1,1,0.000000000007,0,0.000000000000,0.485875,0.909000,1.719500,38.272042,0.000000000,0.000000000,0.000000,0.000000,
R3-12.47-2-ACDC,missing_dc_support,1,dc_island/voltage_support,0.000000,0,0,0,0,1,1,1,1,1,0.000000000007,0,0.000000000000,0.474500,0.878791,1.679000,38.155333,0.000000000,0.000000000,0.000000,0.000000,
R3-12.47-2-ACDC,missing_dc_support,2,dc_island/voltage_support,0.000000,0,0,0,0,1,1,1,1,1,0.000000000007,0,0.000000000000,0.511000,0.938917,1.733000,37.685084,0.000000000,0.000000000,0.000000,0.000000,
R3-12.47-2-ACDC,missing_dc_support,3,dc_island/voltage_support,0.000000,0,0,0,0,1,1,1,1,1,0.000000000007,0,0.000000000000,0.514250,0.944583,1.737333,38.449417,0.000000000,0.000000000,0.000000,0.000000,
R3-12.47-2-ACDC,missing_dc_support,4,dc_island/voltage_support,0.000000,0,0,0,0,1,1,1,1,1,0.000000000007,0,0.000000000000,0.482542,0.908417,1.808500,37.544875,0.000000000,0.000000000,0.000000,0.000000,
R3-12.47-2-ACDC,missing_dc_support,5,dc_island/voltage_support,0.000000,0,0,0,0,1,1,1,1,1,0.000000000007,0,0.000000000000,0.521042,0.971916,1.682125,38.381875,0.000000000,0.000000000,0.000000,0.000000,
R3-12.47-2-ACDC,missing_dc_support,6,dc_island/voltage_support,0.000000,0,0,0,0,1,1,1,1,1,0.000000000007,0,0.000000000000,0.526500,0.994292,1.777542,38.408083,0.000000000,0.000000000,0.000000,0.000000,
R3-12.47-2-ACDC,missing_dc_support,7,dc_island/voltage_support,0.000000,0,0,0,0,1,1,1,1,1,0.000000000007,0,0.000000000000,0.551792,0.964500,1.803834,38.501333,0.000000000,0.000000000,0.000000,0.000000,
R3-12.47-2-ACDC,missing_dc_support,8,dc_island/voltage_support,0.000000,0,0,0,0,1,1,1,1,1,0.000000000007,0,0.000000000000,0.547125,0.998791,1.832500,39.596958,0.000000000,0.000000000,0.000000,0.000000,
R3-12.47-2-ACDC,missing_dc_support,9,dc_island/voltage_support,0.000000,0,0,0,0,1,1,1,1,1,0.000000000007,0,0.000000000000,0.550500,0.995583,1.788875,38.010958,0.000000000,0.000000000,0.000000,0.000000,
R3-12.47-2-ACDC,missing_dc_support,10,dc_island/voltage_support,0.000000,0,0,0,0,1,1,1,1,1,0.000000000007,0,0.000000000000,0.504166,0.912959,1.746459,37.647625,0.000000000,0.000000000,0.000000,0.000000,
R3-12.47-2-ACDC,missing_dc_support,11,dc_island/voltage_support,0.000000,0,0,0,0,1,1,1,1,1,0.000000000007,0,0.000000000000,0.587750,1.037791,1.733250,39.373542,0.000000000,0.000000000,0.000000,0.000000,
R3-12.47-2-ACDC,missing_dc_support,12,dc_island/voltage_support,0.000000,0,0,0,0,1,1,1,1,1,0.000000000007,0,0.000000000000,0.562000,0.976166,1.799666,38.653625,0.000000000,0.000000000,0.000000,0.000000,
R3-12.47-2-ACDC,missing_dc_support,13,dc_island/voltage_support,0.000000,0,0,0,0,1,1,1,1,1,0.000000000007,0,0.000000000000,0.550833,0.926208,1.695125,38.214542,0.000000000,0.000000000,0.000000,0.000000,
R3-12.47-2-ACDC,missing_dc_support,14,dc_island/voltage_support,0.000000,0,0,0,0,1,1,1,1,1,0.000000000007,0,0.000000000000,0.568208,1.023208,1.723375,39.311333,0.000000000,0.000000000,0.000000,0.000000,
R3-12.47-2-ACDC,missing_dc_support,15,dc_island/voltage_support,0.000000,0,0,0,0,1,1,1,1,1,0.000000000007,0,0.000000000000,0.482542,0.871667,1.720667,39.109708,0.000000000,0.000000000,0.000000,0.000000,
R3-12.47-2-ACDC,missing_dc_support,16,dc_island/voltage_support,0.000000,0,0,0,0,1,1,1,1,1,0.000000000007,0,0.000000000000,0.544083,0.959750,2.185417,39.086417,0.000000000,0.000000000,0.000000,0.000000,
R3-12.47-2-ACDC,missing_dc_support,17,dc_island/voltage_support,0.000000,0,0,0,0,1,1,1,1,1,0.000000000007,0,0.000000000000,0.528083,0.975500,1.777000,39.398000,0.000000000,0.000000000,0.000000,0.000000,
R3-12.47-2-ACDC,missing_dc_support,18,dc_island/voltage_support,0.000000,0,0,0,0,1,1,1,1,1,0.000000000007,0,0.000000000000,0.525459,1.037833,1.770083,38.247792,0.000000000,0.000000000,0.000000,0.000000,
R3-12.47-2-ACDC,missing_dc_support,19,dc_island/voltage_support,0.000000,0,0,0,0,1,1,1,1,1,0.000000000007,0,0.000000000000,0.483416,0.963584,1.740625,37.974666,0.000000000,0.000000000,0.000000,0.000000,
R3-12.47-2-ACDC,missing_dc_support,20,dc_island/voltage_support,0.000000,0,0,0,0,1,1,1,1,1,0.000000000007,0,0.000000000000,0.565917,0.972167,1.947375,39.404917,0.000000000,0.000000000,0.000000,0.000000,
R3-12.47-2-ACDC,missing_dc_support,21,dc_island/voltage_support,0.000000,0,0,0,0,1,1,1,1,1,0.000000000007,0,0.000000000000,0.567042,0.959250,1.936250,40.057416,0.000000000,0.000000000,0.000000,0.000000,
R3-12.47-2-ACDC,missing_dc_support,22,dc_island/voltage_support,0.000000,0,0,0,0,1,1,1,1,1,0.000000000007,0,0.000000000000,0.592500,1.058458,1.651834,37.312250,0.000000000,0.000000000,0.000000,0.000000,
R3-12.47-2-ACDC,missing_dc_support,23,dc_island/voltage_support,0.000000,0,0,0,0,1,1,1,1,1,0.000000000007,0,0.000000000000,0.620333,0.927459,1.662542,37.164167,0.000000000,0.000000000,0.000000,0.000000,
R3-12.47-2-ACDC,missing_dc_support,24,dc_island/voltage_support,0.000000,0,0,0,0,1,1,1,1,1,0.000000000007,0,0.000000000000,0.533250,1.089292,1.822042,36.657708,0.000000000,0.000000000,0.000000,0.000000,
R3-12.47-2-ACDC,invalid_converter_efficiency,0,VSCConverter/1/eta,1.126708,0,1,0,1,1,1,1,1,1,0.000000000006,0,0.000000000000,0.556917,0.900292,1.746541,43.659875,0.000000000,0.000000000,0.000000,0.000000,"validation: 1 error(s): [VSCConverter/1/eta] eta must be in (0,1] (got 1.126708);"
R3-12.47-2-ACDC,invalid_converter_efficiency,1,VSCConverter/2/eta,1.017212,0,1,0,1,1,1,1,1,1,0.000000000006,0,0.000000000000,0.631500,1.020083,2.692292,39.914459,0.000000000,0.000000000,0.000000,0.000000,"validation: 1 error(s): [VSCConverter/2/eta] eta must be in (0,1] (got 1.017212);"
R3-12.47-2-ACDC,invalid_converter_efficiency,2,VSCConverter/1/eta,1.068321,0,1,0,1,1,1,1,1,1,0.000000000006,0,0.000000000000,0.568542,0.945167,1.817542,38.711541,0.000000000,0.000000000,0.000000,0.000000,"validation: 1 error(s): [VSCConverter/1/eta] eta must be in (0,1] (got 1.068321);"
R3-12.47-2-ACDC,invalid_converter_efficiency,3,VSCConverter/2/eta,1.173111,0,1,0,1,1,1,1,1,1,0.000000000006,0,0.000000000000,0.592291,0.920042,1.685416,37.728209,0.000000000,0.000000000,0.000000,0.000000,"validation: 1 error(s): [VSCConverter/2/eta] eta must be in (0,1] (got 1.173111);"
R3-12.47-2-ACDC,invalid_converter_efficiency,4,VSCConverter/1/eta,1.146981,0,1,0,1,1,1,1,1,1,0.000000000006,0,0.000000000000,0.585083,0.987542,1.942958,37.995541,0.000000000,0.000000000,0.000000,0.000000,"validation: 1 error(s): [VSCConverter/1/eta] eta must be in (0,1] (got 1.146981);"
R3-12.47-2-ACDC,invalid_converter_efficiency,5,VSCConverter/1/eta,1.112688,0,1,0,1,1,1,1,1,1,0.000000000006,0,0.000000000000,0.574750,0.965833,1.797541,37.397416,0.000000000,0.000000000,0.000000,0.000000,"validation: 1 error(s): [VSCConverter/1/eta] eta must be in (0,1] (got 1.112688);"
R3-12.47-2-ACDC,invalid_converter_efficiency,6,VSCConverter/1/eta,1.157950,0,1,0,1,1,1,1,1,1,0.000000000006,0,0.000000000000,0.584833,0.937792,1.809042,38.222250,0.000000000,0.000000000,0.000000,0.000000,"validation: 1 error(s): [VSCConverter/1/eta] eta must be in (0,1] (got 1.157950);"
R3-12.47-2-ACDC,invalid_converter_efficiency,7,VSCConverter/2/eta,1.150460,0,1,0,1,1,1,1,1,1,0.000000000006,0,0.000000000000,0.549500,0.898959,1.738709,38.882834,0.000000000,0.000000000,0.000000,0.000000,"validation: 1 error(s): [VSCConverter/2/eta] eta must be in (0,1] (got 1.150460);"
R3-12.47-2-ACDC,invalid_converter_efficiency,8,VSCConverter/2/eta,1.141994,0,1,0,1,1,1,1,1,1,0.000000000006,0,0.000000000000,0.587333,0.968500,1.827458,38.749750,0.000000000,0.000000000,0.000000,0.000000,"validation: 1 error(s): [VSCConverter/2/eta] eta must be in (0,1] (got 1.141994);"
R3-12.47-2-ACDC,invalid_converter_efficiency,9,VSCConverter/2/eta,1.061347,0,1,0,1,1,1,1,1,1,0.000000000006,0,0.000000000000,0.538959,0.937291,1.757334,37.671458,0.000000000,0.000000000,0.000000,0.000000,"validation: 1 error(s): [VSCConverter/2/eta] eta must be in (0,1] (got 1.061347);"
R3-12.47-2-ACDC,invalid_converter_efficiency,10,VSCConverter/1/eta,1.012265,0,1,0,1,1,1,1,1,1,0.000000000006,0,0.000000000000,0.564209,0.950375,1.814000,38.218792,0.000000000,0.000000000,0.000000,0.000000,"validation: 1 error(s): [VSCConverter/1/eta] eta must be in (0,1] (got 1.012265);"
R3-12.47-2-ACDC,invalid_converter_efficiency,11,VSCConverter/1/eta,1.187195,0,1,0,1,1,1,1,1,1,0.000000000006,0,0.000000000000,0.547209,0.870167,1.955292,38.052917,0.000000000,0.000000000,0.000000,0.000000,"validation: 1 error(s): [VSCConverter/1/eta] eta must be in (0,1] (got 1.187195);"
R3-12.47-2-ACDC,invalid_converter_efficiency,12,VSCConverter/2/eta,1.188934,0,1,0,1,1,1,1,1,1,0.000000000006,0,0.000000000000,0.567208,1.013917,1.741667,37.015250,0.000000000,0.000000000,0.000000,0.000000,"validation: 1 error(s): [VSCConverter/2/eta] eta must be in (0,1] (got 1.188934);"
R3-12.47-2-ACDC,invalid_converter_efficiency,13,VSCConverter/1/eta,1.180922,0,1,0,1,1,1,1,1,1,0.000000000006,0,0.000000000000,0.541042,0.873084,1.732250,38.106125,0.000000000,0.000000000,0.000000,0.000000,"validation: 1 error(s): [VSCConverter/1/eta] eta must be in (0,1] (got 1.180922);"
R3-12.47-2-ACDC,invalid_converter_efficiency,14,VSCConverter/2/eta,1.054431,0,1,0,1,1,1,1,1,1,0.000000000006,0,0.000000000000,0.573291,0.939917,1.790250,37.166875,0.000000000,0.000000000,0.000000,0.000000,"validation: 1 error(s): [VSCConverter/2/eta] eta must be in (0,1] (got 1.054431);"
R3-12.47-2-ACDC,invalid_converter_efficiency,15,VSCConverter/1/eta,1.177844,0,1,0,1,1,1,1,1,1,0.000000000006,0,0.000000000000,0.604417,0.897416,1.681958,37.744042,0.000000000,0.000000000,0.000000,0.000000,"validation: 1 error(s): [VSCConverter/1/eta] eta must be in (0,1] (got 1.177844);"
R3-12.47-2-ACDC,invalid_converter_efficiency,16,VSCConverter/2/eta,1.111308,0,1,0,1,1,1,1,1,1,0.000000000006,0,0.000000000000,0.556625,0.931958,1.787917,38.952292,0.000000000,0.000000000,0.000000,0.000000,"validation: 1 error(s): [VSCConverter/2/eta] eta must be in (0,1] (got 1.111308);"
R3-12.47-2-ACDC,invalid_converter_efficiency,17,VSCConverter/2/eta,1.067025,0,1,0,1,1,1,1,1,1,0.000000000006,0,0.000000000000,0.594458,0.949417,1.848334,39.041708,0.000000000,0.000000000,0.000000,0.000000,"validation: 1 error(s): [VSCConverter/2/eta] eta must be in (0,1] (got 1.067025);"
R3-12.47-2-ACDC,invalid_converter_efficiency,18,VSCConverter/1/eta,1.040790,0,1,0,1,1,1,1,1,1,0.000000000006,0,0.000000000000,0.619500,1.012083,1.965917,41.239959,0.000000000,0.000000000,0.000000,0.000000,"validation: 1 error(s): [VSCConverter/1/eta] eta must be in (0,1] (got 1.040790);"
R3-12.47-2-ACDC,invalid_converter_efficiency,19,VSCConverter/2/eta,1.178356,0,1,0,1,1,1,1,1,1,0.000000000006,0,0.000000000000,0.632083,1.075583,1.973250,38.781291,0.000000000,0.000000000,0.000000,0.000000,"validation: 1 error(s): [VSCConverter/2/eta] eta must be in (0,1] (got 1.178356);"
R3-12.47-2-ACDC,invalid_converter_efficiency,20,VSCConverter/1/eta,1.108498,0,1,0,1,1,1,1,1,1,0.000000000006,0,0.000000000000,0.608250,0.969750,1.888833,37.240333,0.000000000,0.000000000,0.000000,0.000000,"validation: 1 error(s): [VSCConverter/1/eta] eta must be in (0,1] (got 1.108498);"
R3-12.47-2-ACDC,invalid_converter_efficiency,21,VSCConverter/2/eta,1.049379,0,1,0,1,1,1,1,1,1,0.000000000006,0,0.000000000000,0.585792,1.120917,1.703125,37.698375,0.000000000,0.000000000,0.000000,0.000000,"validation: 1 error(s): [VSCConverter/2/eta] eta must be in (0,1] (got 1.049379);"
R3-12.47-2-ACDC,invalid_converter_efficiency,22,VSCConverter/1/eta,1.079926,0,1,0,1,1,1,1,1,1,0.000000000006,0,0.000000000000,0.605542,0.984708,1.834416,37.608833,0.000000000,0.000000000,0.000000,0.000000,"validation: 1 error(s): [VSCConverter/1/eta] eta must be in (0,1] (got 1.079926);"
R3-12.47-2-ACDC,invalid_converter_efficiency,23,VSCConverter/1/eta,1.180790,0,1,0,1,1,1,1,1,1,0.000000000006,0,0.000000000000,0.631708,0.952917,1.728166,37.204041,0.000000000,0.000000000,0.000000,0.000000,"validation: 1 error(s): [VSCConverter/1/eta] eta must be in (0,1] (got 1.180790);"
R3-12.47-2-ACDC,invalid_converter_efficiency,24,VSCConverter/1/eta,1.013131,0,1,0,1,1,1,1,1,1,0.000000000006,0,0.000000000000,0.560583,0.946167,1.784709,37.594625,0.000000000,0.000000000,0.000000,0.000000,"validation: 1 error(s): [VSCConverter/1/eta] eta must be in (0,1] (got 1.013131);"
R3-12.47-2-ACDC,duplicate_ac_bus_identity,0,ACBus/200/index,0.000000,0,1,0,1,1,1,1,1,1,0.000000000005,0,0.000000000000,0.487167,1.151875,1.944375,38.154291,0.000000000,0.000000000,0.000000,0.000000,"validation: 4 error(s), 2 warning(s): [ACBus/200/index] Duplicate AC bus index 200; [ACBranch/149/from_bus] from_bus 110 not found; [ACBranch/256/to_bus] to_bus 110 not found; [ACBranch/259/from_bus] from_bus 110 not found; [ACSystem/connectivity] AC island 1 (1 buses) contains no slack bus; [ACSystem/connectivity] AC island 2 (1 buses) contains no slack bus;"
R3-12.47-2-ACDC,duplicate_ac_bus_identity,1,ACBus/319/index,0.000000,0,1,0,1,1,1,1,1,1,0.000000000006,0,0.000000000000,0.609542,1.175708,2.027334,38.845750,0.000000000,0.000000000,0.000000,0.000000,"validation: 3 error(s), 2 warning(s): [ACBus/319/index] Duplicate AC bus index 319; [ACBranch/29/to_bus] to_bus 124 not found; [ACBranch/103/from_bus] from_bus 124 not found; [ACSystem/connectivity] AC island 1 (1 buses) contains no slack bus; [ACSystem/connectivity] AC island 2 (1 buses) contains no slack bus;"
R3-12.47-2-ACDC,duplicate_ac_bus_identity,2,ACBus/43/index,0.000000,0,1,0,1,1,1,1,1,1,0.000000000006,0,0.000000000000,0.582375,1.297459,2.320167,37.715875,0.000000000,0.000000000,0.000000,0.000000,"validation: 3 error(s), 2 warning(s): [ACBus/43/index] Duplicate AC bus index 43; [ACBranch/120/from_bus] from_bus 76 not found; [ACBranch/180/to_bus] to_bus 76 not found; [ACSystem/connectivity] AC island 1 (1 buses) contains no slack bus; [ACSystem/connectivity] AC island 2 (1 buses) contains no slack bus;"
R3-12.47-2-ACDC,duplicate_ac_bus_identity,3,ACBus/255/index,0.000000,0,1,0,1,1,1,1,1,1,0.000000000009,0,0.000000000000,0.598666,1.277750,2.109500,38.916750,0.000000000,0.000000000,0.000000,0.000000,"validation: 3 error(s), 2 warning(s): [ACBus/255/index] Duplicate AC bus index 255; [ACBranch/160/from_bus] from_bus 296 not found; [Switch/59/bus_to] bus_to 296 not found in AC; [ACSystem/connectivity] AC island 1 (2 buses) contains no slack bus; [ACSystem/connectivity] AC island 2 (1 buses) contains no slack bus;"
R3-12.47-2-ACDC,duplicate_ac_bus_identity,4,ACBus/286/index,0.000000,0,1,0,1,1,1,1,1,1,0.000000000222,0,0.000000000000,0.521291,1.249667,2.031917,38.355541,0.000000000,0.000000000,0.000000,0.000000,"validation: 4 error(s), 2 warning(s): [ACBus/286/index] Duplicate AC bus index 286; [ACBranch/84/from_bus] from_bus 70 not found; [ACBranch/85/to_bus] to_bus 70 not found; [Switch/57/bus_from] bus_from 70 not found in AC; [ACSystem/connectivity] AC island 1 (1 buses) contains no slack bus; [ACSystem/connectivity] AC island 2 (2 buses) contains no slack bus;"
R3-12.47-2-ACDC,duplicate_ac_bus_identity,5,ACBus/59/index,0.000000,0,1,0,1,1,1,1,1,1,0.000000000125,0,0.000000000000,0.512708,1.239083,2.086625,38.779042,0.000000000,0.000000000,0.000000,0.000000,"validation: 4 error(s), 2 warning(s): [ACBus/59/index] Duplicate AC bus index 59; [ACBranch/86/to_bus] to_bus 71 not found; [Switch/22/bus_from] bus_from 71 not found in AC; [Switch/58/bus_from] bus_from 71 not found in AC; [ACSystem/connectivity] AC island 1 (44 buses) contains no slack bus; [ACSystem/connectivity] AC island 2 (1 buses) contains no slack bus;"
R3-12.47-2-ACDC,duplicate_ac_bus_identity,6,ACBus/201/index,0.000000,0,1,0,1,1,1,1,1,1,0.000000000047,0,0.000000000000,0.516333,1.233791,2.028375,39.206667,0.000000000,0.000000000,0.000000,0.000000,"validation: 5 error(s), 3 warning(s): [ACBus/201/index] Duplicate AC bus index 201; [ACBranch/174/from_bus] from_bus 191 not found; [ACBranch/234/to_bus] to_bus 191 not found; [ACBranch/235/from_bus] from_bus 191 not found; [Switch/18/bus_from] bus_from 191 not found in AC; [ACSystem/connectivity] AC island 1 (2 buses) contains no slack bus; [ACSystem/connectivity] AC island 2 (7 buses) contains no slack bus; [ACSystem/connectivity] AC island 3 (1 buses) contains no slack bus;"
R3-12.47-2-ACDC,duplicate_ac_bus_identity,7,ACBus/2/index,0.000000,0,1,0,1,1,1,1,1,1,0.000000000007,0,0.000000000000,0.575083,1.305083,2.105666,38.074500,0.000000000,0.000000000,0.000000,0.000000,"validation: 2 error(s), 1 warning(s): [ACBus/2/index] Duplicate AC bus index 2; [ACBranch/220/to_bus] to_bus 174 not found; [ACSystem/connectivity] AC island 1 (1 buses) contains no slack bus;"
R3-12.47-2-ACDC,duplicate_ac_bus_identity,8,ACBus/230/index,0.000000,0,1,0,1,1,1,1,1,1,0.000000000008,0,0.000000000000,0.576125,1.224959,2.079166,39.236959,0.000000000,0.000000000,0.000000,0.000000,"validation: 3 error(s), 2 warning(s): [ACBus/230/index] Duplicate AC bus index 230; [ACBranch/79/from_bus] from_bus 241 not found; [ACBranch/213/to_bus] to_bus 241 not found; [ACSystem/connectivity] AC island 1 (4 buses) contains no slack bus; [ACSystem/connectivity] AC island 2 (1 buses) contains no slack bus;"
R3-12.47-2-ACDC,duplicate_ac_bus_identity,9,ACBus/56/index,0.000000,0,1,0,1,1,1,1,1,1,0.000000000010,0,0.000000000000,0.585375,1.158541,1.978208,38.350792,0.000000000,0.000000000,0.000000,0.000000,"validation: 4 error(s), 3 warning(s): [ACBus/56/index] Duplicate AC bus index 56; [ACBranch/207/from_bus] from_bus 209 not found; [ACBranch/253/from_bus] from_bus 209 not found; [ACBranch/254/to_bus] to_bus 209 not found; [ACSystem/connectivity] AC island 1 (23 buses) contains no slack bus; [ACSystem/connectivity] AC island 2 (2 buses) contains no slack bus; [ACSystem/connectivity] AC island 3 (1 buses) contains no slack bus;"
R3-12.47-2-ACDC,duplicate_ac_bus_identity,10,ACBus/219/index,0.000000,0,1,0,1,1,1,1,1,1,0.000000000004,0,0.000000000000,0.591125,1.315125,2.135166,38.487542,0.000000000,0.000000000,0.000000,0.000000,"validation: 2 error(s), 1 warning(s): [ACBus/219/index] Duplicate AC bus index 219; [Switch/29/bus_to] bus_to 292 not found in AC; [ACSystem/connectivity] AC island 1 (1 buses) contains no slack bus;"
R3-12.47-2-ACDC,duplicate_ac_bus_identity,11,ACBus/139/index,0.000000,0,1,0,1,1,1,1,1,1,0.000000000006,0,0.000000000000,0.616583,1.295875,2.150292,37.735334,0.000000000,0.000000000,0.000000,0.000000,"validation: 3 error(s), 2 warning(s): [ACBus/139/index] Duplicate AC bus index 139; [ACBranch/80/from_bus] from_bus 242 not found; [ACBranch/192/to_bus] to_bus 242 not found; [ACSystem/connectivity] AC island 1 (4 buses) contains no slack bus; [ACSystem/connectivity] AC island 2 (1 buses) contains no slack bus;"
R3-12.47-2-ACDC,duplicate_ac_bus_identity,12,ACBus/206/index,0.000000,0,1,0,1,1,1,1,1,1,0.000000000105,0,0.000000000000,0.610792,1.243625,2.045458,39.157042,0.000000000,0.000000000,0.000000,0.000000,"validation: 3 error(s), 2 warning(s): [ACBus/206/index] Duplicate AC bus index 206; [ACBranch/193/from_bus] from_bus 142 not found; [Switch/20/bus_to] bus_to 142 not found in AC; [ACSystem/connectivity] AC island 1 (2 buses) contains no slack bus; [ACSystem/connectivity] AC island 2 (1 buses) contains no slack bus;"
R3-12.47-2-ACDC,duplicate_ac_bus_identity,13,ACBus/224/index,0.000000,0,1,0,1,1,1,1,1,1,0.000000000007,0,0.000000000000,0.574250,1.323125,2.134375,39.224166,0.000000000,0.000000000,0.000000,0.000000,"validation: 4 error(s), 3 warning(s): [ACBus/224/index] Duplicate AC bus index 224; [ACBranch/201/from_bus] from_bus 204 not found; [ACBranch/246/from_bus] from_bus 204 not found; [ACBranch/248/to_bus] to_bus 204 not found; [ACSystem/connectivity] AC island 1 (2 buses) contains no slack bus; [ACSystem/connectivity] AC island 2 (1 buses) contains no slack bus; [ACSystem/connectivity] AC island 3 (1 buses) contains no slack bus;"
R3-12.47-2-ACDC,duplicate_ac_bus_identity,14,ACBus/111/index,0.000000,0,1,0,1,1,1,1,1,1,0.000000000011,0,0.000000000000,0.532125,1.248209,2.104750,37.585958,0.000000000,0.000000000,0.000000,0.000000,"validation: 3 error(s), 1 warning(s): [ACBus/111/index] Duplicate AC bus index 111; [ACBranch/69/to_bus] to_bus 162 not found; [ACBranch/256/from_bus] from_bus 162 not found; [ACSystem/connectivity] AC island 1 (1 buses) contains no slack bus;"
R3-12.47-2-ACDC,duplicate_ac_bus_identity,15,ACBus/29/index,0.000000,0,1,0,1,1,1,1,1,1,0.000000000009,0,0.000000000000,0.500625,1.155708,1.911041,38.335584,0.000000000,0.000000000,0.000000,0.000000,"validation: 4 error(s), 2 warning(s): [ACBus/29/index] Duplicate AC bus index 29; [ACBranch/19/from_bus] from_bus 260 not found; [ACBranch/57/to_bus] to_bus 260 not found; [ACBranch/58/from_bus] from_bus 260 not found; [ACSystem/connectivity] AC island 1 (2 buses) contains no slack bus; [ACSystem/connectivity] AC island 2 (1 buses) contains no slack bus;"
R3-12.47-2-ACDC,duplicate_ac_bus_identity,16,ACBus/107/index,0.000000,0,1,0,1,1,1,1,1,1,0.000000000063,0,0.000000000000,0.608542,1.256666,2.200833,38.498083,0.000000000,0.000000000,0.000000,0.000000,"validation: 3 error(s), 2 warning(s): [ACBus/107/index] Duplicate AC bus index 107; [ACBranch/44/from_bus] from_bus 146 not found; [Switch/10/bus_to] bus_to 146 not found in AC; [ACSystem/connectivity] AC island 1 (7 buses) contains no slack bus; [ACSystem/connectivity] AC island 2 (1 buses) contains no slack bus;"
R3-12.47-2-ACDC,duplicate_ac_bus_identity,17,ACBus/20/index,0.000000,0,1,0,1,1,1,1,1,1,0.000000000006,0,0.000000000000,0.522333,1.245042,2.039166,38.613917,0.000000000,0.000000000,0.000000,0.000000,"validation: 3 error(s), 1 warning(s): [ACBus/20/index] Duplicate AC bus index 20; [ACBranch/164/to_bus] to_bus 233 not found; [ACBranch/165/from_bus] from_bus 233 not found; [ACSystem/connectivity] AC island 1 (1 buses) contains no slack bus;"
R3-12.47-2-ACDC,duplicate_ac_bus_identity,18,ACBus/178/index,0.000000,0,1,0,1,1,1,1,1,1,0.000000000008,0,0.000000000000,0.621458,1.384792,2.061792,38.548542,0.000000000,0.000000000,0.000000,0.000000,"validation: 5 error(s), 4 warning(s): [ACBus/178/index] Duplicate AC bus index 178; [ACBranch/186/from_bus] from_bus 185 not found; [ACBranch/189/from_bus] from_bus 185 not found; [ACBranch/226/from_bus] from_bus 185 not found; [ACBranch/227/to_bus] to_bus 185 not found; [ACSystem/connectivity] AC island 1 (9 buses) contains no slack bus; [ACSystem/connectivity] AC island 2 (2 buses) contains no slack bus; [ACSystem/connectivity] AC island 3 (2 buses) contains no slack bus; [ACSystem/connectivity] AC island 4 (1 buses) contains no slack bus;"
R3-12.47-2-ACDC,duplicate_ac_bus_identity,19,ACBus/56/index,0.000000,0,1,0,1,1,1,1,1,1,0.000000000006,0,0.000000000000,0.584750,0.956875,1.827709,38.268208,0.000000000,0.000000000,0.000000,0.000000,"validation: 3 error(s), 1 warning(s): [ACBus/56/index] Duplicate AC bus index 56; [ACBranch/141/to_bus] to_bus 53 not found; [Load/53/bus] bus 53 not found in AC; [ACSystem/connectivity] AC island 1 (1 buses) contains no slack bus;"
R3-12.47-2-ACDC,duplicate_ac_bus_identity,20,ACBus/313/index,0.000000,0,1,0,1,1,1,1,1,1,0.000000000005,0,0.000000000000,0.655667,1.304250,2.181416,39.003333,0.000000000,0.000000000,0.000000,0.000000,"validation: 3 error(s), 2 warning(s): [ACBus/313/index] Duplicate AC bus index 313; [ACBranch/178/from_bus] from_bus 218 not found; [ACBranch/218/to_bus] to_bus 218 not found; [ACSystem/connectivity] AC island 1 (1 buses) contains no slack bus; [ACSystem/connectivity] AC island 2 (3 buses) contains no slack bus;"
R3-12.47-2-ACDC,duplicate_ac_bus_identity,21,ACBus/170/index,0.000000,0,1,0,1,1,1,1,1,1,0.000000000006,0,0.000000000000,0.522625,1.204542,2.062917,38.691917,0.000000000,0.000000000,0.000000,0.000000,"validation: 4 error(s), 2 warning(s): [ACBus/170/index] Duplicate AC bus index 170; [ACBranch/153/from_bus] from_bus 193 not found; [ACBranch/236/to_bus] to_bus 193 not found; [ACBranch/263/from_bus] from_bus 193 not found; [ACSystem/connectivity] AC island 1 (2 buses) contains no slack bus; [ACSystem/connectivity] AC island 2 (1 buses) contains no slack bus;"
R3-12.47-2-ACDC,duplicate_ac_bus_identity,22,ACBus/168/index,0.000000,0,1,0,1,1,1,1,1,1,0.000000000006,0,0.000000000000,0.588166,1.251417,2.140667,38.698000,0.000000000,0.000000000,0.000000,0.000000,"validation: 3 error(s), 2 warning(s): [ACBus/168/index] Duplicate AC bus index 168; [ACBranch/122/from_bus] from_bus 79 not found; [ACBranch/182/to_bus] to_bus 79 not found; [ACSystem/connectivity] AC island 1 (1 buses) contains no slack bus; [ACSystem/connectivity] AC island 2 (1 buses) contains no slack bus;"
R3-12.47-2-ACDC,duplicate_ac_bus_identity,23,ACBus/189/index,0.000000,0,1,0,1,1,1,1,1,1,0.000000000006,0,0.000000000000,0.577375,1.245667,2.105917,38.812167,0.000000000,0.000000000,0.000000,0.000000,"validation: 3 error(s), 2 warning(s): [ACBus/189/index] Duplicate AC bus index 189; [ACBranch/120/from_bus] from_bus 76 not found; [ACBranch/180/to_bus] to_bus 76 not found; [ACSystem/connectivity] AC island 1 (1 buses) contains no slack bus; [ACSystem/connectivity] AC island 2 (1 buses) contains no slack bus;"
R3-12.47-2-ACDC,duplicate_ac_bus_identity,24,ACBus/18/index,0.000000,0,1,0,1,1,1,1,1,1,0.000000000013,0,0.000000000000,0.527833,1.240125,2.067541,38.680666,0.000000000,0.000000000,0.000000,0.000000,"validation: 4 error(s), 2 warning(s): [ACBus/18/index] Duplicate AC bus index 18; [ACBranch/22/from_bus] from_bus 262 not found; [ACBranch/58/to_bus] to_bus 262 not found; [ACBranch/59/from_bus] from_bus 262 not found; [ACSystem/connectivity] AC island 1 (2 buses) contains no slack bus; [ACSystem/connectivity] AC island 2 (1 buses) contains no slack bus;"
R3-12.47-2-ACDC,plausible_load_error,0,Load/62/load,0.861872,1,0,0,0,0,0,0,1,1,0.000000000006,0,0.000000000000,0.580583,0.933292,1.813334,37.963417,0.000198122,0.000000000,0.004370,0.000000,
R3-12.47-2-ACDC,plausible_load_error,1,Load/40/load,0.730308,1,0,0,0,0,0,0,1,1,0.000000000008,0,0.000000000000,0.575500,0.935833,1.867958,38.348875,0.001175804,0.000000000,0.002903,0.000000,
R3-12.47-2-ACDC,plausible_load_error,2,Load/25/load,1.028871,1,0,0,0,0,0,0,1,1,0.000000000007,0,0.000000000000,0.537250,0.894459,1.684084,37.731917,0.000023081,0.000000000,0.001833,0.000000,
R3-12.47-2-ACDC,plausible_load_error,3,Load/55/load,0.840683,1,0,0,0,0,0,0,1,1,0.000000000005,0,0.000000000000,0.573625,0.942791,1.769417,37.793916,0.000169848,0.000000000,0.033996,0.000000,
R3-12.47-2-ACDC,plausible_load_error,4,Load/38/load,0.739661,1,0,0,0,0,0,0,1,1,0.000000000011,0,0.000000000000,0.552041,0.928625,1.768209,37.700584,0.001135038,0.000000000,0.002803,0.000000,
R3-12.47-2-ACDC,plausible_load_error,5,Load/22/load,1.204056,1,0,0,0,0,0,0,1,1,0.000000000010,0,0.000000000000,0.680042,1.048459,1.798208,38.753042,0.000890336,0.000000000,0.002176,0.000000,
R3-12.47-2-ACDC,plausible_load_error,6,Load/58/load,1.263745,1,0,0,0,0,0,0,1,1,0.000000000007,0,0.000000000000,0.591083,0.960041,1.812833,38.062542,0.000669572,0.000000000,0.168925,0.000000,
R3-12.47-2-ACDC,plausible_load_error,7,Load/33/load,0.859981,1,0,0,0,0,0,0,1,1,0.000000000006,0,0.000000000000,0.679000,1.058208,1.995917,38.330292,0.000585723,0.000000000,0.001442,0.000000,
R3-12.47-2-ACDC,plausible_load_error,8,Load/60/load,0.842649,1,0,0,0,0,0,0,1,1,0.000000000006,0,0.000000000000,0.561083,0.877208,1.805042,38.960958,0.000143577,0.000000000,0.050142,0.000000,
R3-12.47-2-ACDC,plausible_load_error,9,Load/14/load,0.701292,1,0,0,0,0,0,0,1,1,0.000000000006,0,0.000000000000,0.732834,0.981000,1.777292,38.791334,0.000731356,0.000000000,0.005742,0.000000,
R3-12.47-2-ACDC,plausible_load_error,10,Load/40/load,0.894894,1,0,0,0,0,0,0,1,1,0.000000000008,0,0.000000000000,0.594166,0.961083,1.826667,37.572042,0.000459150,0.000000000,0.001132,0.000000,
R3-12.47-2-ACDC,plausible_load_error,11,Load/4/load,1.076714,1,0,0,0,0,0,0,1,1,0.000000000009,0,0.000000000000,0.641750,0.974833,1.820042,38.387625,0.000167774,0.000000000,0.000034,0.000000,
R3-12.47-2-ACDC,plausible_load_error,12,Load/35/load,0.947848,1,0,0,0,0,0,0,1,1,0.000000000012,0,0.000000000000,0.568916,0.886791,1.738125,38.550417,0.000375925,0.000000000,0.000329,0.000000,
R3-12.47-2-ACDC,plausible_load_error,13,Load/4/load,1.144509,1,0,0,0,0,0,0,1,1,0.000000000010,0,0.000000000000,0.544459,0.878709,1.818333,40.330333,0.000316172,0.000000000,0.000063,0.000000,
R3-12.47-2-ACDC,plausible_load_error,14,Load/54/load,1.137638,1,0,0,0,0,0,0,1,1,0.000000000007,0,0.000000000000,0.603000,1.026583,1.926000,39.755541,0.000336960,0.000000000,0.002648,0.000000,
R3-12.47-2-ACDC,plausible_load_error,15,Load/32/load,1.273735,1,0,0,0,0,0,0,1,1,0.000000000011,0,0.000000000000,0.683291,0.918708,1.691084,37.741708,0.000394495,0.000000000,0.008616,0.000000,
R3-12.47-2-ACDC,plausible_load_error,16,Load/13/load,0.741757,1,0,0,0,0,0,0,1,1,0.000000000006,0,0.000000000000,0.653417,1.054625,1.836708,37.780333,0.002819066,0.000000000,0.000544,0.000000,
R3-12.47-2-ACDC,plausible_load_error,17,Load/36/load,1.169120,1,0,0,0,0,0,0,1,1,0.000000000009,0,0.000000000000,0.557292,0.983958,1.939000,36.917459,0.001223030,0.000000000,0.001066,0.000000,
R3-12.47-2-ACDC,plausible_load_error,18,Load/27/load,1.211116,1,0,0,0,0,0,0,1,1,0.000000000007,0,0.000000000000,0.567125,0.931500,1.898167,37.713083,0.000192037,0.000000000,0.027040,0.000000,
R3-12.47-2-ACDC,plausible_load_error,19,Load/48/load,0.707286,1,0,0,0,0,0,0,1,1,0.000000000007,0,0.000000000000,0.539292,0.941750,1.770708,37.384958,0.001249909,0.000000000,0.003069,0.000000,
R3-12.47-2-ACDC,plausible_load_error,20,Load/37/load,0.937270,1,0,0,0,0,0,0,1,1,0.000000000007,0,0.000000000000,0.565458,0.936333,1.787292,38.176083,0.000093129,0.000000000,0.001974,0.000000,
R3-12.47-2-ACDC,plausible_load_error,21,Load/53/load,0.943341,1,0,0,0,0,0,0,1,1,0.000000000011,0,0.000000000000,0.570750,0.949125,1.794166,38.141459,0.000052777,0.000000000,0.003627,0.000000,
R3-12.47-2-ACDC,plausible_load_error,22,Load/62/load,0.884941,1,0,0,0,0,0,0,1,1,0.000000000010,0,0.000000000000,0.532750,0.875750,1.704417,38.353083,0.000165049,0.000000000,0.003641,0.000000,
R3-12.47-2-ACDC,plausible_load_error,23,Load/45/load,1.120641,1,0,0,0,0,0,0,1,1,0.000000000006,0,0.000000000000,0.563917,0.965708,1.804833,38.342209,0.000133672,0.000000000,0.025745,0.000000,
R3-12.47-2-ACDC,plausible_load_error,24,Load/47/load,1.191759,1,0,0,0,0,0,0,1,1,0.000000000005,0,0.000000000000,0.570041,0.943083,1.779625,38.345708,0.000175068,0.000000000,0.024560,0.000000,
R3-12.47-2-ACDC,plausible_converter_setpoint_error,0,VSCConverter/1/p_set_mw,-0.018686,1,0,0,0,0,0,0,1,1,0.000000000006,0,0.000000000000,0.581166,0.957458,1.834917,37.484375,0.000050439,0.000037017,0.019011,0.018873,
R3-12.47-2-ACDC,plausible_converter_setpoint_error,1,VSCConverter/1/p_set_mw,-0.020434,1,0,0,0,0,0,0,1,1,0.000000000005,0,0.000000000000,0.560416,0.945875,1.776500,38.305083,0.000055157,0.000040480,0.020789,0.020638,
R3-12.47-2-ACDC,plausible_converter_setpoint_error,2,VSCConverter/1/p_set_mw,0.013468,1,0,0,0,0,0,0,1,1,0.000000000013,0,0.000000000000,0.569834,0.952167,1.799250,38.331917,0.000036345,0.000026682,0.013701,0.013603,
R3-12.47-2-ACDC,plausible_converter_setpoint_error,3,VSCConverter/1/p_set_mw,-0.017584,1,0,0,0,0,0,0,1,1,0.000000000006,0,0.000000000000,0.572834,0.945416,1.785708,37.487625,0.000047463,0.000034834,0.017890,0.017760,
R3-12.47-2-ACDC,plausible_converter_setpoint_error,4,VSCConverter/1/p_set_mw,-0.021051,1,0,0,0,0,0,0,1,1,0.000000000005,0,0.000000000000,0.568416,0.944041,1.802875,37.319792,0.000056822,0.000041701,0.021417,0.021261,
R3-12.47-2-ACDC,plausible_converter_setpoint_error,5,VSCConverter/1/p_set_mw,0.018514,1,0,0,0,0,0,0,1,1,0.000000000008,0,0.000000000000,0.571917,0.935417,1.775625,37.886334,0.000049961,0.000036679,0.018834,0.018699,
R3-12.47-2-ACDC,plausible_converter_setpoint_error,6,VSCConverter/1/p_set_mw,0.028025,1,0,0,0,0,0,0,1,1,0.000000000009,0,0.000000000000,0.770458,0.977292,1.799667,37.588125,0.000075621,0.000055522,0.028508,0.028305,
R3-12.47-2-ACDC,plausible_converter_setpoint_error,7,VSCConverter/1/p_set_mw,0.011557,1,0,0,0,0,0,0,1,1,0.000000000010,0,0.000000000000,0.582542,0.951833,1.822708,37.606041,0.000031188,0.000022895,0.011757,0.011672,
R3-12.47-2-ACDC,plausible_converter_setpoint_error,8,VSCConverter/1/p_set_mw,0.007979,1,0,0,0,0,0,0,1,1,0.000000000008,0,0.000000000000,0.617583,0.953042,1.854625,38.248542,0.000021532,0.000015807,0.008117,0.008058,
R3-12.47-2-ACDC,plausible_converter_setpoint_error,9,VSCConverter/1/p_set_mw,0.026893,1,0,0,0,0,0,0,1,1,0.000000000007,0,0.000000000000,0.560833,0.947500,1.791334,38.096208,0.000072567,0.000053279,0.027357,0.027162,
R3-12.47-2-ACDC,plausible_converter_setpoint_error,10,VSCConverter/1/p_set_mw,0.026445,1,0,0,0,0,0,0,1,1,0.000000000005,0,0.000000000000,0.601791,0.952250,1.899541,38.135958,0.000071358,0.000052391,0.026901,0.026709,
R3-12.47-2-ACDC,plausible_converter_setpoint_error,11,VSCConverter/1/p_set_mw,-0.016400,1,0,0,0,0,0,0,1,1,0.000000000007,0,0.000000000000,0.562167,0.943167,1.776583,38.102458,0.000044267,0.000032489,0.016685,0.016564,
R3-12.47-2-ACDC,plausible_converter_setpoint_error,12,VSCConverter/1/p_set_mw,-0.027561,1,0,0,0,0,0,0,1,1,0.000000000010,0,0.000000000000,0.615833,0.962500,1.783541,37.975833,0.000074399,0.000054597,0.028041,0.027837,
R3-12.47-2-ACDC,plausible_converter_setpoint_error,13,VSCConverter/1/p_set_mw,0.016126,1,0,0,0,0,0,0,1,1,0.000000000011,0,0.000000000000,0.561708,0.935042,1.769417,37.120834,0.000043518,0.000031948,0.016405,0.016287,
R3-12.47-2-ACDC,plausible_converter_setpoint_error,14,VSCConverter/1/p_set_mw,0.022336,1,0,0,0,0,0,0,1,1,0.000000000005,0,0.000000000000,0.556542,0.919292,1.855500,37.413000,0.000060274,0.000044252,0.022722,0.022560,
R3-12.47-2-ACDC,plausible_converter_setpoint_error,15,VSCConverter/1/p_set_mw,0.014687,1,0,0,0,0,0,0,1,1,0.000000000010,0,0.000000000000,0.566958,0.947917,1.844500,37.642416,0.000039635,0.000029097,0.014941,0.014834,
R3-12.47-2-ACDC,plausible_converter_setpoint_error,16,VSCConverter/1/p_set_mw,0.016007,1,0,0,0,0,0,0,1,1,0.000000000005,0,0.000000000000,0.560333,0.939583,1.785209,38.116875,0.000043196,0.000031711,0.016284,0.016167,
R3-12.47-2-ACDC,plausible_converter_setpoint_error,17,VSCConverter/1/p_set_mw,-0.010942,1,0,0,0,0,0,0,1,1,0.000000000007,0,0.000000000000,0.565208,0.965917,1.815458,38.547625,0.000029535,0.000021677,0.011132,0.011052,
R3-12.47-2-ACDC,plausible_converter_setpoint_error,18,VSCConverter/1/p_set_mw,-0.011779,1,0,0,0,0,0,0,1,1,0.000000000009,0,0.000000000000,0.571875,0.948875,1.866750,38.111083,0.000031792,0.000023334,0.011983,0.011896,
R3-12.47-2-ACDC,plausible_converter_setpoint_error,19,VSCConverter/1/p_set_mw,-0.028880,1,0,0,0,0,0,0,1,1,0.000000000006,0,0.000000000000,0.549917,0.913708,1.778875,37.182375,0.000077959,0.000057209,0.029383,0.029168,
R3-12.47-2-ACDC,plausible_converter_setpoint_error,20,VSCConverter/1/p_set_mw,0.014201,1,0,0,0,0,0,0,1,1,0.000000000008,0,0.000000000000,0.567958,0.940708,1.776958,37.421792,0.000038324,0.000028135,0.014447,0.014343,
R3-12.47-2-ACDC,plausible_converter_setpoint_error,21,VSCConverter/1/p_set_mw,-0.017117,1,0,0,0,0,0,0,1,1,0.000000000011,0,0.000000000000,0.566958,0.948791,1.812375,39.023209,0.000046203,0.000033909,0.017415,0.017288,
R3-12.47-2-ACDC,plausible_converter_setpoint_error,22,VSCConverter/1/p_set_mw,0.013773,1,0,0,0,0,0,0,1,1,0.000000000008,0,0.000000000000,0.576875,0.961167,1.756166,37.369541,0.000037168,0.000027286,0.014011,0.013911,
R3-12.47-2-ACDC,plausible_converter_setpoint_error,23,VSCConverter/1/p_set_mw,0.006066,1,0,0,0,0,0,0,1,1,0.000000000008,0,0.000000000000,0.538208,0.947084,1.744083,38.438791,0.000016371,0.000012018,0.006171,0.006127,
R3-12.47-2-ACDC,plausible_converter_setpoint_error,24,VSCConverter/1/p_set_mw,-0.008418,1,0,0,0,0,0,0,1,1,0.000000000008,0,0.000000000000,0.573583,0.945958,1.795792,38.353583,0.000022720,0.000016676,0.008564,0.008502,
R4-12.47-2-ACDC,valid_control,0,none,0.000000,1,0,0,0,0,0,0,1,1,0.000000000007,0,0.000000000000,1.424834,2.569833,4.685917,84.798459,0.000000000,0.000000000,0.000000,0.000000,
R4-12.47-2-ACDC,valid_control,1,none,0.000000,1,0,0,0,0,0,0,1,1,0.000000000007,0,0.000000000000,1.374208,2.504792,4.957167,87.928500,0.000000000,0.000000000,0.000000,0.000000,
R4-12.47-2-ACDC,valid_control,2,none,0.000000,1,0,0,0,0,0,0,1,1,0.000000000004,0,0.000000000000,1.674542,2.846875,4.790542,81.762458,0.000000000,0.000000000,0.000000,0.000000,
R4-12.47-2-ACDC,valid_control,3,none,0.000000,1,0,0,0,0,0,0,1,1,0.000000000007,0,0.000000000000,1.594083,2.592291,4.652000,88.668792,0.000000000,0.000000000,0.000000,0.000000,
R4-12.47-2-ACDC,valid_control,4,none,0.000000,1,0,0,0,0,0,0,1,1,0.000000000004,0,0.000000000000,1.642250,2.443958,4.920083,85.145583,0.000000000,0.000000000,0.000000,0.000000,
R4-12.47-2-ACDC,valid_control,5,none,0.000000,1,0,0,0,0,0,0,1,1,0.000000000004,0,0.000000000000,1.363958,2.601375,4.900833,87.352125,0.000000000,0.000000000,0.000000,0.000000,
R4-12.47-2-ACDC,valid_control,6,none,0.000000,1,0,0,0,0,0,0,1,1,0.000000000004,0,0.000000000000,1.430541,2.599000,4.922583,85.599667,0.000000000,0.000000000,0.000000,0.000000,
R4-12.47-2-ACDC,valid_control,7,none,0.000000,1,0,0,0,0,0,0,1,1,0.000000000004,0,0.000000000000,1.355250,2.571459,4.862750,84.673084,0.000000000,0.000000000,0.000000,0.000000,
R4-12.47-2-ACDC,valid_control,8,none,0.000000,1,0,0,0,0,0,0,1,1,0.000000000004,0,0.000000000000,1.595333,2.872416,4.931667,83.495417,0.000000000,0.000000000,0.000000,0.000000,
R4-12.47-2-ACDC,valid_control,9,none,0.000000,1,0,0,0,0,0,0,1,1,0.000000000007,0,0.000000000000,1.335208,2.492625,4.672833,86.792292,0.000000000,0.000000000,0.000000,0.000000,
R4-12.47-2-ACDC,valid_control,10,none,0.000000,1,0,0,0,0,0,0,1,1,0.000000000004,0,0.000000000000,1.347958,2.519292,4.714750,87.186375,0.000000000,0.000000000,0.000000,0.000000,
R4-12.47-2-ACDC,valid_control,11,none,0.000000,1,0,0,0,0,0,0,1,1,0.000000000006,0,0.000000000000,1.353042,2.543917,4.786333,84.246333,0.000000000,0.000000000,0.000000,0.000000,
R4-12.47-2-ACDC,valid_control,12,none,0.000000,1,0,0,0,0,0,0,1,1,0.000000000006,0,0.000000000000,1.391666,2.503709,4.890917,85.106792,0.000000000,0.000000000,0.000000,0.000000,
R4-12.47-2-ACDC,valid_control,13,none,0.000000,1,0,0,0,0,0,0,1,1,0.000000000004,0,0.000000000000,1.344000,2.499000,4.674833,81.876958,0.000000000,0.000000000,0.000000,0.000000,
R4-12.47-2-ACDC,valid_control,14,none,0.000000,1,0,0,0,0,0,0,1,1,0.000000000003,0,0.000000000000,1.332375,2.472792,4.754959,83.289958,0.000000000,0.000000000,0.000000,0.000000,
R4-12.47-2-ACDC,valid_control,15,none,0.000000,1,0,0,0,0,0,0,1,1,0.000000000004,0,0.000000000000,1.309166,2.639500,4.653458,88.936042,0.000000000,0.000000000,0.000000,0.000000,
R4-12.47-2-ACDC,valid_control,16,none,0.000000,1,0,0,0,0,0,0,1,1,0.000000000004,0,0.000000000000,1.326041,2.669667,4.935417,87.932084,0.000000000,0.000000000,0.000000,0.000000,
R4-12.47-2-ACDC,valid_control,17,none,0.000000,1,0,0,0,0,0,0,1,1,0.000000000007,0,0.000000000000,1.328125,2.474083,4.885625,89.727917,0.000000000,0.000000000,0.000000,0.000000,
R4-12.47-2-ACDC,valid_control,18,none,0.000000,1,0,0,0,0,0,0,1,1,0.000000000005,0,0.000000000000,1.406667,2.530250,4.836333,83.226125,0.000000000,0.000000000,0.000000,0.000000,
R4-12.47-2-ACDC,valid_control,19,none,0.000000,1,0,0,0,0,0,0,1,1,0.000000000006,0,0.000000000000,1.320208,2.489208,4.756292,83.093250,0.000000000,0.000000000,0.000000,0.000000,
R4-12.47-2-ACDC,valid_control,20,none,0.000000,1,0,0,0,0,0,0,1,1,0.000000000004,0,0.000000000000,1.593083,2.608750,4.828041,83.395917,0.000000000,0.000000000,0.000000,0.000000,
R4-12.47-2-ACDC,valid_control,21,none,0.000000,1,0,0,0,0,0,0,1,1,0.000000000008,0,0.000000000000,1.372000,2.424958,4.728125,82.636000,0.000000000,0.000000000,0.000000,0.000000,
R4-12.47-2-ACDC,valid_control,22,none,0.000000,1,0,0,0,0,0,0,1,1,0.000000000004,0,0.000000000000,1.475417,2.591917,4.747125,82.585709,0.000000000,0.000000000,0.000000,0.000000,
R4-12.47-2-ACDC,valid_control,23,none,0.000000,1,0,0,0,0,0,0,1,1,0.000000000004,0,0.000000000000,1.325041,2.474417,4.704583,86.152667,0.000000000,0.000000000,0.000000,0.000000,
R4-12.47-2-ACDC,valid_control,24,none,0.000000,1,0,0,0,0,0,0,1,1,0.000000000007,0,0.000000000000,1.366750,2.467375,4.646000,84.845000,0.000000000,0.000000000,0.000000,0.000000,
R4-12.47-2-ACDC,missing_vsc_ac_terminal,0,VSCConverter/1/bus_ac,0.000000,0,1,0,1,1,1,1,0,0,0.000000000000,0,0.000000000000,1.170917,2.514250,4.531625,0.000000,0.000000000,0.000000000,0.000000,0.000000,validation: 1 error(s): [VSCConverter/1/bus_ac] bus_ac 100338537 not found;; solver-only baseline excluded above structural-fault AC-bus budget
R4-12.47-2-ACDC,missing_vsc_ac_terminal,1,VSCConverter/1/bus_ac,0.000000,0,1,0,1,1,1,1,0,0,0.000000000000,0,0.000000000000,1.216375,2.412083,4.369791,0.000000,0.000000000,0.000000000,0.000000,0.000000,validation: 1 error(s): [VSCConverter/1/bus_ac] bus_ac 100374924 not found;; solver-only baseline excluded above structural-fault AC-bus budget
R4-12.47-2-ACDC,missing_vsc_ac_terminal,2,VSCConverter/1/bus_ac,0.000000,0,1,0,1,1,1,1,0,0,0.000000000000,0,0.000000000000,1.194167,2.471208,4.425625,0.000000,0.000000000,0.000000000,0.000000,0.000000,validation: 1 error(s): [VSCConverter/1/bus_ac] bus_ac 100885472 not found;; solver-only baseline excluded above structural-fault AC-bus budget
R4-12.47-2-ACDC,missing_vsc_ac_terminal,3,VSCConverter/2/bus_ac,0.000000,0,1,0,1,1,1,1,0,0,0.000000000000,0,0.000000000000,1.223209,2.434167,4.378000,0.000000,0.000000000,0.000000000,0.000000,0.000000,validation: 1 error(s): [VSCConverter/2/bus_ac] bus_ac 100790959 not found;; solver-only baseline excluded above structural-fault AC-bus budget
R4-12.47-2-ACDC,missing_vsc_ac_terminal,4,VSCConverter/1/bus_ac,0.000000,0,1,0,1,1,1,1,0,0,0.000000000000,0,0.000000000000,1.211292,2.455709,4.431250,0.000000,0.000000000,0.000000000,0.000000,0.000000,validation: 1 error(s): [VSCConverter/1/bus_ac] bus_ac 100500235 not found;; solver-only baseline excluded above structural-fault AC-bus budget
R4-12.47-2-ACDC,missing_vsc_ac_terminal,5,VSCConverter/1/bus_ac,0.000000,0,1,0,1,1,1,1,0,0,0.000000000000,0,0.000000000000,1.212584,2.428458,4.400792,0.000000,0.000000000,0.000000000,0.000000,0.000000,validation: 1 error(s): [VSCConverter/1/bus_ac] bus_ac 100833836 not found;; solver-only baseline excluded above structural-fault AC-bus budget
R4-12.47-2-ACDC,missing_vsc_ac_terminal,6,VSCConverter/1/bus_ac,0.000000,0,1,0,1,1,1,1,0,0,0.000000000000,0,0.000000000000,1.206041,2.489291,4.412625,0.000000,0.000000000,0.000000000,0.000000,0.000000,validation: 1 error(s): [VSCConverter/1/bus_ac] bus_ac 100114558 not found;; solver-only baseline excluded above structural-fault AC-bus budget
R4-12.47-2-ACDC,missing_vsc_ac_terminal,7,VSCConverter/2/bus_ac,0.000000,0,1,0,1,1,1,1,0,0,0.000000000000,0,0.000000000000,1.213375,2.438666,4.394875,0.000000,0.000000000,0.000000000,0.000000,0.000000,validation: 1 error(s): [VSCConverter/2/bus_ac] bus_ac 100812510 not found;; solver-only baseline excluded above structural-fault AC-bus budget
R4-12.47-2-ACDC,missing_vsc_ac_terminal,8,VSCConverter/2/bus_ac,0.000000,0,1,0,1,1,1,1,0,0,0.000000000000,0,0.000000000000,1.215125,2.436917,4.453667,0.000000,0.000000000,0.000000000,0.000000,0.000000,validation: 1 error(s): [VSCConverter/2/bus_ac] bus_ac 100614057 not found;; solver-only baseline excluded above structural-fault AC-bus budget
R4-12.47-2-ACDC,missing_vsc_ac_terminal,9,VSCConverter/1/bus_ac,0.000000,0,1,0,1,1,1,1,0,0,0.000000000000,0,0.000000000000,1.213875,2.431625,4.390625,0.000000,0.000000000,0.000000000,0.000000,0.000000,validation: 1 error(s): [VSCConverter/1/bus_ac] bus_ac 100787225 not found;; solver-only baseline excluded above structural-fault AC-bus budget
R4-12.47-2-ACDC,missing_vsc_ac_terminal,10,VSCConverter/1/bus_ac,0.000000,0,1,0,1,1,1,1,0,0,0.000000000000,0,0.000000000000,1.210500,2.442666,4.477250,0.000000,0.000000000,0.000000000,0.000000,0.000000,validation: 1 error(s): [VSCConverter/1/bus_ac] bus_ac 100618083 not found;; solver-only baseline excluded above structural-fault AC-bus budget
R4-12.47-2-ACDC,missing_vsc_ac_terminal,11,VSCConverter/1/bus_ac,0.000000,0,1,0,1,1,1,1,0,0,0.000000000000,0,0.000000000000,1.230042,2.506875,4.467833,0.000000,0.000000000,0.000000000,0.000000,0.000000,validation: 1 error(s): [VSCConverter/1/bus_ac] bus_ac 100700444 not found;; solver-only baseline excluded above structural-fault AC-bus budget
R4-12.47-2-ACDC,missing_vsc_ac_terminal,12,VSCConverter/2/bus_ac,0.000000,0,1,0,1,1,1,1,0,0,0.000000000000,0,0.000000000000,1.129334,2.372500,4.731875,0.000000,0.000000000,0.000000000,0.000000,0.000000,validation: 1 error(s): [VSCConverter/2/bus_ac] bus_ac 100472125 not found;; solver-only baseline excluded above structural-fault AC-bus budget
R4-12.47-2-ACDC,missing_vsc_ac_terminal,13,VSCConverter/1/bus_ac,0.000000,0,1,0,1,1,1,1,0,0,0.000000000000,0,0.000000000000,1.196541,2.423500,4.439167,0.000000,0.000000000,0.000000000,0.000000,0.000000,validation: 1 error(s): [VSCConverter/1/bus_ac] bus_ac 100111435 not found;; solver-only baseline excluded above structural-fault AC-bus budget
R4-12.47-2-ACDC,missing_vsc_ac_terminal,14,VSCConverter/1/bus_ac,0.000000,0,1,0,1,1,1,1,0,0,0.000000000000,0,0.000000000000,1.224292,2.462666,4.630000,0.000000,0.000000000,0.000000000,0.000000,0.000000,validation: 1 error(s): [VSCConverter/1/bus_ac] bus_ac 100132385 not found;; solver-only baseline excluded above structural-fault AC-bus budget
R4-12.47-2-ACDC,missing_vsc_ac_terminal,15,VSCConverter/2/bus_ac,0.000000,0,1,0,1,1,1,1,0,0,0.000000000000,0,0.000000000000,1.210792,2.598875,4.667584,0.000000,0.000000000,0.000000000,0.000000,0.000000,validation: 1 error(s): [VSCConverter/2/bus_ac] bus_ac 100094472 not found;; solver-only baseline excluded above structural-fault AC-bus budget
R4-12.47-2-ACDC,missing_vsc_ac_terminal,16,VSCConverter/1/bus_ac,0.000000,0,1,0,1,1,1,1,0,0,0.000000000000,0,0.000000000000,1.223833,2.552375,5.873625,0.000000,0.000000000,0.000000000,0.000000,0.000000,validation: 1 error(s): [VSCConverter/1/bus_ac] bus_ac 100709495 not found;; solver-only baseline excluded above structural-fault AC-bus budget
R4-12.47-2-ACDC,missing_vsc_ac_terminal,17,VSCConverter/1/bus_ac,0.000000,0,1,0,1,1,1,1,0,0,0.000000000000,0,0.000000000000,1.283042,2.483250,4.842458,0.000000,0.000000000,0.000000000,0.000000,0.000000,validation: 1 error(s): [VSCConverter/1/bus_ac] bus_ac 100701522 not found;; solver-only baseline excluded above structural-fault AC-bus budget
R4-12.47-2-ACDC,missing_vsc_ac_terminal,18,VSCConverter/2/bus_ac,0.000000,0,1,0,1,1,1,1,0,0,0.000000000000,0,0.000000000000,1.233708,2.527750,4.556959,0.000000,0.000000000,0.000000000,0.000000,0.000000,validation: 1 error(s): [VSCConverter/2/bus_ac] bus_ac 100779030 not found;; solver-only baseline excluded above structural-fault AC-bus budget
R4-12.47-2-ACDC,missing_vsc_ac_terminal,19,VSCConverter/2/bus_ac,0.000000,0,1,0,1,1,1,1,0,0,0.000000000000,0,0.000000000000,1.238833,2.649709,5.211625,0.000000,0.000000000,0.000000000,0.000000,0.000000,validation: 1 error(s): [VSCConverter/2/bus_ac] bus_ac 100699686 not found;; solver-only baseline excluded above structural-fault AC-bus budget
R4-12.47-2-ACDC,missing_vsc_ac_terminal,20,VSCConverter/1/bus_ac,0.000000,0,1,0,1,1,1,1,0,0,0.000000000000,0,0.000000000000,1.189542,2.628708,4.292000,0.000000,0.000000000,0.000000000,0.000000,0.000000,validation: 1 error(s): [VSCConverter/1/bus_ac] bus_ac 100281077 not found;; solver-only baseline excluded above structural-fault AC-bus budget
R4-12.47-2-ACDC,missing_vsc_ac_terminal,21,VSCConverter/1/bus_ac,0.000000,0,1,0,1,1,1,1,0,0,0.000000000000,0,0.000000000000,1.188542,2.420334,4.410250,0.000000,0.000000000,0.000000000,0.000000,0.000000,validation: 1 error(s): [VSCConverter/1/bus_ac] bus_ac 100906346 not found;; solver-only baseline excluded above structural-fault AC-bus budget
R4-12.47-2-ACDC,missing_vsc_ac_terminal,22,VSCConverter/1/bus_ac,0.000000,0,1,0,1,1,1,1,0,0,0.000000000000,0,0.000000000000,1.197750,2.519583,4.401958,0.000000,0.000000000,0.000000000,0.000000,0.000000,validation: 1 error(s): [VSCConverter/1/bus_ac] bus_ac 100572023 not found;; solver-only baseline excluded above structural-fault AC-bus budget
R4-12.47-2-ACDC,missing_vsc_ac_terminal,23,VSCConverter/2/bus_ac,0.000000,0,1,0,1,1,1,1,0,0,0.000000000000,0,0.000000000000,1.193250,2.399500,4.403166,0.000000,0.000000000,0.000000000,0.000000,0.000000,validation: 1 error(s): [VSCConverter/2/bus_ac] bus_ac 100763711 not found;; solver-only baseline excluded above structural-fault AC-bus budget
R4-12.47-2-ACDC,missing_vsc_ac_terminal,24,VSCConverter/1/bus_ac,0.000000,0,1,0,1,1,1,1,0,0,0.000000000000,0,0.000000000000,1.209667,2.455291,4.290416,0.000000,0.000000000,0.000000000,0.000000,0.000000,validation: 1 error(s): [VSCConverter/1/bus_ac] bus_ac 100332893 not found;; solver-only baseline excluded above structural-fault AC-bus budget
R4-12.47-2-ACDC,missing_vsc_dc_terminal,0,VSCConverter/2/bus_dc,0.000000,0,1,0,1,1,1,1,0,0,0.000000000000,0,0.000000000000,1.213583,2.418041,4.405792,0.000000,0.000000000,0.000000000,0.000000,0.000000,"validation: 1 error(s), 1 warning(s): [DCBus/2/bus_type] DC voltage-reference bus 2 has no in-service physical balancing device. It will be treated as an ideal bidirectional DC voltage boundary; add controllable DC storage, a DC-voltage-forming VSC/LCC, or a voltage-forming DC/DC converter when a physical boundary model is required.; [VSCConverter/2/bus_dc] bus_dc 200769130 not found;; solver-only baseline excluded above structural-fault AC-bus budget"
R4-12.47-2-ACDC,missing_vsc_dc_terminal,1,VSCConverter/2/bus_dc,0.000000,0,1,0,1,1,1,1,0,0,0.000000000000,0,0.000000000000,1.225708,2.443458,4.589250,0.000000,0.000000000,0.000000000,0.000000,0.000000,"validation: 1 error(s), 1 warning(s): [DCBus/2/bus_type] DC voltage-reference bus 2 has no in-service physical balancing device. It will be treated as an ideal bidirectional DC voltage boundary; add controllable DC storage, a DC-voltage-forming VSC/LCC, or a voltage-forming DC/DC converter when a physical boundary model is required.; [VSCConverter/2/bus_dc] bus_dc 200204781 not found;; solver-only baseline excluded above structural-fault AC-bus budget"
R4-12.47-2-ACDC,missing_vsc_dc_terminal,2,VSCConverter/1/bus_dc,0.000000,0,1,0,1,1,1,1,0,0,0.000000000000,0,0.000000000000,1.232917,2.529792,4.595291,0.000000,0.000000000,0.000000000,0.000000,0.000000,validation: 1 error(s): [VSCConverter/1/bus_dc] bus_dc 200658447 not found;; solver-only baseline excluded above structural-fault AC-bus budget
R4-12.47-2-ACDC,missing_vsc_dc_terminal,3,VSCConverter/1/bus_dc,0.000000,0,1,0,1,1,1,1,0,0,0.000000000000,0,0.000000000000,1.212917,2.460791,4.584958,0.000000,0.000000000,0.000000000,0.000000,0.000000,validation: 1 error(s): [VSCConverter/1/bus_dc] bus_dc 200893977 not found;; solver-only baseline excluded above structural-fault AC-bus budget
R4-12.47-2-ACDC,missing_vsc_dc_terminal,4,VSCConverter/2/bus_dc,0.000000,0,1,0,1,1,1,1,0,0,0.000000000000,0,0.000000000000,1.223792,2.472875,4.763084,0.000000,0.000000000,0.000000000,0.000000,0.000000,"validation: 1 error(s), 1 warning(s): [DCBus/2/bus_type] DC voltage-reference bus 2 has no in-service physical balancing device. It will be treated as an ideal bidirectional DC voltage boundary; add controllable DC storage, a DC-voltage-forming VSC/LCC, or a voltage-forming DC/DC converter when a physical boundary model is required.; [VSCConverter/2/bus_dc] bus_dc 200839172 not found;; solver-only baseline excluded above structural-fault AC-bus budget"
R4-12.47-2-ACDC,missing_vsc_dc_terminal,5,VSCConverter/1/bus_dc,0.000000,0,1,0,1,1,1,1,0,0,0.000000000000,0,0.000000000000,1.269042,2.630709,4.771834,0.000000,0.000000000,0.000000000,0.000000,0.000000,validation: 1 error(s): [VSCConverter/1/bus_dc] bus_dc 200882609 not found;; solver-only baseline excluded above structural-fault AC-bus budget
R4-12.47-2-ACDC,missing_vsc_dc_terminal,6,VSCConverter/1/bus_dc,0.000000,0,1,0,1,1,1,1,0,0,0.000000000000,0,0.000000000000,1.287250,2.565125,4.435541,0.000000,0.000000000,0.000000000,0.000000,0.000000,validation: 1 error(s): [VSCConverter/1/bus_dc] bus_dc 200874830 not found;; solver-only baseline excluded above structural-fault AC-bus budget
R4-12.47-2-ACDC,missing_vsc_dc_terminal,7,VSCConverter/1/bus_dc,0.000000,0,1,0,1,1,1,1,0,0,0.000000000000,0,0.000000000000,1.255875,2.709417,4.561042,0.000000,0.000000000,0.000000000,0.000000,0.000000,validation: 1 error(s): [VSCConverter/1/bus_dc] bus_dc 200650632 not found;; solver-only baseline excluded above structural-fault AC-bus budget
R4-12.47-2-ACDC,missing_vsc_dc_terminal,8,VSCConverter/2/bus_dc,0.000000,0,1,0,1,1,1,1,0,0,0.000000000000,0,0.000000000000,1.221416,2.439166,4.466250,0.000000,0.000000000,0.000000000,0.000000,0.000000,"validation: 1 error(s), 1 warning(s): [DCBus/2/bus_type] DC voltage-reference bus 2 has no in-service physical balancing device. It will be treated as an ideal bidirectional DC voltage boundary; add controllable DC storage, a DC-voltage-forming VSC/LCC, or a voltage-forming DC/DC converter when a physical boundary model is required.; [VSCConverter/2/bus_dc] bus_dc 200901176 not found;; solver-only baseline excluded above structural-fault AC-bus budget"
R4-12.47-2-ACDC,missing_vsc_dc_terminal,9,VSCConverter/1/bus_dc,0.000000,0,1,0,1,1,1,1,0,0,0.000000000000,0,0.000000000000,1.239125,2.564125,4.326500,0.000000,0.000000000,0.000000000,0.000000,0.000000,validation: 1 error(s): [VSCConverter/1/bus_dc] bus_dc 200154052 not found;; solver-only baseline excluded above structural-fault AC-bus budget
R4-12.47-2-ACDC,missing_vsc_dc_terminal,10,VSCConverter/1/bus_dc,0.000000,0,1,0,1,1,1,1,0,0,0.000000000000,0,0.000000000000,1.209417,2.402917,4.376167,0.000000,0.000000000,0.000000000,0.000000,0.000000,validation: 1 error(s): [VSCConverter/1/bus_dc] bus_dc 200365365 not found;; solver-only baseline excluded above structural-fault AC-bus budget
R4-12.47-2-ACDC,missing_vsc_dc_terminal,11,VSCConverter/1/bus_dc,0.000000,0,1,0,1,1,1,1,0,0,0.000000000000,0,0.000000000000,1.230500,2.573958,4.651375,0.000000,0.000000000,0.000000000,0.000000,0.000000,validation: 1 error(s): [VSCConverter/1/bus_dc] bus_dc 200747760 not found;; solver-only baseline excluded above structural-fault AC-bus budget
R4-12.47-2-ACDC,missing_vsc_dc_terminal,12,VSCConverter/1/bus_dc,0.000000,0,1,0,1,1,1,1,0,0,0.000000000000,0,0.000000000000,1.175417,2.364625,4.468208,0.000000,0.000000000,0.000000000,0.000000,0.000000,validation: 1 error(s): [VSCConverter/1/bus_dc] bus_dc 200881626 not found;; solver-only baseline excluded above structural-fault AC-bus budget
R4-12.47-2-ACDC,missing_vsc_dc_terminal,13,VSCConverter/1/bus_dc,0.000000,0,1,0,1,1,1,1,0,0,0.000000000000,0,0.000000000000,1.280833,2.526875,4.439459,0.000000,0.000000000,0.000000000,0.000000,0.000000,validation: 1 error(s): [VSCConverter/1/bus_dc] bus_dc 200798533 not found;; solver-only baseline excluded above structural-fault AC-bus budget
R4-12.47-2-ACDC,missing_vsc_dc_terminal,14,VSCConverter/2/bus_dc,0.000000,0,1,0,1,1,1,1,0,0,0.000000000000,0,0.000000000000,1.267250,2.501209,4.470584,0.000000,0.000000000,0.000000000,0.000000,0.000000,"validation: 1 error(s), 1 warning(s): [DCBus/2/bus_type] DC voltage-reference bus 2 has no in-service physical balancing device. It will be treated as an ideal bidirectional DC voltage boundary; add controllable DC storage, a DC-voltage-forming VSC/LCC, or a voltage-forming DC/DC converter when a physical boundary model is required.; [VSCConverter/2/bus_dc] bus_dc 200202492 not found;; solver-only baseline excluded above structural-fault AC-bus budget"
R4-12.47-2-ACDC,missing_vsc_dc_terminal,15,VSCConverter/2/bus_dc,0.000000,0,1,0,1,1,1,1,0,0,0.000000000000,0,0.000000000000,1.228917,2.476459,4.559583,0.000000,0.000000000,0.000000000,0.000000,0.000000,"validation: 1 error(s), 1 warning(s): [DCBus/2/bus_type] DC voltage-reference bus 2 has no in-service physical balancing device. It will be treated as an ideal bidirectional DC voltage boundary; add controllable DC storage, a DC-voltage-forming VSC/LCC, or a voltage-forming DC/DC converter when a physical boundary model is required.; [VSCConverter/2/bus_dc] bus_dc 200843826 not found;; solver-only baseline excluded above structural-fault AC-bus budget"
R4-12.47-2-ACDC,missing_vsc_dc_terminal,16,VSCConverter/2/bus_dc,0.000000,0,1,0,1,1,1,1,0,0,0.000000000000,0,0.000000000000,1.235042,2.468584,4.498583,0.000000,0.000000000,0.000000000,0.000000,0.000000,"validation: 1 error(s), 1 warning(s): [DCBus/2/bus_type] DC voltage-reference bus 2 has no in-service physical balancing device. It will be treated as an ideal bidirectional DC voltage boundary; add controllable DC storage, a DC-voltage-forming VSC/LCC, or a voltage-forming DC/DC converter when a physical boundary model is required.; [VSCConverter/2/bus_dc] bus_dc 200273106 not found;; solver-only baseline excluded above structural-fault AC-bus budget"
R4-12.47-2-ACDC,missing_vsc_dc_terminal,17,VSCConverter/1/bus_dc,0.000000,0,1,0,1,1,1,1,0,0,0.000000000000,0,0.000000000000,1.265875,2.521250,4.592833,0.000000,0.000000000,0.000000000,0.000000,0.000000,validation: 1 error(s): [VSCConverter/1/bus_dc] bus_dc 200072659 not found;; solver-only baseline excluded above structural-fault AC-bus budget
R4-12.47-2-ACDC,missing_vsc_dc_terminal,18,VSCConverter/2/bus_dc,0.000000,0,1,0,1,1,1,1,0,0,0.000000000000,0,0.000000000000,1.229417,2.410708,4.247291,0.000000,0.000000000,0.000000000,0.000000,0.000000,"validation: 1 error(s), 1 warning(s): [DCBus/2/bus_type] DC voltage-reference bus 2 has no in-service physical balancing device. It will be treated as an ideal bidirectional DC voltage boundary; add controllable DC storage, a DC-voltage-forming VSC/LCC, or a voltage-forming DC/DC converter when a physical boundary model is required.; [VSCConverter/2/bus_dc] bus_dc 200494313 not found;; solver-only baseline excluded above structural-fault AC-bus budget"
R4-12.47-2-ACDC,missing_vsc_dc_terminal,19,VSCConverter/1/bus_dc,0.000000,0,1,0,1,1,1,1,0,0,0.000000000000,0,0.000000000000,1.242959,2.392667,4.483916,0.000000,0.000000000,0.000000000,0.000000,0.000000,validation: 1 error(s): [VSCConverter/1/bus_dc] bus_dc 200496817 not found;; solver-only baseline excluded above structural-fault AC-bus budget
R4-12.47-2-ACDC,missing_vsc_dc_terminal,20,VSCConverter/1/bus_dc,0.000000,0,1,0,1,1,1,1,0,0,0.000000000000,0,0.000000000000,1.189083,2.394166,4.192833,0.000000,0.000000000,0.000000000,0.000000,0.000000,validation: 1 error(s): [VSCConverter/1/bus_dc] bus_dc 200918325 not found;; solver-only baseline excluded above structural-fault AC-bus budget
R4-12.47-2-ACDC,missing_vsc_dc_terminal,21,VSCConverter/1/bus_dc,0.000000,0,1,0,1,1,1,1,0,0,0.000000000000,0,0.000000000000,1.207166,2.413416,4.367167,0.000000,0.000000000,0.000000000,0.000000,0.000000,validation: 1 error(s): [VSCConverter/1/bus_dc] bus_dc 200431613 not found;; solver-only baseline excluded above structural-fault AC-bus budget
R4-12.47-2-ACDC,missing_vsc_dc_terminal,22,VSCConverter/2/bus_dc,0.000000,0,1,0,1,1,1,1,0,0,0.000000000000,0,0.000000000000,1.175834,2.400000,4.431292,0.000000,0.000000000,0.000000000,0.000000,0.000000,"validation: 1 error(s), 1 warning(s): [DCBus/2/bus_type] DC voltage-reference bus 2 has no in-service physical balancing device. It will be treated as an ideal bidirectional DC voltage boundary; add controllable DC storage, a DC-voltage-forming VSC/LCC, or a voltage-forming DC/DC converter when a physical boundary model is required.; [VSCConverter/2/bus_dc] bus_dc 200344623 not found;; solver-only baseline excluded above structural-fault AC-bus budget"
R4-12.47-2-ACDC,missing_vsc_dc_terminal,23,VSCConverter/1/bus_dc,0.000000,0,1,0,1,1,1,1,0,0,0.000000000000,0,0.000000000000,1.216209,2.445667,4.499833,0.000000,0.000000000,0.000000000,0.000000,0.000000,validation: 1 error(s): [VSCConverter/1/bus_dc] bus_dc 200650773 not found;; solver-only baseline excluded above structural-fault AC-bus budget
R4-12.47-2-ACDC,missing_vsc_dc_terminal,24,VSCConverter/2/bus_dc,0.000000,0,1,0,1,1,1,1,0,0,0.000000000000,0,0.000000000000,1.225708,2.429708,4.404875,0.000000,0.000000000,0.000000000,0.000000,0.000000,"validation: 1 error(s), 1 warning(s): [DCBus/2/bus_type] DC voltage-reference bus 2 has no in-service physical balancing device. It will be treated as an ideal bidirectional DC voltage boundary; add controllable DC storage, a DC-voltage-forming VSC/LCC, or a voltage-forming DC/DC converter when a physical boundary model is required.; [VSCConverter/2/bus_dc] bus_dc 200179625 not found;; solver-only baseline excluded above structural-fault AC-bus budget"
R4-12.47-2-ACDC,missing_ac_reference,0,ACSystem/reference,0.000000,0,1,0,1,1,1,1,0,0,0.000000000000,0,0.000000000000,1.382583,2.434500,4.610084,0.000000,0.000000000,0.000000000,0.000000,0.000000,"validation: 1 error(s), 1 warning(s): [ACSystem] No slack bus found (BusType::SLACK or Generator::is_slack); [ACSystem/connectivity] AC island 0 (825 buses) contains no slack bus;; solver-only baseline excluded above structural-fault AC-bus budget"
R4-12.47-2-ACDC,missing_ac_reference,1,ACSystem/reference,0.000000,0,1,0,1,1,1,1,0,0,0.000000000000,0,0.000000000000,1.351750,2.369292,4.540042,0.000000,0.000000000,0.000000000,0.000000,0.000000,"validation: 1 error(s), 1 warning(s): [ACSystem] No slack bus found (BusType::SLACK or Generator::is_slack); [ACSystem/connectivity] AC island 0 (825 buses) contains no slack bus;; solver-only baseline excluded above structural-fault AC-bus budget"
R4-12.47-2-ACDC,missing_ac_reference,2,ACSystem/reference,0.000000,0,1,0,1,1,1,1,0,0,0.000000000000,0,0.000000000000,1.352334,2.413125,4.802042,0.000000,0.000000000,0.000000000,0.000000,0.000000,"validation: 1 error(s), 1 warning(s): [ACSystem] No slack bus found (BusType::SLACK or Generator::is_slack); [ACSystem/connectivity] AC island 0 (825 buses) contains no slack bus;; solver-only baseline excluded above structural-fault AC-bus budget"
R4-12.47-2-ACDC,missing_ac_reference,3,ACSystem/reference,0.000000,0,1,0,1,1,1,1,0,0,0.000000000000,0,0.000000000000,1.322000,2.410583,4.610875,0.000000,0.000000000,0.000000000,0.000000,0.000000,"validation: 1 error(s), 1 warning(s): [ACSystem] No slack bus found (BusType::SLACK or Generator::is_slack); [ACSystem/connectivity] AC island 0 (825 buses) contains no slack bus;; solver-only baseline excluded above structural-fault AC-bus budget"
R4-12.47-2-ACDC,missing_ac_reference,4,ACSystem/reference,0.000000,0,1,0,1,1,1,1,0,0,0.000000000000,0,0.000000000000,1.362125,2.536208,4.739292,0.000000,0.000000000,0.000000000,0.000000,0.000000,"validation: 1 error(s), 1 warning(s): [ACSystem] No slack bus found (BusType::SLACK or Generator::is_slack); [ACSystem/connectivity] AC island 0 (825 buses) contains no slack bus;; solver-only baseline excluded above structural-fault AC-bus budget"
R4-12.47-2-ACDC,missing_ac_reference,5,ACSystem/reference,0.000000,0,1,0,1,1,1,1,0,0,0.000000000000,0,0.000000000000,1.375208,2.444417,4.553792,0.000000,0.000000000,0.000000000,0.000000,0.000000,"validation: 1 error(s), 1 warning(s): [ACSystem] No slack bus found (BusType::SLACK or Generator::is_slack); [ACSystem/connectivity] AC island 0 (825 buses) contains no slack bus;; solver-only baseline excluded above structural-fault AC-bus budget"
R4-12.47-2-ACDC,missing_ac_reference,6,ACSystem/reference,0.000000,0,1,0,1,1,1,1,0,0,0.000000000000,0,0.000000000000,1.383583,2.438833,4.531666,0.000000,0.000000000,0.000000000,0.000000,0.000000,"validation: 1 error(s), 1 warning(s): [ACSystem] No slack bus found (BusType::SLACK or Generator::is_slack); [ACSystem/connectivity] AC island 0 (825 buses) contains no slack bus;; solver-only baseline excluded above structural-fault AC-bus budget"
R4-12.47-2-ACDC,missing_ac_reference,7,ACSystem/reference,0.000000,0,1,0,1,1,1,1,0,0,0.000000000000,0,0.000000000000,1.324709,2.488791,4.313542,0.000000,0.000000000,0.000000000,0.000000,0.000000,"validation: 1 error(s), 1 warning(s): [ACSystem] No slack bus found (BusType::SLACK or Generator::is_slack); [ACSystem/connectivity] AC island 0 (825 buses) contains no slack bus;; solver-only baseline excluded above structural-fault AC-bus budget"
R4-12.47-2-ACDC,missing_ac_reference,8,ACSystem/reference,0.000000,0,1,0,1,1,1,1,0,0,0.000000000000,0,0.000000000000,1.367667,2.400959,4.500917,0.000000,0.000000000,0.000000000,0.000000,0.000000,"validation: 1 error(s), 1 warning(s): [ACSystem] No slack bus found (BusType::SLACK or Generator::is_slack); [ACSystem/connectivity] AC island 0 (825 buses) contains no slack bus;; solver-only baseline excluded above structural-fault AC-bus budget"
R4-12.47-2-ACDC,missing_ac_reference,9,ACSystem/reference,0.000000,0,1,0,1,1,1,1,0,0,0.000000000000,0,0.000000000000,1.318500,2.397708,4.471583,0.000000,0.000000000,0.000000000,0.000000,0.000000,"validation: 1 error(s), 1 warning(s): [ACSystem] No slack bus found (BusType::SLACK or Generator::is_slack); [ACSystem/connectivity] AC island 0 (825 buses) contains no slack bus;; solver-only baseline excluded above structural-fault AC-bus budget"
R4-12.47-2-ACDC,missing_ac_reference,10,ACSystem/reference,0.000000,0,1,0,1,1,1,1,0,0,0.000000000000,0,0.000000000000,1.279833,2.334875,4.478084,0.000000,0.000000000,0.000000000,0.000000,0.000000,"validation: 1 error(s), 1 warning(s): [ACSystem] No slack bus found (BusType::SLACK or Generator::is_slack); [ACSystem/connectivity] AC island 0 (825 buses) contains no slack bus;; solver-only baseline excluded above structural-fault AC-bus budget"
R4-12.47-2-ACDC,missing_ac_reference,11,ACSystem/reference,0.000000,0,1,0,1,1,1,1,0,0,0.000000000000,0,0.000000000000,1.322042,2.402208,4.518458,0.000000,0.000000000,0.000000000,0.000000,0.000000,"validation: 1 error(s), 1 warning(s): [ACSystem] No slack bus found (BusType::SLACK or Generator::is_slack); [ACSystem/connectivity] AC island 0 (825 buses) contains no slack bus;; solver-only baseline excluded above structural-fault AC-bus budget"
R4-12.47-2-ACDC,missing_ac_reference,12,ACSystem/reference,0.000000,0,1,0,1,1,1,1,0,0,0.000000000000,0,0.000000000000,1.363125,2.435292,4.857125,0.000000,0.000000000,0.000000000,0.000000,0.000000,"validation: 1 error(s), 1 warning(s): [ACSystem] No slack bus found (BusType::SLACK or Generator::is_slack); [ACSystem/connectivity] AC island 0 (825 buses) contains no slack bus;; solver-only baseline excluded above structural-fault AC-bus budget"
R4-12.47-2-ACDC,missing_ac_reference,13,ACSystem/reference,0.000000,0,1,0,1,1,1,1,0,0,0.000000000000,0,0.000000000000,1.290834,2.246375,4.908792,0.000000,0.000000000,0.000000000,0.000000,0.000000,"validation: 1 error(s), 1 warning(s): [ACSystem] No slack bus found (BusType::SLACK or Generator::is_slack); [ACSystem/connectivity] AC island 0 (825 buses) contains no slack bus;; solver-only baseline excluded above structural-fault AC-bus budget"
R4-12.47-2-ACDC,missing_ac_reference,14,ACSystem/reference,0.000000,0,1,0,1,1,1,1,0,0,0.000000000000,0,0.000000000000,1.507042,2.705584,4.739917,0.000000,0.000000000,0.000000000,0.000000,0.000000,"validation: 1 error(s), 1 warning(s): [ACSystem] No slack bus found (BusType::SLACK or Generator::is_slack); [ACSystem/connectivity] AC island 0 (825 buses) contains no slack bus;; solver-only baseline excluded above structural-fault AC-bus budget"
R4-12.47-2-ACDC,missing_ac_reference,15,ACSystem/reference,0.000000,0,1,0,1,1,1,1,0,0,0.000000000000,0,0.000000000000,1.433292,2.369708,4.907542,0.000000,0.000000000,0.000000000,0.000000,0.000000,"validation: 1 error(s), 1 warning(s): [ACSystem] No slack bus found (BusType::SLACK or Generator::is_slack); [ACSystem/connectivity] AC island 0 (825 buses) contains no slack bus;; solver-only baseline excluded above structural-fault AC-bus budget"
R4-12.47-2-ACDC,missing_ac_reference,16,ACSystem/reference,0.000000,0,1,0,1,1,1,1,0,0,0.000000000000,0,0.000000000000,1.310500,2.409292,5.044084,0.000000,0.000000000,0.000000000,0.000000,0.000000,"validation: 1 error(s), 1 warning(s): [ACSystem] No slack bus found (BusType::SLACK or Generator::is_slack); [ACSystem/connectivity] AC island 0 (825 buses) contains no slack bus;; solver-only baseline excluded above structural-fault AC-bus budget"
R4-12.47-2-ACDC,missing_ac_reference,17,ACSystem/reference,0.000000,0,1,0,1,1,1,1,0,0,0.000000000000,0,0.000000000000,1.328084,2.404125,4.566167,0.000000,0.000000000,0.000000000,0.000000,0.000000,"validation: 1 error(s), 1 warning(s): [ACSystem] No slack bus found (BusType::SLACK or Generator::is_slack); [ACSystem/connectivity] AC island 0 (825 buses) contains no slack bus;; solver-only baseline excluded above structural-fault AC-bus budget"
R4-12.47-2-ACDC,missing_ac_reference,18,ACSystem/reference,0.000000,0,1,0,1,1,1,1,0,0,0.000000000000,0,0.000000000000,1.385916,2.321375,4.813208,0.000000,0.000000000,0.000000000,0.000000,0.000000,"validation: 1 error(s), 1 warning(s): [ACSystem] No slack bus found (BusType::SLACK or Generator::is_slack); [ACSystem/connectivity] AC island 0 (825 buses) contains no slack bus;; solver-only baseline excluded above structural-fault AC-bus budget"
R4-12.47-2-ACDC,missing_ac_reference,19,ACSystem/reference,0.000000,0,1,0,1,1,1,1,0,0,0.000000000000,0,0.000000000000,1.321917,2.387334,4.525500,0.000000,0.000000000,0.000000000,0.000000,0.000000,"validation: 1 error(s), 1 warning(s): [ACSystem] No slack bus found (BusType::SLACK or Generator::is_slack); [ACSystem/connectivity] AC island 0 (825 buses) contains no slack bus;; solver-only baseline excluded above structural-fault AC-bus budget"
R4-12.47-2-ACDC,missing_ac_reference,20,ACSystem/reference,0.000000,0,1,0,1,1,1,1,0,0,0.000000000000,0,0.000000000000,1.440542,2.658333,4.569583,0.000000,0.000000000,0.000000000,0.000000,0.000000,"validation: 1 error(s), 1 warning(s): [ACSystem] No slack bus found (BusType::SLACK or Generator::is_slack); [ACSystem/connectivity] AC island 0 (825 buses) contains no slack bus;; solver-only baseline excluded above structural-fault AC-bus budget"
R4-12.47-2-ACDC,missing_ac_reference,21,ACSystem/reference,0.000000,0,1,0,1,1,1,1,0,0,0.000000000000,0,0.000000000000,1.324875,2.323250,4.432709,0.000000,0.000000000,0.000000000,0.000000,0.000000,"validation: 1 error(s), 1 warning(s): [ACSystem] No slack bus found (BusType::SLACK or Generator::is_slack); [ACSystem/connectivity] AC island 0 (825 buses) contains no slack bus;; solver-only baseline excluded above structural-fault AC-bus budget"
R4-12.47-2-ACDC,missing_ac_reference,22,ACSystem/reference,0.000000,0,1,0,1,1,1,1,0,0,0.000000000000,0,0.000000000000,1.386541,2.608084,4.630083,0.000000,0.000000000,0.000000000,0.000000,0.000000,"validation: 1 error(s), 1 warning(s): [ACSystem] No slack bus found (BusType::SLACK or Generator::is_slack); [ACSystem/connectivity] AC island 0 (825 buses) contains no slack bus;; solver-only baseline excluded above structural-fault AC-bus budget"
R4-12.47-2-ACDC,missing_ac_reference,23,ACSystem/reference,0.000000,0,1,0,1,1,1,1,0,0,0.000000000000,0,0.000000000000,1.348000,2.396041,4.563834,0.000000,0.000000000,0.000000000,0.000000,0.000000,"validation: 1 error(s), 1 warning(s): [ACSystem] No slack bus found (BusType::SLACK or Generator::is_slack); [ACSystem/connectivity] AC island 0 (825 buses) contains no slack bus;; solver-only baseline excluded above structural-fault AC-bus budget"
R4-12.47-2-ACDC,missing_ac_reference,24,ACSystem/reference,0.000000,0,1,0,1,1,1,1,0,0,0.000000000000,0,0.000000000000,1.406625,2.529542,4.306833,0.000000,0.000000000,0.000000000,0.000000,0.000000,"validation: 1 error(s), 1 warning(s): [ACSystem] No slack bus found (BusType::SLACK or Generator::is_slack); [ACSystem/connectivity] AC island 0 (825 buses) contains no slack bus;; solver-only baseline excluded above structural-fault AC-bus budget"
R4-12.47-2-ACDC,missing_dc_support,0,dc_island/voltage_support,0.000000,0,0,0,0,1,1,1,0,0,0.000000000000,0,0.000000000000,1.201041,2.314000,4.360292,0.000000,0.000000000,0.000000000,0.000000,0.000000,solver-only baseline excluded above structural-fault AC-bus budget
R4-12.47-2-ACDC,missing_dc_support,1,dc_island/voltage_support,0.000000,0,0,0,0,1,1,1,0,0,0.000000000000,0,0.000000000000,1.215458,2.749542,4.518541,0.000000,0.000000000,0.000000000,0.000000,0.000000,solver-only baseline excluded above structural-fault AC-bus budget
R4-12.47-2-ACDC,missing_dc_support,2,dc_island/voltage_support,0.000000,0,0,0,0,1,1,1,0,0,0.000000000000,0,0.000000000000,1.154375,2.462209,4.334750,0.000000,0.000000000,0.000000000,0.000000,0.000000,solver-only baseline excluded above structural-fault AC-bus budget
R4-12.47-2-ACDC,missing_dc_support,3,dc_island/voltage_support,0.000000,0,0,0,0,1,1,1,0,0,0.000000000000,0,0.000000000000,1.218833,2.462791,4.740541,0.000000,0.000000000,0.000000000,0.000000,0.000000,solver-only baseline excluded above structural-fault AC-bus budget
R4-12.47-2-ACDC,missing_dc_support,4,dc_island/voltage_support,0.000000,0,0,0,0,1,1,1,0,0,0.000000000000,0,0.000000000000,1.294166,2.437875,4.392791,0.000000,0.000000000,0.000000000,0.000000,0.000000,solver-only baseline excluded above structural-fault AC-bus budget
R4-12.47-2-ACDC,missing_dc_support,5,dc_island/voltage_support,0.000000,0,0,0,0,1,1,1,0,0,0.000000000000,0,0.000000000000,1.199791,2.557042,4.601959,0.000000,0.000000000,0.000000000,0.000000,0.000000,solver-only baseline excluded above structural-fault AC-bus budget
R4-12.47-2-ACDC,missing_dc_support,6,dc_island/voltage_support,0.000000,0,0,0,0,1,1,1,0,0,0.000000000000,0,0.000000000000,1.232666,2.427708,4.390833,0.000000,0.000000000,0.000000000,0.000000,0.000000,solver-only baseline excluded above structural-fault AC-bus budget
R4-12.47-2-ACDC,missing_dc_support,7,dc_island/voltage_support,0.000000,0,0,0,0,1,1,1,0,0,0.000000000000,0,0.000000000000,1.227875,2.565709,4.511250,0.000000,0.000000000,0.000000000,0.000000,0.000000,solver-only baseline excluded above structural-fault AC-bus budget
R4-12.47-2-ACDC,missing_dc_support,8,dc_island/voltage_support,0.000000,0,0,0,0,1,1,1,0,0,0.000000000000,0,0.000000000000,1.194333,2.458209,4.368208,0.000000,0.000000000,0.000000000,0.000000,0.000000,solver-only baseline excluded above structural-fault AC-bus budget
R4-12.47-2-ACDC,missing_dc_support,9,dc_island/voltage_support,0.000000,0,0,0,0,1,1,1,0,0,0.000000000000,0,0.000000000000,1.250250,2.458500,4.881125,0.000000,0.000000000,0.000000000,0.000000,0.000000,solver-only baseline excluded above structural-fault AC-bus budget
R4-12.47-2-ACDC,missing_dc_support,10,dc_island/voltage_support,0.000000,0,0,0,0,1,1,1,0,0,0.000000000000,0,0.000000000000,1.184834,2.370792,4.399417,0.000000,0.000000000,0.000000000,0.000000,0.000000,solver-only baseline excluded above structural-fault AC-bus budget
R4-12.47-2-ACDC,missing_dc_support,11,dc_island/voltage_support,0.000000,0,0,0,0,1,1,1,0,0,0.000000000000,0,0.000000000000,1.239666,2.445916,4.665417,0.000000,0.000000000,0.000000000,0.000000,0.000000,solver-only baseline excluded above structural-fault AC-bus budget
R4-12.47-2-ACDC,missing_dc_support,12,dc_island/voltage_support,0.000000,0,0,0,0,1,1,1,0,0,0.000000000000,0,0.000000000000,1.181208,2.454000,4.395958,0.000000,0.000000000,0.000000000,0.000000,0.000000,solver-only baseline excluded above structural-fault AC-bus budget
R4-12.47-2-ACDC,missing_dc_support,13,dc_island/voltage_support,0.000000,0,0,0,0,1,1,1,0,0,0.000000000000,0,0.000000000000,1.206625,2.437458,4.764167,0.000000,0.000000000,0.000000000,0.000000,0.000000,solver-only baseline excluded above structural-fault AC-bus budget
R4-12.47-2-ACDC,missing_dc_support,14,dc_island/voltage_support,0.000000,0,0,0,0,1,1,1,0,0,0.000000000000,0,0.000000000000,1.165833,2.396000,4.371792,0.000000,0.000000000,0.000000000,0.000000,0.000000,solver-only baseline excluded above structural-fault AC-bus budget
R4-12.47-2-ACDC,missing_dc_support,15,dc_island/voltage_support,0.000000,0,0,0,0,1,1,1,0,0,0.000000000000,0,0.000000000000,1.211167,2.439834,4.880250,0.000000,0.000000000,0.000000000,0.000000,0.000000,solver-only baseline excluded above structural-fault AC-bus budget
R4-12.47-2-ACDC,missing_dc_support,16,dc_island/voltage_support,0.000000,0,0,0,0,1,1,1,0,0,0.000000000000,0,0.000000000000,1.227792,2.473834,4.360542,0.000000,0.000000000,0.000000000,0.000000,0.000000,solver-only baseline excluded above structural-fault AC-bus budget
R4-12.47-2-ACDC,missing_dc_support,17,dc_island/voltage_support,0.000000,0,0,0,0,1,1,1,0,0,0.000000000000,0,0.000000000000,1.123083,2.355084,4.717375,0.000000,0.000000000,0.000000000,0.000000,0.000000,solver-only baseline excluded above structural-fault AC-bus budget
R4-12.47-2-ACDC,missing_dc_support,18,dc_island/voltage_support,0.000000,0,0,0,0,1,1,1,0,0,0.000000000000,0,0.000000000000,1.166750,2.390583,4.444667,0.000000,0.000000000,0.000000000,0.000000,0.000000,solver-only baseline excluded above structural-fault AC-bus budget
R4-12.47-2-ACDC,missing_dc_support,19,dc_island/voltage_support,0.000000,0,0,0,0,1,1,1,0,0,0.000000000000,0,0.000000000000,1.230000,2.445292,4.654833,0.000000,0.000000000,0.000000000,0.000000,0.000000,solver-only baseline excluded above structural-fault AC-bus budget
R4-12.47-2-ACDC,missing_dc_support,20,dc_island/voltage_support,0.000000,0,0,0,0,1,1,1,0,0,0.000000000000,0,0.000000000000,1.159375,2.382041,4.390000,0.000000,0.000000000,0.000000000,0.000000,0.000000,solver-only baseline excluded above structural-fault AC-bus budget
R4-12.47-2-ACDC,missing_dc_support,21,dc_island/voltage_support,0.000000,0,0,0,0,1,1,1,0,0,0.000000000000,0,0.000000000000,1.216542,2.377791,4.737917,0.000000,0.000000000,0.000000000,0.000000,0.000000,solver-only baseline excluded above structural-fault AC-bus budget
R4-12.47-2-ACDC,missing_dc_support,22,dc_island/voltage_support,0.000000,0,0,0,0,1,1,1,0,0,0.000000000000,0,0.000000000000,1.186667,2.460833,4.419750,0.000000,0.000000000,0.000000000,0.000000,0.000000,solver-only baseline excluded above structural-fault AC-bus budget
R4-12.47-2-ACDC,missing_dc_support,23,dc_island/voltage_support,0.000000,0,0,0,0,1,1,1,0,0,0.000000000000,0,0.000000000000,1.231042,2.549333,4.389583,0.000000,0.000000000,0.000000000,0.000000,0.000000,solver-only baseline excluded above structural-fault AC-bus budget
R4-12.47-2-ACDC,missing_dc_support,24,dc_island/voltage_support,0.000000,0,0,0,0,1,1,1,0,0,0.000000000000,0,0.000000000000,1.131500,2.403666,4.207500,0.000000,0.000000000,0.000000000,0.000000,0.000000,solver-only baseline excluded above structural-fault AC-bus budget
R4-12.47-2-ACDC,invalid_converter_efficiency,0,VSCConverter/2/eta,1.142258,0,1,0,1,1,1,1,0,0,0.000000000000,0,0.000000000000,1.329167,2.421959,4.653916,0.000000,0.000000000,0.000000000,0.000000,0.000000,"validation: 1 error(s): [VSCConverter/2/eta] eta must be in (0,1] (got 1.142258);; solver-only baseline excluded above structural-fault AC-bus budget"
R4-12.47-2-ACDC,invalid_converter_efficiency,1,VSCConverter/1/eta,1.147891,0,1,0,1,1,1,1,0,0,0.000000000000,0,0.000000000000,1.456334,2.416833,4.654625,0.000000,0.000000000,0.000000000,0.000000,0.000000,"validation: 1 error(s): [VSCConverter/1/eta] eta must be in (0,1] (got 1.147891);; solver-only baseline excluded above structural-fault AC-bus budget"
R4-12.47-2-ACDC,invalid_converter_efficiency,2,VSCConverter/2/eta,1.112090,0,1,0,1,1,1,1,0,0,0.000000000000,0,0.000000000000,1.270625,2.384208,4.832000,0.000000,0.000000000,0.000000000,0.000000,0.000000,"validation: 1 error(s): [VSCConverter/2/eta] eta must be in (0,1] (got 1.112090);; solver-only baseline excluded above structural-fault AC-bus budget"
R4-12.47-2-ACDC,invalid_converter_efficiency,3,VSCConverter/2/eta,1.054629,0,1,0,1,1,1,1,0,0,0.000000000000,0,0.000000000000,1.388208,2.317166,4.472125,0.000000,0.000000000,0.000000000,0.000000,0.000000,"validation: 1 error(s): [VSCConverter/2/eta] eta must be in (0,1] (got 1.054629);; solver-only baseline excluded above structural-fault AC-bus budget"
R4-12.47-2-ACDC,invalid_converter_efficiency,4,VSCConverter/1/eta,1.170455,0,1,0,1,1,1,1,0,0,0.000000000000,0,0.000000000000,1.356709,2.441500,4.757042,0.000000,0.000000000,0.000000000,0.000000,0.000000,"validation: 1 error(s): [VSCConverter/1/eta] eta must be in (0,1] (got 1.170455);; solver-only baseline excluded above structural-fault AC-bus budget"
R4-12.47-2-ACDC,invalid_converter_efficiency,5,VSCConverter/1/eta,1.155457,0,1,0,1,1,1,1,0,0,0.000000000000,0,0.000000000000,1.381584,2.420625,4.620375,0.000000,0.000000000,0.000000000,0.000000,0.000000,"validation: 1 error(s): [VSCConverter/1/eta] eta must be in (0,1] (got 1.155457);; solver-only baseline excluded above structural-fault AC-bus budget"
R4-12.47-2-ACDC,invalid_converter_efficiency,6,VSCConverter/2/eta,1.055845,0,1,0,1,1,1,1,0,0,0.000000000000,0,0.000000000000,1.367750,2.451917,4.882875,0.000000,0.000000000,0.000000000,0.000000,0.000000,"validation: 1 error(s): [VSCConverter/2/eta] eta must be in (0,1] (got 1.055845);; solver-only baseline excluded above structural-fault AC-bus budget"
R4-12.47-2-ACDC,invalid_converter_efficiency,7,VSCConverter/2/eta,1.075637,0,1,0,1,1,1,1,0,0,0.000000000000,0,0.000000000000,1.282375,2.518167,4.379209,0.000000,0.000000000,0.000000000,0.000000,0.000000,"validation: 1 error(s): [VSCConverter/2/eta] eta must be in (0,1] (got 1.075637);; solver-only baseline excluded above structural-fault AC-bus budget"
R4-12.47-2-ACDC,invalid_converter_efficiency,8,VSCConverter/2/eta,1.104384,0,1,0,1,1,1,1,0,0,0.000000000000,0,0.000000000000,1.356666,2.410083,4.861792,0.000000,0.000000000,0.000000000,0.000000,0.000000,"validation: 1 error(s): [VSCConverter/2/eta] eta must be in (0,1] (got 1.104384);; solver-only baseline excluded above structural-fault AC-bus budget"
R4-12.47-2-ACDC,invalid_converter_efficiency,9,VSCConverter/1/eta,1.036920,0,1,0,1,1,1,1,0,0,0.000000000000,0,0.000000000000,1.318542,2.414750,4.532250,0.000000,0.000000000,0.000000000,0.000000,0.000000,"validation: 1 error(s): [VSCConverter/1/eta] eta must be in (0,1] (got 1.036920);; solver-only baseline excluded above structural-fault AC-bus budget"
R4-12.47-2-ACDC,invalid_converter_efficiency,10,VSCConverter/2/eta,1.197012,0,1,0,1,1,1,1,0,0,0.000000000000,0,0.000000000000,1.382333,2.250500,4.896917,0.000000,0.000000000,0.000000000,0.000000,0.000000,"validation: 1 error(s): [VSCConverter/2/eta] eta must be in (0,1] (got 1.197012);; solver-only baseline excluded above structural-fault AC-bus budget"
R4-12.47-2-ACDC,invalid_converter_efficiency,11,VSCConverter/2/eta,1.189294,0,1,0,1,1,1,1,0,0,0.000000000000,0,0.000000000000,1.397792,2.501125,4.417542,0.000000,0.000000000,0.000000000,0.000000,0.000000,"validation: 1 error(s): [VSCConverter/2/eta] eta must be in (0,1] (got 1.189294);; solver-only baseline excluded above structural-fault AC-bus budget"
R4-12.47-2-ACDC,invalid_converter_efficiency,12,VSCConverter/2/eta,1.033600,0,1,0,1,1,1,1,0,0,0.000000000000,0,0.000000000000,1.447500,2.396916,4.594542,0.000000,0.000000000,0.000000000,0.000000,0.000000,"validation: 1 error(s): [VSCConverter/2/eta] eta must be in (0,1] (got 1.033600);; solver-only baseline excluded above structural-fault AC-bus budget"
R4-12.47-2-ACDC,invalid_converter_efficiency,13,VSCConverter/2/eta,1.106281,0,1,0,1,1,1,1,0,0,0.000000000000,0,0.000000000000,1.291500,2.418083,4.539875,0.000000,0.000000000,0.000000000,0.000000,0.000000,"validation: 1 error(s): [VSCConverter/2/eta] eta must be in (0,1] (got 1.106281);; solver-only baseline excluded above structural-fault AC-bus budget"
R4-12.47-2-ACDC,invalid_converter_efficiency,14,VSCConverter/1/eta,1.100347,0,1,0,1,1,1,1,0,0,0.000000000000,0,0.000000000000,1.365583,2.440750,4.623834,0.000000,0.000000000,0.000000000,0.000000,0.000000,"validation: 1 error(s): [VSCConverter/1/eta] eta must be in (0,1] (got 1.100347);; solver-only baseline excluded above structural-fault AC-bus budget"
R4-12.47-2-ACDC,invalid_converter_efficiency,15,VSCConverter/1/eta,1.104702,0,1,0,1,1,1,1,0,0,0.000000000000,0,0.000000000000,1.354375,2.458583,4.570083,0.000000,0.000000000,0.000000000,0.000000,0.000000,"validation: 1 error(s): [VSCConverter/1/eta] eta must be in (0,1] (got 1.104702);; solver-only baseline excluded above structural-fault AC-bus budget"
R4-12.47-2-ACDC,invalid_converter_efficiency,16,VSCConverter/1/eta,1.015340,0,1,0,1,1,1,1,0,0,0.000000000000,0,0.000000000000,1.377209,2.464458,4.630084,0.000000,0.000000000,0.000000000,0.000000,0.000000,"validation: 1 error(s): [VSCConverter/1/eta] eta must be in (0,1] (got 1.015340);; solver-only baseline excluded above structural-fault AC-bus budget"
R4-12.47-2-ACDC,invalid_converter_efficiency,17,VSCConverter/2/eta,1.043916,0,1,0,1,1,1,1,0,0,0.000000000000,0,0.000000000000,1.369000,2.462583,4.581792,0.000000,0.000000000,0.000000000,0.000000,0.000000,"validation: 1 error(s): [VSCConverter/2/eta] eta must be in (0,1] (got 1.043916);; solver-only baseline excluded above structural-fault AC-bus budget"
R4-12.47-2-ACDC,invalid_converter_efficiency,18,VSCConverter/2/eta,1.018664,0,1,0,1,1,1,1,0,0,0.000000000000,0,0.000000000000,1.364542,2.495500,4.315750,0.000000,0.000000000,0.000000000,0.000000,0.000000,"validation: 1 error(s): [VSCConverter/2/eta] eta must be in (0,1] (got 1.018664);; solver-only baseline excluded above structural-fault AC-bus budget"
R4-12.47-2-ACDC,invalid_converter_efficiency,19,VSCConverter/2/eta,1.082159,0,1,0,1,1,1,1,0,0,0.000000000000,0,0.000000000000,1.348041,2.399417,4.501000,0.000000,0.000000000,0.000000000,0.000000,0.000000,"validation: 1 error(s): [VSCConverter/2/eta] eta must be in (0,1] (got 1.082159);; solver-only baseline excluded above structural-fault AC-bus budget"
R4-12.47-2-ACDC,invalid_converter_efficiency,20,VSCConverter/1/eta,1.097824,0,1,0,1,1,1,1,0,0,0.000000000000,0,0.000000000000,1.356084,2.444125,4.548958,0.000000,0.000000000,0.000000000,0.000000,0.000000,"validation: 1 error(s): [VSCConverter/1/eta] eta must be in (0,1] (got 1.097824);; solver-only baseline excluded above structural-fault AC-bus budget"
R4-12.47-2-ACDC,invalid_converter_efficiency,21,VSCConverter/1/eta,1.158181,0,1,0,1,1,1,1,0,0,0.000000000000,0,0.000000000000,1.349334,2.417875,4.536958,0.000000,0.000000000,0.000000000,0.000000,0.000000,"validation: 1 error(s): [VSCConverter/1/eta] eta must be in (0,1] (got 1.158181);; solver-only baseline excluded above structural-fault AC-bus budget"
R4-12.47-2-ACDC,invalid_converter_efficiency,22,VSCConverter/1/eta,1.127418,0,1,0,1,1,1,1,0,0,0.000000000000,0,0.000000000000,1.358167,2.447000,4.574208,0.000000,0.000000000,0.000000000,0.000000,0.000000,"validation: 1 error(s): [VSCConverter/1/eta] eta must be in (0,1] (got 1.127418);; solver-only baseline excluded above structural-fault AC-bus budget"
R4-12.47-2-ACDC,invalid_converter_efficiency,23,VSCConverter/1/eta,1.156003,0,1,0,1,1,1,1,0,0,0.000000000000,0,0.000000000000,1.357167,2.434417,4.531084,0.000000,0.000000000,0.000000000,0.000000,0.000000,"validation: 1 error(s): [VSCConverter/1/eta] eta must be in (0,1] (got 1.156003);; solver-only baseline excluded above structural-fault AC-bus budget"
R4-12.47-2-ACDC,invalid_converter_efficiency,24,VSCConverter/1/eta,1.188494,0,1,0,1,1,1,1,0,0,0.000000000000,0,0.000000000000,1.362167,2.485875,4.546334,0.000000,0.000000000,0.000000000,0.000000,0.000000,"validation: 1 error(s): [VSCConverter/1/eta] eta must be in (0,1] (got 1.188494);; solver-only baseline excluded above structural-fault AC-bus budget"
R4-12.47-2-ACDC,duplicate_ac_bus_identity,0,ACBus/733/index,0.000000,0,1,0,1,1,1,1,0,0,0.000000000000,0,0.000000000000,1.373958,3.123333,5.242958,0.000000,0.000000000,0.000000000,0.000000,0.000000,"validation: 2 error(s), 1 warning(s): [ACBus/733/index] Duplicate AC bus index 733; [Switch/122/bus_to] bus_to 724 not found in AC; [ACSystem/connectivity] AC island 1 (1 buses) contains no slack bus;; solver-only baseline excluded above structural-fault AC-bus budget"
R4-12.47-2-ACDC,duplicate_ac_bus_identity,1,ACBus/273/index,0.000000,0,1,0,1,1,1,1,0,0,0.000000000000,0,0.000000000000,1.371375,3.186291,5.259375,0.000000,0.000000000,0.000000000,0.000000,0.000000,"validation: 2 error(s), 1 warning(s): [ACBus/273/index] Duplicate AC bus index 273; [Switch/95/bus_to] bus_to 697 not found in AC; [ACSystem/connectivity] AC island 1 (1 buses) contains no slack bus;; solver-only baseline excluded above structural-fault AC-bus budget"
R4-12.47-2-ACDC,duplicate_ac_bus_identity,2,ACBus/330/index,0.000000,0,1,0,1,1,1,1,0,0,0.000000000000,0,0.000000000000,1.379250,3.128958,5.335584,0.000000,0.000000000,0.000000000,0.000000,0.000000,"validation: 4 error(s), 2 warning(s): [ACBus/330/index] Duplicate AC bus index 330; [ACBranch/453/to_bus] to_bus 459 not found; [Load/185/bus] bus 459 not found in AC; [Switch/209/bus_from] bus_from 459 not found in AC; [ACSystem/connectivity] AC island 1 (1 buses) contains no slack bus; [ACSystem/connectivity] AC island 2 (1 buses) contains no slack bus;; solver-only baseline excluded above structural-fault AC-bus budget"
R4-12.47-2-ACDC,duplicate_ac_bus_identity,3,ACBus/248/index,0.000000,0,1,0,1,1,1,1,0,0,0.000000000000,0,0.000000000000,1.411083,3.199166,5.483125,0.000000,0.000000000,0.000000000,0.000000,0.000000,"validation: 3 error(s), 2 warning(s): [ACBus/248/index] Duplicate AC bus index 248; [ACBranch/261/to_bus] to_bus 640 not found; [ACBranch/458/from_bus] from_bus 640 not found; [ACSystem/connectivity] AC island 1 (1 buses) contains no slack bus; [ACSystem/connectivity] AC island 2 (2 buses) contains no slack bus;; solver-only baseline excluded above structural-fault AC-bus budget"
R4-12.47-2-ACDC,duplicate_ac_bus_identity,4,ACBus/506/index,0.000000,0,1,0,1,1,1,1,0,0,0.000000000000,0,0.000000000000,1.342166,3.092375,5.565459,0.000000,0.000000000,0.000000000,0.000000,0.000000,"validation: 4 error(s), 3 warning(s): [ACBus/506/index] Duplicate AC bus index 506; [ACBranch/89/to_bus] to_bus 41 not found; [ACBranch/90/from_bus] from_bus 41 not found; [ACBranch/513/from_bus] from_bus 41 not found; [ACSystem/connectivity] AC island 1 (3 buses) contains no slack bus; [ACSystem/connectivity] AC island 2 (1 buses) contains no slack bus; [ACSystem/connectivity] AC island 3 (1 buses) contains no slack bus;; solver-only baseline excluded above structural-fault AC-bus budget"
R4-12.47-2-ACDC,duplicate_ac_bus_identity,5,ACBus/264/index,0.000000,0,1,0,1,1,1,1,0,0,0.000000000000,0,0.000000000000,1.361000,3.232917,5.983500,0.000000,0.000000000,0.000000000,0.000000,0.000000,"validation: 3 error(s), 2 warning(s): [ACBus/264/index] Duplicate AC bus index 264; [ACBranch/515/to_bus] to_bus 52 not found; [ACBranch/537/from_bus] from_bus 52 not found; [ACSystem/connectivity] AC island 1 (25 buses) contains no slack bus; [ACSystem/connectivity] AC island 2 (1 buses) contains no slack bus;; solver-only baseline excluded above structural-fault AC-bus budget"
R4-12.47-2-ACDC,duplicate_ac_bus_identity,6,ACBus/168/index,0.000000,0,1,0,1,1,1,1,0,0,0.000000000000,0,0.000000000000,1.550041,3.314666,5.498875,0.000000,0.000000000,0.000000000,0.000000,0.000000,"validation: 4 error(s), 2 warning(s): [ACBus/168/index] Duplicate AC bus index 168; [ACBranch/434/to_bus] to_bus 440 not found; [Load/166/bus] bus 440 not found in AC; [Switch/190/bus_from] bus_from 440 not found in AC; [ACSystem/connectivity] AC island 1 (1 buses) contains no slack bus; [ACSystem/connectivity] AC island 2 (1 buses) contains no slack bus;; solver-only baseline excluded above structural-fault AC-bus budget"
R4-12.47-2-ACDC,duplicate_ac_bus_identity,7,ACBus/469/index,0.000000,0,1,0,1,1,1,1,0,0,0.000000000000,0,0.000000000000,1.435708,3.185833,5.584291,0.000000,0.000000000,0.000000000,0.000000,0.000000,"validation: 2 error(s), 1 warning(s): [ACBus/469/index] Duplicate AC bus index 469; [Switch/32/bus_to] bus_to 82 not found in AC; [ACSystem/connectivity] AC island 1 (1 buses) contains no slack bus;; solver-only baseline excluded above structural-fault AC-bus budget"
R4-12.47-2-ACDC,duplicate_ac_bus_identity,8,ACBus/514/index,0.000000,0,1,0,1,1,1,1,0,0,0.000000000000,0,0.000000000000,1.387666,3.263542,5.432167,0.000000,0.000000000,0.000000000,0.000000,0.000000,"validation: 3 error(s), 2 warning(s): [ACBus/514/index] Duplicate AC bus index 514; [ACBranch/186/to_bus] to_bus 565 not found; [ACBranch/383/from_bus] from_bus 565 not found; [ACSystem/connectivity] AC island 1 (2 buses) contains no slack bus; [ACSystem/connectivity] AC island 2 (1 buses) contains no slack bus;; solver-only baseline excluded above structural-fault AC-bus budget"
R4-12.47-2-ACDC,duplicate_ac_bus_identity,9,ACBus/123/index,0.000000,0,1,0,1,1,1,1,0,0,0.000000000000,0,0.000000000000,1.389083,3.217209,5.251208,0.000000,0.000000000,0.000000000,0.000000,0.000000,"validation: 3 error(s), 2 warning(s): [ACBus/123/index] Duplicate AC bus index 123; [ACBranch/239/to_bus] to_bus 618 not found; [ACBranch/436/from_bus] from_bus 618 not found; [ACSystem/connectivity] AC island 1 (1 buses) contains no slack bus; [ACSystem/connectivity] AC island 2 (2 buses) contains no slack bus;; solver-only baseline excluded above structural-fault AC-bus budget"
R4-12.47-2-ACDC,duplicate_ac_bus_identity,10,ACBus/263/index,0.000000,0,1,0,1,1,1,1,0,0,0.000000000000,0,0.000000000000,1.380167,3.110375,5.317500,0.000000,0.000000000,0.000000000,0.000000,0.000000,"validation: 2 error(s), 1 warning(s): [ACBus/263/index] Duplicate AC bus index 263; [ACBranch/508/to_bus] to_bus 77 not found; [ACSystem/connectivity] AC island 1 (1 buses) contains no slack bus;; solver-only baseline excluded above structural-fault AC-bus budget"
R4-12.47-2-ACDC,duplicate_ac_bus_identity,11,ACBus/369/index,0.000000,0,1,0,1,1,1,1,0,0,0.000000000000,0,0.000000000000,1.409791,3.018125,5.148666,0.000000,0.000000000,0.000000000,0.000000,0.000000,"validation: 2 error(s), 1 warning(s): [ACBus/369/index] Duplicate AC bus index 369; [Switch/162/bus_to] bus_to 764 not found in AC; [ACSystem/connectivity] AC island 1 (1 buses) contains no slack bus;; solver-only baseline excluded above structural-fault AC-bus budget"
R4-12.47-2-ACDC,duplicate_ac_bus_identity,12,ACBus/410/index,0.000000,0,1,0,1,1,1,1,0,0,0.000000000000,0,0.000000000000,1.382584,2.427250,4.607125,0.000000,0.000000000,0.000000000,0.000000,0.000000,"validation: 3 error(s), 1 warning(s): [ACBus/410/index] Duplicate AC bus index 410; [ACBranch/278/to_bus] to_bus 10 not found; [Load/10/bus] bus 10 not found in AC; [ACSystem/connectivity] AC island 1 (1 buses) contains no slack bus;; solver-only baseline excluded above structural-fault AC-bus budget"
R4-12.47-2-ACDC,duplicate_ac_bus_identity,13,ACBus/549/index,0.000000,0,1,0,1,1,1,1,0,0,0.000000000000,0,0.000000000000,1.356667,2.909292,5.209583,0.000000,0.000000000,0.000000000,0.000000,0.000000,"validation: 2 error(s), 1 warning(s): [ACBus/549/index] Duplicate AC bus index 549; [Switch/147/bus_to] bus_to 749 not found in AC; [ACSystem/connectivity] AC island 1 (1 buses) contains no slack bus;; solver-only baseline excluded above structural-fault AC-bus budget"
R4-12.47-2-ACDC,duplicate_ac_bus_identity,14,ACBus/767/index,0.000000,0,1,0,1,1,1,1,0,0,0.000000000000,0,0.000000000000,1.291084,3.024708,5.367958,0.000000,0.000000000,0.000000000,0.000000,0.000000,"validation: 3 error(s), 2 warning(s): [ACBus/767/index] Duplicate AC bus index 767; [ACBranch/264/to_bus] to_bus 643 not found; [ACBranch/461/from_bus] from_bus 643 not found; [ACSystem/connectivity] AC island 1 (2 buses) contains no slack bus; [ACSystem/connectivity] AC island 2 (1 buses) contains no slack bus;; solver-only baseline excluded above structural-fault AC-bus budget"
R4-12.47-2-ACDC,duplicate_ac_bus_identity,15,ACBus/173/index,0.000000,0,1,0,1,1,1,1,0,0,0.000000000000,0,0.000000000000,1.408958,3.263750,5.274125,0.000000,0.000000000,0.000000000,0.000000,0.000000,"validation: 2 error(s), 1 warning(s): [ACBus/173/index] Duplicate AC bus index 173; [ACBranch/491/to_bus] to_bus 81 not found; [ACSystem/connectivity] AC island 1 (1 buses) contains no slack bus;; solver-only baseline excluded above structural-fault AC-bus budget"
R4-12.47-2-ACDC,duplicate_ac_bus_identity,16,ACBus/732/index,0.000000,0,1,0,1,1,1,1,0,0,0.000000000000,0,0.000000000000,1.391416,3.181459,5.066959,0.000000,0.000000000,0.000000000,0.000000,0.000000,"validation: 4 error(s), 3 warning(s): [ACBus/732/index] Duplicate AC bus index 732; [ACBranch/220/from_bus] from_bus 212 not found; [ACBranch/550/to_bus] to_bus 212 not found; [ACBranch/551/from_bus] from_bus 212 not found; [ACSystem/connectivity] AC island 1 (1 buses) contains no slack bus; [ACSystem/connectivity] AC island 2 (33 buses) contains no slack bus; [ACSystem/connectivity] AC island 3 (3 buses) contains no slack bus;; solver-only baseline excluded above structural-fault AC-bus budget"
R4-12.47-2-ACDC,duplicate_ac_bus_identity,17,ACBus/243/index,0.000000,0,1,0,1,1,1,1,0,0,0.000000000000,0,0.000000000000,1.355792,3.086625,5.067125,0.000000,0.000000000,0.000000000,0.000000,0.000000,"validation: 4 error(s), 2 warning(s): [ACBus/243/index] Duplicate AC bus index 243; [ACBranch/356/to_bus] to_bus 362 not found; [Load/88/bus] bus 362 not found in AC; [Switch/112/bus_from] bus_from 362 not found in AC; [ACSystem/connectivity] AC island 1 (1 buses) contains no slack bus; [ACSystem/connectivity] AC island 2 (1 buses) contains no slack bus;; solver-only baseline excluded above structural-fault AC-bus budget"
R4-12.47-2-ACDC,duplicate_ac_bus_identity,18,ACBus/371/index,0.000000,0,1,0,1,1,1,1,0,0,0.000000000000,0,0.000000000000,1.331125,3.051875,5.188000,0.000000,0.000000000,0.000000000,0.000000,0.000000,"validation: 3 error(s), 2 warning(s): [ACBus/371/index] Duplicate AC bus index 371; [ACBranch/536/from_bus] from_bus 24 not found; [ACBranch/601/to_bus] to_bus 24 not found; [ACSystem/connectivity] AC island 1 (27 buses) contains no slack bus; [ACSystem/connectivity] AC island 2 (1 buses) contains no slack bus;; solver-only baseline excluded above structural-fault AC-bus budget"
R4-12.47-2-ACDC,duplicate_ac_bus_identity,19,ACBus/389/index,0.000000,0,1,0,1,1,1,1,0,0,0.000000000000,0,0.000000000000,1.363167,3.101500,5.318333,0.000000,0.000000000,0.000000000,0.000000,0.000000,"validation: 3 error(s), 2 warning(s): [ACBus/389/index] Duplicate AC bus index 389; [ACBranch/1/to_bus] to_bus 126 not found; [ACBranch/93/from_bus] from_bus 126 not found; [ACSystem/connectivity] AC island 1 (1 buses) contains no slack bus; [ACSystem/connectivity] AC island 2 (3 buses) contains no slack bus;; solver-only baseline excluded above structural-fault AC-bus budget"
R4-12.47-2-ACDC,duplicate_ac_bus_identity,20,ACBus/294/index,0.000000,0,1,0,1,1,1,1,0,0,0.000000000000,0,0.000000000000,1.300625,3.083167,5.273166,0.000000,0.000000000,0.000000000,0.000000,0.000000,"validation: 4 error(s), 2 warning(s): [ACBus/294/index] Duplicate AC bus index 294; [ACBranch/332/to_bus] to_bus 338 not found; [Load/64/bus] bus 338 not found in AC; [Switch/88/bus_from] bus_from 338 not found in AC; [ACSystem/connectivity] AC island 1 (1 buses) contains no slack bus; [ACSystem/connectivity] AC island 2 (1 buses) contains no slack bus;; solver-only baseline excluded above structural-fault AC-bus budget"
R4-12.47-2-ACDC,duplicate_ac_bus_identity,21,ACBus/401/index,0.000000,0,1,0,1,1,1,1,0,0,0.000000000000,0,0.000000000000,1.381375,3.292084,5.223958,0.000000,0.000000000,0.000000000,0.000000,0.000000,"validation: 4 error(s), 2 warning(s): [ACBus/401/index] Duplicate AC bus index 401; [ACBranch/303/to_bus] to_bus 309 not found; [Load/35/bus] bus 309 not found in AC; [Switch/59/bus_from] bus_from 309 not found in AC; [ACSystem/connectivity] AC island 1 (1 buses) contains no slack bus; [ACSystem/connectivity] AC island 2 (1 buses) contains no slack bus;; solver-only baseline excluded above structural-fault AC-bus budget"
R4-12.47-2-ACDC,duplicate_ac_bus_identity,22,ACBus/543/index,0.000000,0,1,0,1,1,1,1,0,0,0.000000000000,0,0.000000000000,1.380917,3.086917,5.084209,0.000000,0.000000000,0.000000000,0.000000,0.000000,"validation: 3 error(s), 2 warning(s): [ACBus/543/index] Duplicate AC bus index 543; [ACBranch/203/to_bus] to_bus 582 not found; [ACBranch/400/from_bus] from_bus 582 not found; [ACSystem/connectivity] AC island 1 (2 buses) contains no slack bus; [ACSystem/connectivity] AC island 2 (1 buses) contains no slack bus;; solver-only baseline excluded above structural-fault AC-bus budget"
R4-12.47-2-ACDC,duplicate_ac_bus_identity,23,ACBus/150/index,0.000000,0,1,0,1,1,1,1,0,0,0.000000000000,0,0.000000000000,1.369000,3.146917,5.030875,0.000000,0.000000000,0.000000000,0.000000,0.000000,"validation: 2 error(s), 1 warning(s): [ACBus/150/index] Duplicate AC bus index 150; [Switch/105/bus_to] bus_to 707 not found in AC; [ACSystem/connectivity] AC island 1 (1 buses) contains no slack bus;; solver-only baseline excluded above structural-fault AC-bus budget"
R4-12.47-2-ACDC,duplicate_ac_bus_identity,24,ACBus/610/index,0.000000,0,1,0,1,1,1,1,0,0,0.000000000000,0,0.000000000000,1.343000,3.096208,5.184584,0.000000,0.000000000,0.000000000,0.000000,0.000000,"validation: 2 error(s), 1 warning(s): [ACBus/610/index] Duplicate AC bus index 610; [Switch/64/bus_to] bus_to 666 not found in AC; [ACSystem/connectivity] AC island 1 (1 buses) contains no slack bus;; solver-only baseline excluded above structural-fault AC-bus budget"
R4-12.47-2-ACDC,plausible_load_error,0,Load/142/load,1.149398,1,0,0,0,0,0,0,1,1,0.000000000006,0,0.000000000000,1.487000,2.377417,4.557208,82.091708,0.000320693,0.000000000,0.003923,0.000000,
R4-12.47-2-ACDC,plausible_load_error,1,Load/68/load,1.013514,1,0,0,0,0,0,0,1,1,0.000000000005,0,0.000000000000,1.298667,2.390250,4.503209,83.129333,0.000040572,0.000000000,0.000206,0.000000,
R4-12.47-2-ACDC,plausible_load_error,2,Load/131/load,1.274513,1,0,0,0,0,0,0,1,1,0.000000000006,0,0.000000000000,1.503417,2.274917,4.774708,82.813625,0.000539519,0.000000000,0.006652,0.000000,
R4-12.47-2-ACDC,plausible_load_error,3,Load/12/load,1.251618,1,0,0,0,0,0,0,1,1,0.000000000004,0,0.000000000000,1.289917,2.410958,4.503916,81.552833,0.000057751,0.000000000,0.000254,0.000000,
R4-12.47-2-ACDC,plausible_load_error,4,Load/129/load,1.213557,1,0,0,0,0,0,0,1,1,0.000000000003,0,0.000000000000,1.279000,2.489250,4.405333,82.837917,0.000347452,0.000000000,0.001077,0.000000,
R4-12.47-2-ACDC,plausible_load_error,5,Load/127/load,1.261185,1,0,0,0,0,0,0,1,1,0.000000000005,0,0.000000000000,1.423250,2.615334,4.513125,82.128125,0.000770991,0.000000000,0.002382,0.000000,
R4-12.47-2-ACDC,plausible_load_error,6,Load/43/load,1.088416,1,0,0,0,0,0,0,1,1,0.000000000006,0,0.000000000000,1.378500,2.444792,4.631417,82.743000,0.000087318,0.000000000,0.000268,0.000000,
R4-12.47-2-ACDC,plausible_load_error,7,Load/167/load,1.104608,1,0,0,0,0,0,0,1,1,0.000000000004,0,0.000000000000,1.270625,2.345542,4.459542,81.780667,0.000308880,0.000000000,0.000954,0.000000,
R4-12.47-2-ACDC,plausible_load_error,8,Load/38/load,0.863749,1,0,0,0,0,0,0,1,1,0.000000000005,0,0.000000000000,1.378625,2.466917,4.884833,82.251792,0.000309631,0.000000000,0.000961,0.000000,
R4-12.47-2-ACDC,plausible_load_error,9,Load/19/load,0.977709,1,0,0,0,0,0,0,1,1,0.000000000004,0,0.000000000000,1.355125,2.408458,4.491708,81.799208,0.000044692,0.000000000,0.000135,0.000000,
R4-12.47-2-ACDC,plausible_load_error,10,Load/20/load,0.706976,1,0,0,0,0,0,0,1,1,0.000000000005,0,0.000000000000,1.392250,2.458333,4.585958,82.047708,0.000262619,0.000000000,0.006500,0.000000,
R4-12.47-2-ACDC,plausible_load_error,11,Load/102/load,0.811110,1,0,0,0,0,0,0,1,1,0.000000000007,0,0.000000000000,1.386500,2.525000,4.581417,81.131083,0.001820184,0.000000000,0.000445,0.000000,
R4-12.47-2-ACDC,plausible_load_error,12,Load/7/load,0.960128,1,0,0,0,0,0,0,1,1,0.000000000004,0,0.000000000000,1.282917,2.372917,4.486292,84.026250,0.000147494,0.000000000,0.000161,0.000000,
R4-12.47-2-ACDC,plausible_load_error,13,Load/3/load,0.711689,1,0,0,0,0,0,0,1,1,0.000000000005,0,0.000000000000,1.446000,2.621542,4.677750,85.191709,0.004239302,0.000000000,0.001170,0.000000,
R4-12.47-2-ACDC,plausible_load_error,14,Load/32/load,0.720689,1,0,0,0,0,0,0,1,1,0.000000000004,0,0.000000000000,1.403750,2.466875,4.639250,81.330917,0.000669157,0.000000000,0.002070,0.000000,
R4-12.47-2-ACDC,plausible_load_error,15,Load/103/load,1.242769,1,0,0,0,0,0,0,1,1,0.000000000003,0,0.000000000000,1.303042,2.442750,4.351791,81.561417,0.001300886,0.000000000,0.000741,0.000000,
R4-12.47-2-ACDC,plausible_load_error,16,Load/22/load,1.129362,1,0,0,0,0,0,0,1,1,0.000000000005,0,0.000000000000,1.388333,2.480666,4.493375,81.967750,0.000529154,0.000000000,0.000653,0.000000,
R4-12.47-2-ACDC,plausible_load_error,17,Load/193/load,0.741997,1,0,0,0,0,0,0,1,1,0.000000000005,0,0.000000000000,1.393375,2.476959,4.675375,81.431875,0.000280741,0.000000000,0.002343,0.000000,
R4-12.47-2-ACDC,plausible_load_error,18,Load/194/load,1.028748,1,0,0,0,0,0,0,1,1,0.000000000004,0,0.000000000000,1.280375,2.389375,4.471417,81.600500,0.000115530,0.000000000,0.000963,0.000000,
R4-12.47-2-ACDC,plausible_load_error,19,Load/142/load,0.936199,1,0,0,0,0,0,0,1,1,0.000000000005,0,0.000000000000,1.374500,2.453333,4.577583,82.320750,0.000136889,0.000000000,0.001675,0.000000,
R4-12.47-2-ACDC,plausible_load_error,20,Load/139/load,1.239628,1,0,0,0,0,0,0,1,1,0.000000000005,0,0.000000000000,1.261375,2.437000,4.493250,81.002791,0.001028148,0.000000000,0.003166,0.000000,
R4-12.47-2-ACDC,plausible_load_error,21,Load/42/load,0.864226,1,0,0,0,0,0,0,1,1,0.000000000008,0,0.000000000000,1.282708,2.332541,4.512250,81.382916,0.000781126,0.000000000,0.000829,0.000000,
R4-12.47-2-ACDC,plausible_load_error,22,Load/59/load,1.243103,1,0,0,0,0,0,0,1,1,0.000000000006,0,0.000000000000,1.278583,2.374083,4.572416,85.380042,0.000796782,0.000000000,0.011589,0.000000,
R4-12.47-2-ACDC,plausible_load_error,23,Load/124/load,0.900684,1,0,0,0,0,0,0,1,1,0.000000000006,0,0.000000000000,1.303416,2.346792,4.618583,81.097833,0.000570330,0.000000000,0.000606,0.000000,
R4-12.47-2-ACDC,plausible_load_error,24,Load/102/load,0.750655,1,0,0,0,0,0,0,1,1,0.000000000009,0,0.000000000000,1.282709,2.338625,4.619916,82.696125,0.002401306,0.000000000,0.000587,0.000000,
R4-12.47-2-ACDC,plausible_converter_setpoint_error,0,VSCConverter/1/p_set_mw,0.028721,1,0,0,0,0,0,0,1,1,0.000000000005,0,0.000000000000,1.265583,2.285791,4.455584,80.983000,0.001863095,0.000056893,0.028887,0.029008,
R4-12.47-2-ACDC,plausible_converter_setpoint_error,1,VSCConverter/1/p_set_mw,-0.015464,1,0,0,0,0,0,0,1,1,0.000000000004,0,0.000000000000,1.258583,2.301833,4.457125,81.869167,0.001006161,0.000030630,0.015598,0.015619,
R4-12.47-2-ACDC,plausible_converter_setpoint_error,2,VSCConverter/1/p_set_mw,-0.009021,1,0,0,0,0,0,0,1,1,0.000000000003,0,0.000000000000,1.283708,2.430083,4.519209,82.083209,0.000586708,0.000017869,0.009096,0.009111,
R4-12.47-2-ACDC,plausible_converter_setpoint_error,3,VSCConverter/1/p_set_mw,-0.025813,1,0,0,0,0,0,0,1,1,0.000000000003,0,0.000000000000,1.265208,2.375208,4.488208,81.060834,0.001680741,0.000051128,0.026055,0.026072,
R4-12.47-2-ACDC,plausible_converter_setpoint_error,4,VSCConverter/1/p_set_mw,-0.025742,1,0,0,0,0,0,0,1,1,0.000000000005,0,0.000000000000,1.375667,2.470500,4.600834,81.144833,0.001676059,0.000050985,0.025982,0.025999,
R4-12.47-2-ACDC,plausible_converter_setpoint_error,5,VSCConverter/1/p_set_mw,-0.010430,1,0,0,0,0,0,0,1,1,0.000000000006,0,0.000000000000,1.392208,2.439208,4.592625,81.656625,0.000678394,0.000020659,0.010517,0.010534,
R4-12.47-2-ACDC,plausible_converter_setpoint_error,6,VSCConverter/1/p_set_mw,0.021675,1,0,0,0,0,0,0,1,1,0.000000000006,0,0.000000000000,1.302875,2.382584,4.537916,82.044875,0.001406673,0.000042934,0.021810,0.021891,
R4-12.47-2-ACDC,plausible_converter_setpoint_error,7,VSCConverter/1/p_set_mw,-0.028142,1,0,0,0,0,0,0,1,1,0.000000000005,0,0.000000000000,1.375167,2.529208,4.569833,81.528791,0.001832623,0.000055739,0.028409,0.028423,
R4-12.47-2-ACDC,plausible_converter_setpoint_error,8,VSCConverter/1/p_set_mw,-0.020907,1,0,0,0,0,0,0,1,1,0.000000000006,0,0.000000000000,1.260750,2.331583,4.488958,82.124500,0.001360846,0.000041411,0.021096,0.021116,
R4-12.47-2-ACDC,plausible_converter_setpoint_error,9,VSCConverter/1/p_set_mw,0.018219,1,0,0,0,0,0,0,1,1,0.000000000008,0,0.000000000000,1.274875,2.320958,4.529334,82.024250,0.001182677,0.000036089,0.018337,0.018401,
R4-12.47-2-ACDC,plausible_converter_setpoint_error,10,VSCConverter/1/p_set_mw,-0.023958,1,0,0,0,0,0,0,1,1,0.000000000005,0,0.000000000000,1.318250,2.390708,4.545875,81.808250,0.001559757,0.000047454,0.024180,0.024198,
R4-12.47-2-ACDC,plausible_converter_setpoint_error,11,VSCConverter/1/p_set_mw,0.025765,1,0,0,0,0,0,0,1,1,0.000000000004,0,0.000000000000,1.278958,2.367292,4.503000,81.012292,0.001671646,0.000051036,0.025918,0.026022,
R4-12.47-2-ACDC,plausible_converter_setpoint_error,12,VSCConverter/1/p_set_mw,0.013889,1,0,0,0,0,0,0,1,1,0.000000000004,0,0.000000000000,1.251208,2.407750,4.469083,81.817083,0.000901879,0.000027512,0.013983,0.014028,
R4-12.47-2-ACDC,plausible_converter_setpoint_error,13,VSCConverter/1/p_set_mw,-0.028739,1,0,0,0,0,0,0,1,1,0.000000000007,0,0.000000000000,1.356625,2.428125,4.542458,81.053792,0.001871602,0.000056922,0.029013,0.029026,
R4-12.47-2-ACDC,plausible_converter_setpoint_error,14,VSCConverter/1/p_set_mw,0.029534,1,0,0,0,0,0,0,1,1,0.000000000008,0,0.000000000000,1.278542,2.395792,4.534917,81.678542,0.001915688,0.000058502,0.029702,0.029829,
R4-12.47-2-ACDC,plausible_converter_setpoint_error,15,VSCConverter/1/p_set_mw,0.023542,1,0,0,0,0,0,0,1,1,0.000000000006,0,0.000000000000,1.358875,2.362375,4.417000,81.128625,0.001527657,0.000046633,0.023686,0.023777,
R4-12.47-2-ACDC,plausible_converter_setpoint_error,16,VSCConverter/1/p_set_mw,-0.028072,1,0,0,0,0,0,0,1,1,0.000000000005,0,0.000000000000,1.249458,2.300000,4.475292,81.297583,0.001828083,0.000055601,0.028339,0.028353,
R4-12.47-2-ACDC,plausible_converter_setpoint_error,17,VSCConverter/1/p_set_mw,-0.024772,1,0,0,0,0,0,0,1,1,0.000000000008,0,0.000000000000,1.294458,2.317500,4.540750,81.404375,0.001612850,0.000049066,0.025003,0.025020,
R4-12.47-2-ACDC,plausible_converter_setpoint_error,18,VSCConverter/1/p_set_mw,-0.017774,1,0,0,0,0,0,0,1,1,0.000000000003,0,0.000000000000,1.362542,2.498000,4.539708,81.218625,0.001156619,0.000035204,0.017930,0.017951,
R4-12.47-2-ACDC,plausible_converter_setpoint_error,19,VSCConverter/1/p_set_mw,0.025730,1,0,0,0,0,0,0,1,1,0.000000000007,0,0.000000000000,1.269834,2.405708,4.483292,81.596208,0.001669390,0.000050967,0.025883,0.025987,
R4-12.47-2-ACDC,plausible_converter_setpoint_error,20,VSCConverter/1/p_set_mw,-0.025785,1,0,0,0,0,0,0,1,1,0.000000000005,0,0.000000000000,1.339708,2.569542,4.576583,82.281542,0.001678866,0.000051071,0.026026,0.026043,
R4-12.47-2-ACDC,plausible_converter_setpoint_error,21,VSCConverter/1/p_set_mw,0.015521,1,0,0,0,0,0,0,1,1,0.000000000005,0,0.000000000000,1.384791,2.457750,4.631208,82.386083,0.001007751,0.000030745,0.015624,0.015677,
R4-12.47-2-ACDC,plausible_converter_setpoint_error,22,VSCConverter/1/p_set_mw,-0.028674,1,0,0,0,0,0,0,1,1,0.000000000004,0,0.000000000000,1.460959,2.345917,4.343709,85.172833,0.001867346,0.000056793,0.028947,0.028960,
R4-12.47-2-ACDC,plausible_converter_setpoint_error,23,VSCConverter/1/p_set_mw,-0.025634,1,0,0,0,0,0,0,1,1,0.000000000004,0,0.000000000000,1.528708,2.611792,4.812292,82.961917,0.001669065,0.000050773,0.025874,0.025891,
R4-12.47-2-ACDC,plausible_converter_setpoint_error,24,VSCConverter/1/p_set_mw,-0.009370,1,0,0,0,0,0,0,1,1,0.000000000007,0,0.000000000000,1.442417,2.579375,4.614875,82.076958,0.000609396,0.000018559,0.009447,0.009464,
R1-12.47-2-ACDC,valid_control,0,none,0.000000,1,0,0,0,0,0,0,0,0,0.000000000000,0,0.000000000000,1.929250,3.632000,6.597625,0.000000,0.000000000,0.000000000,0.000000,0.000000,physical-impact solve excluded above AC-bus budget
R1-12.47-2-ACDC,valid_control,1,none,0.000000,1,0,0,0,0,0,0,0,0,0.000000000000,0,0.000000000000,1.892125,3.621750,6.512542,0.000000,0.000000000,0.000000000,0.000000,0.000000,physical-impact solve excluded above AC-bus budget
R1-12.47-2-ACDC,valid_control,2,none,0.000000,1,0,0,0,0,0,0,0,0,0.000000000000,0,0.000000000000,1.894583,3.693875,6.536667,0.000000,0.000000000,0.000000000,0.000000,0.000000,physical-impact solve excluded above AC-bus budget
R1-12.47-2-ACDC,valid_control,3,none,0.000000,1,0,0,0,0,0,0,0,0,0.000000000000,0,0.000000000000,1.752291,3.406000,6.466250,0.000000,0.000000000,0.000000000,0.000000,0.000000,physical-impact solve excluded above AC-bus budget
R1-12.47-2-ACDC,valid_control,4,none,0.000000,1,0,0,0,0,0,0,0,0,0.000000000000,0,0.000000000000,1.876250,3.580291,6.556500,0.000000,0.000000000,0.000000000,0.000000,0.000000,physical-impact solve excluded above AC-bus budget
R1-12.47-2-ACDC,valid_control,5,none,0.000000,1,0,0,0,0,0,0,0,0,0.000000000000,0,0.000000000000,1.882375,3.598875,6.477166,0.000000,0.000000000,0.000000000,0.000000,0.000000,physical-impact solve excluded above AC-bus budget
R1-12.47-2-ACDC,valid_control,6,none,0.000000,1,0,0,0,0,0,0,0,0,0.000000000000,0,0.000000000000,1.934458,3.637917,6.526375,0.000000,0.000000000,0.000000000,0.000000,0.000000,physical-impact solve excluded above AC-bus budget
R1-12.47-2-ACDC,valid_control,7,none,0.000000,1,0,0,0,0,0,0,0,0,0.000000000000,0,0.000000000000,1.890250,3.643750,6.570417,0.000000,0.000000000,0.000000000,0.000000,0.000000,physical-impact solve excluded above AC-bus budget
R1-12.47-2-ACDC,valid_control,8,none,0.000000,1,0,0,0,0,0,0,0,0,0.000000000000,0,0.000000000000,1.882584,3.633542,6.597791,0.000000,0.000000000,0.000000000,0.000000,0.000000,physical-impact solve excluded above AC-bus budget
R1-12.47-2-ACDC,valid_control,9,none,0.000000,1,0,0,0,0,0,0,0,0,0.000000000000,0,0.000000000000,1.886541,3.631209,6.504875,0.000000,0.000000000,0.000000000,0.000000,0.000000,physical-impact solve excluded above AC-bus budget
R1-12.47-2-ACDC,valid_control,10,none,0.000000,1,0,0,0,0,0,0,0,0,0.000000000000,0,0.000000000000,1.948625,3.615750,6.569791,0.000000,0.000000000,0.000000000,0.000000,0.000000,physical-impact solve excluded above AC-bus budget
R1-12.47-2-ACDC,valid_control,11,none,0.000000,1,0,0,0,0,0,0,0,0,0.000000000000,0,0.000000000000,1.890083,3.693500,6.251041,0.000000,0.000000000,0.000000000,0.000000,0.000000,physical-impact solve excluded above AC-bus budget
R1-12.47-2-ACDC,valid_control,12,none,0.000000,1,0,0,0,0,0,0,0,0,0.000000000000,0,0.000000000000,1.822666,3.539375,6.468917,0.000000,0.000000000,0.000000000,0.000000,0.000000,physical-impact solve excluded above AC-bus budget
R1-12.47-2-ACDC,valid_control,13,none,0.000000,1,0,0,0,0,0,0,0,0,0.000000000000,0,0.000000000000,1.874291,3.583208,6.453917,0.000000,0.000000000,0.000000000,0.000000,0.000000,physical-impact solve excluded above AC-bus budget
R1-12.47-2-ACDC,valid_control,14,none,0.000000,1,0,0,0,0,0,0,0,0,0.000000000000,0,0.000000000000,1.943000,3.590375,6.454792,0.000000,0.000000000,0.000000000,0.000000,0.000000,physical-impact solve excluded above AC-bus budget
R1-12.47-2-ACDC,valid_control,15,none,0.000000,1,0,0,0,0,0,0,0,0,0.000000000000,0,0.000000000000,1.872584,3.666583,6.483375,0.000000,0.000000000,0.000000000,0.000000,0.000000,physical-impact solve excluded above AC-bus budget
R1-12.47-2-ACDC,valid_control,16,none,0.000000,1,0,0,0,0,0,0,0,0,0.000000000000,0,0.000000000000,1.879000,3.613584,6.545667,0.000000,0.000000000,0.000000000,0.000000,0.000000,physical-impact solve excluded above AC-bus budget
R1-12.47-2-ACDC,valid_control,17,none,0.000000,1,0,0,0,0,0,0,0,0,0.000000000000,0,0.000000000000,1.872792,3.591750,6.469750,0.000000,0.000000000,0.000000000,0.000000,0.000000,physical-impact solve excluded above AC-bus budget
R1-12.47-2-ACDC,valid_control,18,none,0.000000,1,0,0,0,0,0,0,0,0,0.000000000000,0,0.000000000000,1.884958,3.636958,6.513542,0.000000,0.000000000,0.000000000,0.000000,0.000000,physical-impact solve excluded above AC-bus budget
R1-12.47-2-ACDC,valid_control,19,none,0.000000,1,0,0,0,0,0,0,0,0,0.000000000000,0,0.000000000000,1.877542,3.652792,6.476042,0.000000,0.000000000,0.000000000,0.000000,0.000000,physical-impact solve excluded above AC-bus budget
R1-12.47-2-ACDC,valid_control,20,none,0.000000,1,0,0,0,0,0,0,0,0,0.000000000000,0,0.000000000000,1.872292,3.582542,6.244208,0.000000,0.000000000,0.000000000,0.000000,0.000000,physical-impact solve excluded above AC-bus budget
R1-12.47-2-ACDC,valid_control,21,none,0.000000,1,0,0,0,0,0,0,0,0,0.000000000000,0,0.000000000000,1.875917,3.567416,6.501792,0.000000,0.000000000,0.000000000,0.000000,0.000000,physical-impact solve excluded above AC-bus budget
R1-12.47-2-ACDC,valid_control,22,none,0.000000,1,0,0,0,0,0,0,0,0,0.000000000000,0,0.000000000000,1.885417,3.594584,6.561458,0.000000,0.000000000,0.000000000,0.000000,0.000000,physical-impact solve excluded above AC-bus budget
R1-12.47-2-ACDC,valid_control,23,none,0.000000,1,0,0,0,0,0,0,0,0,0.000000000000,0,0.000000000000,1.881875,3.683583,6.870291,0.000000,0.000000000,0.000000000,0.000000,0.000000,physical-impact solve excluded above AC-bus budget
R1-12.47-2-ACDC,valid_control,24,none,0.000000,1,0,0,0,0,0,0,0,0,0.000000000000,0,0.000000000000,1.917917,3.794125,6.588166,0.000000,0.000000000,0.000000000,0.000000,0.000000,physical-impact solve excluded above AC-bus budget
R1-12.47-2-ACDC,missing_vsc_ac_terminal,0,VSCConverter/2/bus_ac,0.000000,0,1,0,1,1,1,1,0,0,0.000000000000,0,0.000000000000,1.725000,3.465000,6.018833,0.000000,0.000000000,0.000000000,0.000000,0.000000,validation: 1 error(s): [VSCConverter/2/bus_ac] bus_ac 100456896 not found;; solver-only baseline excluded above structural-fault AC-bus budget
R1-12.47-2-ACDC,missing_vsc_ac_terminal,1,VSCConverter/2/bus_ac,0.000000,0,1,0,1,1,1,1,0,0,0.000000000000,0,0.000000000000,1.691583,3.454417,5.748459,0.000000,0.000000000,0.000000000,0.000000,0.000000,validation: 1 error(s): [VSCConverter/2/bus_ac] bus_ac 100851266 not found;; solver-only baseline excluded above structural-fault AC-bus budget
R1-12.47-2-ACDC,missing_vsc_ac_terminal,2,VSCConverter/1/bus_ac,0.000000,0,1,0,1,1,1,1,0,0,0.000000000000,0,0.000000000000,1.695541,3.184541,6.021041,0.000000,0.000000000,0.000000000,0.000000,0.000000,validation: 1 error(s): [VSCConverter/1/bus_ac] bus_ac 100711332 not found;; solver-only baseline excluded above structural-fault AC-bus budget
R1-12.47-2-ACDC,missing_vsc_ac_terminal,3,VSCConverter/1/bus_ac,0.000000,0,1,0,1,1,1,1,0,0,0.000000000000,0,0.000000000000,1.611750,3.334708,5.934375,0.000000,0.000000000,0.000000000,0.000000,0.000000,validation: 1 error(s): [VSCConverter/1/bus_ac] bus_ac 100652695 not found;; solver-only baseline excluded above structural-fault AC-bus budget
R1-12.47-2-ACDC,missing_vsc_ac_terminal,4,VSCConverter/1/bus_ac,0.000000,0,1,0,1,1,1,1,0,0,0.000000000000,0,0.000000000000,1.684791,3.336625,6.029542,0.000000,0.000000000,0.000000000,0.000000,0.000000,validation: 1 error(s): [VSCConverter/1/bus_ac] bus_ac 100628160 not found;; solver-only baseline excluded above structural-fault AC-bus budget
R1-12.47-2-ACDC,missing_vsc_ac_terminal,5,VSCConverter/2/bus_ac,0.000000,0,1,0,1,1,1,1,0,0,0.000000000000,0,0.000000000000,1.721167,3.371334,6.116292,0.000000,0.000000000,0.000000000,0.000000,0.000000,validation: 1 error(s): [VSCConverter/2/bus_ac] bus_ac 100315580 not found;; solver-only baseline excluded above structural-fault AC-bus budget
R1-12.47-2-ACDC,missing_vsc_ac_terminal,6,VSCConverter/2/bus_ac,0.000000,0,1,0,1,1,1,1,0,0,0.000000000000,0,0.000000000000,1.622000,3.343833,6.177209,0.000000,0.000000000,0.000000000,0.000000,0.000000,validation: 1 error(s): [VSCConverter/2/bus_ac] bus_ac 100975437 not found;; solver-only baseline excluded above structural-fault AC-bus budget
R1-12.47-2-ACDC,missing_vsc_ac_terminal,7,VSCConverter/1/bus_ac,0.000000,0,1,0,1,1,1,1,0,0,0.000000000000,0,0.000000000000,1.647584,3.201333,6.276208,0.000000,0.000000000,0.000000000,0.000000,0.000000,validation: 1 error(s): [VSCConverter/1/bus_ac] bus_ac 100942334 not found;; solver-only baseline excluded above structural-fault AC-bus budget
R1-12.47-2-ACDC,missing_vsc_ac_terminal,8,VSCConverter/2/bus_ac,0.000000,0,1,0,1,1,1,1,0,0,0.000000000000,0,0.000000000000,1.602083,3.364875,6.225208,0.000000,0.000000000,0.000000000,0.000000,0.000000,validation: 1 error(s): [VSCConverter/2/bus_ac] bus_ac 100793541 not found;; solver-only baseline excluded above structural-fault AC-bus budget
R1-12.47-2-ACDC,missing_vsc_ac_terminal,9,VSCConverter/2/bus_ac,0.000000,0,1,0,1,1,1,1,0,0,0.000000000000,0,0.000000000000,1.672125,3.380917,6.104125,0.000000,0.000000000,0.000000000,0.000000,0.000000,validation: 1 error(s): [VSCConverter/2/bus_ac] bus_ac 100227693 not found;; solver-only baseline excluded above structural-fault AC-bus budget
R1-12.47-2-ACDC,missing_vsc_ac_terminal,10,VSCConverter/1/bus_ac,0.000000,0,1,0,1,1,1,1,0,0,0.000000000000,0,0.000000000000,1.678667,3.317709,6.072125,0.000000,0.000000000,0.000000000,0.000000,0.000000,validation: 1 error(s): [VSCConverter/1/bus_ac] bus_ac 100588273 not found;; solver-only baseline excluded above structural-fault AC-bus budget
R1-12.47-2-ACDC,missing_vsc_ac_terminal,11,VSCConverter/2/bus_ac,0.000000,0,1,0,1,1,1,1,0,0,0.000000000000,0,0.000000000000,1.589708,3.404458,5.990333,0.000000,0.000000000,0.000000000,0.000000,0.000000,validation: 1 error(s): [VSCConverter/2/bus_ac] bus_ac 100623958 not found;; solver-only baseline excluded above structural-fault AC-bus budget
R1-12.47-2-ACDC,missing_vsc_ac_terminal,12,VSCConverter/1/bus_ac,0.000000,0,1,0,1,1,1,1,0,0,0.000000000000,0,0.000000000000,1.648833,3.344000,6.053000,0.000000,0.000000000,0.000000000,0.000000,0.000000,validation: 1 error(s): [VSCConverter/1/bus_ac] bus_ac 100134242 not found;; solver-only baseline excluded above structural-fault AC-bus budget
R1-12.47-2-ACDC,missing_vsc_ac_terminal,13,VSCConverter/1/bus_ac,0.000000,0,1,0,1,1,1,1,0,0,0.000000000000,0,0.000000000000,1.707500,3.371791,6.067208,0.000000,0.000000000,0.000000000,0.000000,0.000000,validation: 1 error(s): [VSCConverter/1/bus_ac] bus_ac 100410095 not found;; solver-only baseline excluded above structural-fault AC-bus budget
R1-12.47-2-ACDC,missing_vsc_ac_terminal,14,VSCConverter/2/bus_ac,0.000000,0,1,0,1,1,1,1,0,0,0.000000000000,0,0.000000000000,1.642667,3.384959,5.724666,0.000000,0.000000000,0.000000000,0.000000,0.000000,validation: 1 error(s): [VSCConverter/2/bus_ac] bus_ac 100868287 not found;; solver-only baseline excluded above structural-fault AC-bus budget
R1-12.47-2-ACDC,missing_vsc_ac_terminal,15,VSCConverter/2/bus_ac,0.000000,0,1,0,1,1,1,1,0,0,0.000000000000,0,0.000000000000,1.566458,3.303667,5.872291,0.000000,0.000000000,0.000000000,0.000000,0.000000,validation: 1 error(s): [VSCConverter/2/bus_ac] bus_ac 100610580 not found;; solver-only baseline excluded above structural-fault AC-bus budget
R1-12.47-2-ACDC,missing_vsc_ac_terminal,16,VSCConverter/2/bus_ac,0.000000,0,1,0,1,1,1,1,0,0,0.000000000000,0,0.000000000000,1.569625,3.253250,5.983833,0.000000,0.000000000,0.000000000,0.000000,0.000000,validation: 1 error(s): [VSCConverter/2/bus_ac] bus_ac 100836199 not found;; solver-only baseline excluded above structural-fault AC-bus budget
R1-12.47-2-ACDC,missing_vsc_ac_terminal,17,VSCConverter/1/bus_ac,0.000000,0,1,0,1,1,1,1,0,0,0.000000000000,0,0.000000000000,1.653208,3.367625,6.157250,0.000000,0.000000000,0.000000000,0.000000,0.000000,validation: 1 error(s): [VSCConverter/1/bus_ac] bus_ac 100760504 not found;; solver-only baseline excluded above structural-fault AC-bus budget
R1-12.47-2-ACDC,missing_vsc_ac_terminal,18,VSCConverter/2/bus_ac,0.000000,0,1,0,1,1,1,1,0,0,0.000000000000,0,0.000000000000,1.675334,3.419125,6.058167,0.000000,0.000000000,0.000000000,0.000000,0.000000,validation: 1 error(s): [VSCConverter/2/bus_ac] bus_ac 100186901 not found;; solver-only baseline excluded above structural-fault AC-bus budget
R1-12.47-2-ACDC,missing_vsc_ac_terminal,19,VSCConverter/2/bus_ac,0.000000,0,1,0,1,1,1,1,0,0,0.000000000000,0,0.000000000000,1.699542,3.260750,5.981792,0.000000,0.000000000,0.000000000,0.000000,0.000000,validation: 1 error(s): [VSCConverter/2/bus_ac] bus_ac 100063724 not found;; solver-only baseline excluded above structural-fault AC-bus budget
R1-12.47-2-ACDC,missing_vsc_ac_terminal,20,VSCConverter/2/bus_ac,0.000000,0,1,0,1,1,1,1,0,0,0.000000000000,0,0.000000000000,1.548750,3.319125,5.774250,0.000000,0.000000000,0.000000000,0.000000,0.000000,validation: 1 error(s): [VSCConverter/2/bus_ac] bus_ac 100527296 not found;; solver-only baseline excluded above structural-fault AC-bus budget
R1-12.47-2-ACDC,missing_vsc_ac_terminal,21,VSCConverter/2/bus_ac,0.000000,0,1,0,1,1,1,1,0,0,0.000000000000,0,0.000000000000,1.526959,3.213958,5.894167,0.000000,0.000000000,0.000000000,0.000000,0.000000,validation: 1 error(s): [VSCConverter/2/bus_ac] bus_ac 100090389 not found;; solver-only baseline excluded above structural-fault AC-bus budget
R1-12.47-2-ACDC,missing_vsc_ac_terminal,22,VSCConverter/2/bus_ac,0.000000,0,1,0,1,1,1,1,0,0,0.000000000000,0,0.000000000000,1.633709,3.227416,5.940334,0.000000,0.000000000,0.000000000,0.000000,0.000000,validation: 1 error(s): [VSCConverter/2/bus_ac] bus_ac 100850006 not found;; solver-only baseline excluded above structural-fault AC-bus budget
R1-12.47-2-ACDC,missing_vsc_ac_terminal,23,VSCConverter/1/bus_ac,0.000000,0,1,0,1,1,1,1,0,0,0.000000000000,0,0.000000000000,1.485167,3.266041,5.995708,0.000000,0.000000000,0.000000000,0.000000,0.000000,validation: 1 error(s): [VSCConverter/1/bus_ac] bus_ac 100026961 not found;; solver-only baseline excluded above structural-fault AC-bus budget
R1-12.47-2-ACDC,missing_vsc_ac_terminal,24,VSCConverter/1/bus_ac,0.000000,0,1,0,1,1,1,1,0,0,0.000000000000,0,0.000000000000,1.620458,3.345625,5.960500,0.000000,0.000000000,0.000000000,0.000000,0.000000,validation: 1 error(s): [VSCConverter/1/bus_ac] bus_ac 100380999 not found;; solver-only baseline excluded above structural-fault AC-bus budget
R1-12.47-2-ACDC,missing_vsc_dc_terminal,0,VSCConverter/2/bus_dc,0.000000,0,1,0,1,1,1,1,0,0,0.000000000000,0,0.000000000000,1.625208,3.432500,6.014958,0.000000,0.000000000,0.000000000,0.000000,0.000000,"validation: 1 error(s), 1 warning(s): [DCBus/2/bus_type] DC voltage-reference bus 2 has no in-service physical balancing device. It will be treated as an ideal bidirectional DC voltage boundary; add controllable DC storage, a DC-voltage-forming VSC/LCC, or a voltage-forming DC/DC converter when a physical boundary model is required.; [VSCConverter/2/bus_dc] bus_dc 200036560 not found;; solver-only baseline excluded above structural-fault AC-bus budget"
R1-12.47-2-ACDC,missing_vsc_dc_terminal,1,VSCConverter/2/bus_dc,0.000000,0,1,0,1,1,1,1,0,0,0.000000000000,0,0.000000000000,1.628583,3.340417,6.062750,0.000000,0.000000000,0.000000000,0.000000,0.000000,"validation: 1 error(s), 1 warning(s): [DCBus/2/bus_type] DC voltage-reference bus 2 has no in-service physical balancing device. It will be treated as an ideal bidirectional DC voltage boundary; add controllable DC storage, a DC-voltage-forming VSC/LCC, or a voltage-forming DC/DC converter when a physical boundary model is required.; [VSCConverter/2/bus_dc] bus_dc 200780778 not found;; solver-only baseline excluded above structural-fault AC-bus budget"
R1-12.47-2-ACDC,missing_vsc_dc_terminal,2,VSCConverter/1/bus_dc,0.000000,0,1,0,1,1,1,1,0,0,0.000000000000,0,0.000000000000,1.631750,3.355208,5.959875,0.000000,0.000000000,0.000000000,0.000000,0.000000,validation: 1 error(s): [VSCConverter/1/bus_dc] bus_dc 200657708 not found;; solver-only baseline excluded above structural-fault AC-bus budget
R1-12.47-2-ACDC,missing_vsc_dc_terminal,3,VSCConverter/2/bus_dc,0.000000,0,1,0,1,1,1,1,0,0,0.000000000000,0,0.000000000000,1.625708,3.441375,6.027125,0.000000,0.000000000,0.000000000,0.000000,0.000000,"validation: 1 error(s), 1 warning(s): [DCBus/2/bus_type] DC voltage-reference bus 2 has no in-service physical balancing device. It will be treated as an ideal bidirectional DC voltage boundary; add controllable DC storage, a DC-voltage-forming VSC/LCC, or a voltage-forming DC/DC converter when a physical boundary model is required.; [VSCConverter/2/bus_dc] bus_dc 200898824 not found;; solver-only baseline excluded above structural-fault AC-bus budget"
R1-12.47-2-ACDC,missing_vsc_dc_terminal,4,VSCConverter/2/bus_dc,0.000000,0,1,0,1,1,1,1,0,0,0.000000000000,0,0.000000000000,1.626125,3.344209,6.113417,0.000000,0.000000000,0.000000000,0.000000,0.000000,"validation: 1 error(s), 1 warning(s): [DCBus/2/bus_type] DC voltage-reference bus 2 has no in-service physical balancing device. It will be treated as an ideal bidirectional DC voltage boundary; add controllable DC storage, a DC-voltage-forming VSC/LCC, or a voltage-forming DC/DC converter when a physical boundary model is required.; [VSCConverter/2/bus_dc] bus_dc 200526681 not found;; solver-only baseline excluded above structural-fault AC-bus budget"
R1-12.47-2-ACDC,missing_vsc_dc_terminal,5,VSCConverter/1/bus_dc,0.000000,0,1,0,1,1,1,1,0,0,0.000000000000,0,0.000000000000,1.678334,3.348708,5.962792,0.000000,0.000000000,0.000000000,0.000000,0.000000,validation: 1 error(s): [VSCConverter/1/bus_dc] bus_dc 200737343 not found;; solver-only baseline excluded above structural-fault AC-bus budget
R1-12.47-2-ACDC,missing_vsc_dc_terminal,6,VSCConverter/2/bus_dc,0.000000,0,1,0,1,1,1,1,0,0,0.000000000000,0,0.000000000000,1.629625,3.460167,6.020958,0.000000,0.000000000,0.000000000,0.000000,0.000000,"validation: 1 error(s), 1 warning(s): [DCBus/2/bus_type] DC voltage-reference bus 2 has no in-service physical balancing device. It will be treated as an ideal bidirectional DC voltage boundary; add controllable DC storage, a DC-voltage-forming VSC/LCC, or a voltage-forming DC/DC converter when a physical boundary model is required.; [VSCConverter/2/bus_dc] bus_dc 200963398 not found;; solver-only baseline excluded above structural-fault AC-bus budget"
R1-12.47-2-ACDC,missing_vsc_dc_terminal,7,VSCConverter/1/bus_dc,0.000000,0,1,0,1,1,1,1,0,0,0.000000000000,0,0.000000000000,1.627375,3.348541,6.059000,0.000000,0.000000000,0.000000000,0.000000,0.000000,validation: 1 error(s): [VSCConverter/1/bus_dc] bus_dc 200511813 not found;; solver-only baseline excluded above structural-fault AC-bus budget
R1-12.47-2-ACDC,missing_vsc_dc_terminal,8,VSCConverter/2/bus_dc,0.000000,0,1,0,1,1,1,1,0,0,0.000000000000,0,0.000000000000,1.631541,3.345375,5.954292,0.000000,0.000000000,0.000000000,0.000000,0.000000,"validation: 1 error(s), 1 warning(s): [DCBus/2/bus_type] DC voltage-reference bus 2 has no in-service physical balancing device. It will be treated as an ideal bidirectional DC voltage boundary; add controllable DC storage, a DC-voltage-forming VSC/LCC, or a voltage-forming DC/DC converter when a physical boundary model is required.; [VSCConverter/2/bus_dc] bus_dc 200079522 not found;; solver-only baseline excluded above structural-fault AC-bus budget"
R1-12.47-2-ACDC,missing_vsc_dc_terminal,9,VSCConverter/1/bus_dc,0.000000,0,1,0,1,1,1,1,0,0,0.000000000000,0,0.000000000000,1.622750,3.428083,5.821834,0.000000,0.000000000,0.000000000,0.000000,0.000000,validation: 1 error(s): [VSCConverter/1/bus_dc] bus_dc 200201084 not found;; solver-only baseline excluded above structural-fault AC-bus budget
R1-12.47-2-ACDC,missing_vsc_dc_terminal,10,VSCConverter/1/bus_dc,0.000000,0,1,0,1,1,1,1,0,0,0.000000000000,0,0.000000000000,1.541666,3.261542,6.012667,0.000000,0.000000000,0.000000000,0.000000,0.000000,validation: 1 error(s): [VSCConverter/1/bus_dc] bus_dc 200586133 not found;; solver-only baseline excluded above structural-fault AC-bus budget
R1-12.47-2-ACDC,missing_vsc_dc_terminal,11,VSCConverter/2/bus_dc,0.000000,0,1,0,1,1,1,1,0,0,0.000000000000,0,0.000000000000,1.623584,3.337541,5.943541,0.000000,0.000000000,0.000000000,0.000000,0.000000,"validation: 1 error(s), 1 warning(s): [DCBus/2/bus_type] DC voltage-reference bus 2 has no in-service physical balancing device. It will be treated as an ideal bidirectional DC voltage boundary; add controllable DC storage, a DC-voltage-forming VSC/LCC, or a voltage-forming DC/DC converter when a physical boundary model is required.; [VSCConverter/2/bus_dc] bus_dc 200244029 not found;; solver-only baseline excluded above structural-fault AC-bus budget"
R1-12.47-2-ACDC,missing_vsc_dc_terminal,12,VSCConverter/1/bus_dc,0.000000,0,1,0,1,1,1,1,0,0,0.000000000000,0,0.000000000000,1.609584,3.408791,5.947584,0.000000,0.000000000,0.000000000,0.000000,0.000000,validation: 1 error(s): [VSCConverter/1/bus_dc] bus_dc 200120320 not found;; solver-only baseline excluded above structural-fault AC-bus budget
R1-12.47-2-ACDC,missing_vsc_dc_terminal,13,VSCConverter/1/bus_dc,0.000000,0,1,0,1,1,1,1,0,0,0.000000000000,0,0.000000000000,1.614959,3.344291,6.021250,0.000000,0.000000000,0.000000000,0.000000,0.000000,validation: 1 error(s): [VSCConverter/1/bus_dc] bus_dc 200111382 not found;; solver-only baseline excluded above structural-fault AC-bus budget
R1-12.47-2-ACDC,missing_vsc_dc_terminal,14,VSCConverter/2/bus_dc,0.000000,0,1,0,1,1,1,1,0,0,0.000000000000,0,0.000000000000,1.621625,3.342167,5.962458,0.000000,0.000000000,0.000000000,0.000000,0.000000,"validation: 1 error(s), 1 warning(s): [DCBus/2/bus_type] DC voltage-reference bus 2 has no in-service physical balancing device. It will be treated as an ideal bidirectional DC voltage boundary; add controllable DC storage, a DC-voltage-forming VSC/LCC, or a voltage-forming DC/DC converter when a physical boundary model is required.; [VSCConverter/2/bus_dc] bus_dc 200059303 not found;; solver-only baseline excluded above structural-fault AC-bus budget"
R1-12.47-2-ACDC,missing_vsc_dc_terminal,15,VSCConverter/1/bus_dc,0.000000,0,1,0,1,1,1,1,0,0,0.000000000000,0,0.000000000000,1.620875,3.402958,5.960083,0.000000,0.000000000,0.000000000,0.000000,0.000000,validation: 1 error(s): [VSCConverter/1/bus_dc] bus_dc 200623411 not found;; solver-only baseline excluded above structural-fault AC-bus budget
R1-12.47-2-ACDC,missing_vsc_dc_terminal,16,VSCConverter/1/bus_dc,0.000000,0,1,0,1,1,1,1,0,0,0.000000000000,0,0.000000000000,1.616833,3.340750,6.039125,0.000000,0.000000000,0.000000000,0.000000,0.000000,validation: 1 error(s): [VSCConverter/1/bus_dc] bus_dc 200916820 not found;; solver-only baseline excluded above structural-fault AC-bus budget
R1-12.47-2-ACDC,missing_vsc_dc_terminal,17,VSCConverter/2/bus_dc,0.000000,0,1,0,1,1,1,1,0,0,0.000000000000,0,0.000000000000,1.624708,3.338833,5.965250,0.000000,0.000000000,0.000000000,0.000000,0.000000,"validation: 1 error(s), 1 warning(s): [DCBus/2/bus_type] DC voltage-reference bus 2 has no in-service physical balancing device. It will be treated as an ideal bidirectional DC voltage boundary; add controllable DC storage, a DC-voltage-forming VSC/LCC, or a voltage-forming DC/DC converter when a physical boundary model is required.; [VSCConverter/2/bus_dc] bus_dc 200647417 not found;; solver-only baseline excluded above structural-fault AC-bus budget"
R1-12.47-2-ACDC,missing_vsc_dc_terminal,18,VSCConverter/1/bus_dc,0.000000,0,1,0,1,1,1,1,0,0,0.000000000000,0,0.000000000000,1.615792,3.414750,5.959459,0.000000,0.000000000,0.000000000,0.000000,0.000000,validation: 1 error(s): [VSCConverter/1/bus_dc] bus_dc 200565215 not found;; solver-only baseline excluded above structural-fault AC-bus budget
R1-12.47-2-ACDC,missing_vsc_dc_terminal,19,VSCConverter/1/bus_dc,0.000000,0,1,0,1,1,1,1,0,0,0.000000000000,0,0.000000000000,1.640000,3.340042,5.894167,0.000000,0.000000000,0.000000000,0.000000,0.000000,validation: 1 error(s): [VSCConverter/1/bus_dc] bus_dc 200349364 not found;; solver-only baseline excluded above structural-fault AC-bus budget
R1-12.47-2-ACDC,missing_vsc_dc_terminal,20,VSCConverter/1/bus_dc,0.000000,0,1,0,1,1,1,1,0,0,0.000000000000,0,0.000000000000,1.525416,3.273333,5.875250,0.000000,0.000000000,0.000000000,0.000000,0.000000,validation: 1 error(s): [VSCConverter/1/bus_dc] bus_dc 200337958 not found;; solver-only baseline excluded above structural-fault AC-bus budget
R1-12.47-2-ACDC,missing_vsc_dc_terminal,21,VSCConverter/1/bus_dc,0.000000,0,1,0,1,1,1,1,0,0,0.000000000000,0,0.000000000000,1.616875,3.371625,5.950917,0.000000,0.000000000,0.000000000,0.000000,0.000000,validation: 1 error(s): [VSCConverter/1/bus_dc] bus_dc 200462936 not found;; solver-only baseline excluded above structural-fault AC-bus budget
R1-12.47-2-ACDC,missing_vsc_dc_terminal,22,VSCConverter/2/bus_dc,0.000000,0,1,0,1,1,1,1,0,0,0.000000000000,0,0.000000000000,1.626875,3.337958,6.029750,0.000000,0.000000000,0.000000000,0.000000,0.000000,"validation: 1 error(s), 1 warning(s): [DCBus/2/bus_type] DC voltage-reference bus 2 has no in-service physical balancing device. It will be treated as an ideal bidirectional DC voltage boundary; add controllable DC storage, a DC-voltage-forming VSC/LCC, or a voltage-forming DC/DC converter when a physical boundary model is required.; [VSCConverter/2/bus_dc] bus_dc 200866793 not found;; solver-only baseline excluded above structural-fault AC-bus budget"
R1-12.47-2-ACDC,missing_vsc_dc_terminal,23,VSCConverter/1/bus_dc,0.000000,0,1,0,1,1,1,1,0,0,0.000000000000,0,0.000000000000,1.631083,3.343292,5.955458,0.000000,0.000000000,0.000000000,0.000000,0.000000,validation: 1 error(s): [VSCConverter/1/bus_dc] bus_dc 200498040 not found;; solver-only baseline excluded above structural-fault AC-bus budget
R1-12.47-2-ACDC,missing_vsc_dc_terminal,24,VSCConverter/1/bus_dc,0.000000,0,1,0,1,1,1,1,0,0,0.000000000000,0,0.000000000000,1.630667,3.404584,5.968125,0.000000,0.000000000,0.000000000,0.000000,0.000000,validation: 1 error(s): [VSCConverter/1/bus_dc] bus_dc 200964553 not found;; solver-only baseline excluded above structural-fault AC-bus budget
R1-12.47-2-ACDC,missing_ac_reference,0,ACSystem/reference,0.000000,0,1,0,1,1,1,1,0,0,0.000000000000,0,0.000000000000,1.849916,3.353875,6.225333,0.000000,0.000000000,0.000000000,0.000000,0.000000,"validation: 1 error(s), 1 warning(s): [ACSystem] No slack bus found (BusType::SLACK or Generator::is_slack); [ACSystem/connectivity] AC island 0 (1107 buses) contains no slack bus;; solver-only baseline excluded above structural-fault AC-bus budget"
R1-12.47-2-ACDC,missing_ac_reference,1,ACSystem/reference,0.000000,0,1,0,1,1,1,1,0,0,0.000000000000,0,0.000000000000,1.841958,3.350417,6.187542,0.000000,0.000000000,0.000000000,0.000000,0.000000,"validation: 1 error(s), 1 warning(s): [ACSystem] No slack bus found (BusType::SLACK or Generator::is_slack); [ACSystem/connectivity] AC island 0 (1107 buses) contains no slack bus;; solver-only baseline excluded above structural-fault AC-bus budget"
R1-12.47-2-ACDC,missing_ac_reference,2,ACSystem/reference,0.000000,0,1,0,1,1,1,1,0,0,0.000000000000,0,0.000000000000,1.837958,3.399625,6.171833,0.000000,0.000000000,0.000000000,0.000000,0.000000,"validation: 1 error(s), 1 warning(s): [ACSystem] No slack bus found (BusType::SLACK or Generator::is_slack); [ACSystem/connectivity] AC island 0 (1107 buses) contains no slack bus;; solver-only baseline excluded above structural-fault AC-bus budget"
R1-12.47-2-ACDC,missing_ac_reference,3,ACSystem/reference,0.000000,0,1,0,1,1,1,1,0,0,0.000000000000,0,0.000000000000,1.851167,3.362000,6.110583,0.000000,0.000000000,0.000000000,0.000000,0.000000,"validation: 1 error(s), 1 warning(s): [ACSystem] No slack bus found (BusType::SLACK or Generator::is_slack); [ACSystem/connectivity] AC island 0 (1107 buses) contains no slack bus;; solver-only baseline excluded above structural-fault AC-bus budget"
R1-12.47-2-ACDC,missing_ac_reference,4,ACSystem/reference,0.000000,0,1,0,1,1,1,1,0,0,0.000000000000,0,0.000000000000,1.780833,3.309500,6.153291,0.000000,0.000000000,0.000000000,0.000000,0.000000,"validation: 1 error(s), 1 warning(s): [ACSystem] No slack bus found (BusType::SLACK or Generator::is_slack); [ACSystem/connectivity] AC island 0 (1107 buses) contains no slack bus;; solver-only baseline excluded above structural-fault AC-bus budget"
R1-12.47-2-ACDC,missing_ac_reference,5,ACSystem/reference,0.000000,0,1,0,1,1,1,1,0,0,0.000000000000,0,0.000000000000,1.819250,3.410500,6.152834,0.000000,0.000000000,0.000000000,0.000000,0.000000,"validation: 1 error(s), 1 warning(s): [ACSystem] No slack bus found (BusType::SLACK or Generator::is_slack); [ACSystem/connectivity] AC island 0 (1107 buses) contains no slack bus;; solver-only baseline excluded above structural-fault AC-bus budget"
R1-12.47-2-ACDC,missing_ac_reference,6,ACSystem/reference,0.000000,0,1,0,1,1,1,1,0,0,0.000000000000,0,0.000000000000,1.817208,3.358708,6.260625,0.000000,0.000000000,0.000000000,0.000000,0.000000,"validation: 1 error(s), 1 warning(s): [ACSystem] No slack bus found (BusType::SLACK or Generator::is_slack); [ACSystem/connectivity] AC island 0 (1107 buses) contains no slack bus;; solver-only baseline excluded above structural-fault AC-bus budget"
R1-12.47-2-ACDC,missing_ac_reference,7,ACSystem/reference,0.000000,0,1,0,1,1,1,1,0,0,0.000000000000,0,0.000000000000,1.830375,3.356458,6.165208,0.000000,0.000000000,0.000000000,0.000000,0.000000,"validation: 1 error(s), 1 warning(s): [ACSystem] No slack bus found (BusType::SLACK or Generator::is_slack); [ACSystem/connectivity] AC island 0 (1107 buses) contains no slack bus;; solver-only baseline excluded above structural-fault AC-bus budget"
R1-12.47-2-ACDC,missing_ac_reference,8,ACSystem/reference,0.000000,0,1,0,1,1,1,1,0,0,0.000000000000,0,0.000000000000,1.841375,3.423167,6.191833,0.000000,0.000000000,0.000000000,0.000000,0.000000,"validation: 1 error(s), 1 warning(s): [ACSystem] No slack bus found (BusType::SLACK or Generator::is_slack); [ACSystem/connectivity] AC island 0 (1107 buses) contains no slack bus;; solver-only baseline excluded above structural-fault AC-bus budget"
R1-12.47-2-ACDC,missing_ac_reference,9,ACSystem/reference,0.000000,0,1,0,1,1,1,1,0,0,0.000000000000,0,0.000000000000,1.829667,3.351917,6.231000,0.000000,0.000000000,0.000000000,0.000000,0.000000,"validation: 1 error(s), 1 warning(s): [ACSystem] No slack bus found (BusType::SLACK or Generator::is_slack); [ACSystem/connectivity] AC island 0 (1107 buses) contains no slack bus;; solver-only baseline excluded above structural-fault AC-bus budget"
R1-12.47-2-ACDC,missing_ac_reference,10,ACSystem/reference,0.000000,0,1,0,1,1,1,1,0,0,0.000000000000,0,0.000000000000,1.821667,3.337333,6.165667,0.000000,0.000000000,0.000000000,0.000000,0.000000,"validation: 1 error(s), 1 warning(s): [ACSystem] No slack bus found (BusType::SLACK or Generator::is_slack); [ACSystem/connectivity] AC island 0 (1107 buses) contains no slack bus;; solver-only baseline excluded above structural-fault AC-bus budget"
R1-12.47-2-ACDC,missing_ac_reference,11,ACSystem/reference,0.000000,0,1,0,1,1,1,1,0,0,0.000000000000,0,0.000000000000,1.886791,3.341583,6.183541,0.000000,0.000000000,0.000000000,0.000000,0.000000,"validation: 1 error(s), 1 warning(s): [ACSystem] No slack bus found (BusType::SLACK or Generator::is_slack); [ACSystem/connectivity] AC island 0 (1107 buses) contains no slack bus;; solver-only baseline excluded above structural-fault AC-bus budget"
R1-12.47-2-ACDC,missing_ac_reference,12,ACSystem/reference,0.000000,0,1,0,1,1,1,1,0,0,0.000000000000,0,0.000000000000,1.833667,3.344209,6.238792,0.000000,0.000000000,0.000000000,0.000000,0.000000,"validation: 1 error(s), 1 warning(s): [ACSystem] No slack bus found (BusType::SLACK or Generator::is_slack); [ACSystem/connectivity] AC island 0 (1107 buses) contains no slack bus;; solver-only baseline excluded above structural-fault AC-bus budget"
R1-12.47-2-ACDC,missing_ac_reference,13,ACSystem/reference,0.000000,0,1,0,1,1,1,1,0,0,0.000000000000,0,0.000000000000,1.816750,3.303416,5.773167,0.000000,0.000000000,0.000000000,0.000000,0.000000,"validation: 1 error(s), 1 warning(s): [ACSystem] No slack bus found (BusType::SLACK or Generator::is_slack); [ACSystem/connectivity] AC island 0 (1107 buses) contains no slack bus;; solver-only baseline excluded above structural-fault AC-bus budget"
R1-12.47-2-ACDC,missing_ac_reference,14,ACSystem/reference,0.000000,0,1,0,1,1,1,1,0,0,0.000000000000,0,0.000000000000,1.828000,3.294708,6.082417,0.000000,0.000000000,0.000000000,0.000000,0.000000,"validation: 1 error(s), 1 warning(s): [ACSystem] No slack bus found (BusType::SLACK or Generator::is_slack); [ACSystem/connectivity] AC island 0 (1107 buses) contains no slack bus;; solver-only baseline excluded above structural-fault AC-bus budget"
R1-12.47-2-ACDC,missing_ac_reference,15,ACSystem/reference,0.000000,0,1,0,1,1,1,1,0,0,0.000000000000,0,0.000000000000,1.819958,3.303125,6.201250,0.000000,0.000000000,0.000000000,0.000000,0.000000,"validation: 1 error(s), 1 warning(s): [ACSystem] No slack bus found (BusType::SLACK or Generator::is_slack); [ACSystem/connectivity] AC island 0 (1107 buses) contains no slack bus;; solver-only baseline excluded above structural-fault AC-bus budget"
R1-12.47-2-ACDC,missing_ac_reference,16,ACSystem/reference,0.000000,0,1,0,1,1,1,1,0,0,0.000000000000,0,0.000000000000,1.821625,3.327416,6.177916,0.000000,0.000000000,0.000000000,0.000000,0.000000,"validation: 1 error(s), 1 warning(s): [ACSystem] No slack bus found (BusType::SLACK or Generator::is_slack); [ACSystem/connectivity] AC island 0 (1107 buses) contains no slack bus;; solver-only baseline excluded above structural-fault AC-bus budget"
R1-12.47-2-ACDC,missing_ac_reference,17,ACSystem/reference,0.000000,0,1,0,1,1,1,1,0,0,0.000000000000,0,0.000000000000,1.886959,3.461959,11.076584,0.000000,0.000000000,0.000000000,0.000000,0.000000,"validation: 1 error(s), 1 warning(s): [ACSystem] No slack bus found (BusType::SLACK or Generator::is_slack); [ACSystem/connectivity] AC island 0 (1107 buses) contains no slack bus;; solver-only baseline excluded above structural-fault AC-bus budget"
R1-12.47-2-ACDC,missing_ac_reference,18,ACSystem/reference,0.000000,0,1,0,1,1,1,1,0,0,0.000000000000,0,0.000000000000,2.047125,4.302917,6.681834,0.000000,0.000000000,0.000000000,0.000000,0.000000,"validation: 1 error(s), 1 warning(s): [ACSystem] No slack bus found (BusType::SLACK or Generator::is_slack); [ACSystem/connectivity] AC island 0 (1107 buses) contains no slack bus;; solver-only baseline excluded above structural-fault AC-bus budget"
R1-12.47-2-ACDC,missing_ac_reference,19,ACSystem/reference,0.000000,0,1,0,1,1,1,1,0,0,0.000000000000,0,0.000000000000,1.976167,3.827458,6.944125,0.000000,0.000000000,0.000000000,0.000000,0.000000,"validation: 1 error(s), 1 warning(s): [ACSystem] No slack bus found (BusType::SLACK or Generator::is_slack); [ACSystem/connectivity] AC island 0 (1107 buses) contains no slack bus;; solver-only baseline excluded above structural-fault AC-bus budget"
R1-12.47-2-ACDC,missing_ac_reference,20,ACSystem/reference,0.000000,0,1,0,1,1,1,1,0,0,0.000000000000,0,0.000000000000,2.044625,3.604584,7.070708,0.000000,0.000000000,0.000000000,0.000000,0.000000,"validation: 1 error(s), 1 warning(s): [ACSystem] No slack bus found (BusType::SLACK or Generator::is_slack); [ACSystem/connectivity] AC island 0 (1107 buses) contains no slack bus;; solver-only baseline excluded above structural-fault AC-bus budget"
R1-12.47-2-ACDC,missing_ac_reference,21,ACSystem/reference,0.000000,0,1,0,1,1,1,1,0,0,0.000000000000,0,0.000000000000,1.996250,3.604208,7.089375,0.000000,0.000000000,0.000000000,0.000000,0.000000,"validation: 1 error(s), 1 warning(s): [ACSystem] No slack bus found (BusType::SLACK or Generator::is_slack); [ACSystem/connectivity] AC island 0 (1107 buses) contains no slack bus;; solver-only baseline excluded above structural-fault AC-bus budget"
R1-12.47-2-ACDC,missing_ac_reference,22,ACSystem/reference,0.000000,0,1,0,1,1,1,1,0,0,0.000000000000,0,0.000000000000,1.855541,3.384625,6.695125,0.000000,0.000000000,0.000000000,0.000000,0.000000,"validation: 1 error(s), 1 warning(s): [ACSystem] No slack bus found (BusType::SLACK or Generator::is_slack); [ACSystem/connectivity] AC island 0 (1107 buses) contains no slack bus;; solver-only baseline excluded above structural-fault AC-bus budget"
R1-12.47-2-ACDC,missing_ac_reference,23,ACSystem/reference,0.000000,0,1,0,1,1,1,1,0,0,0.000000000000,0,0.000000000000,1.864583,3.719917,6.437750,0.000000,0.000000000,0.000000000,0.000000,0.000000,"validation: 1 error(s), 1 warning(s): [ACSystem] No slack bus found (BusType::SLACK or Generator::is_slack); [ACSystem/connectivity] AC island 0 (1107 buses) contains no slack bus;; solver-only baseline excluded above structural-fault AC-bus budget"
R1-12.47-2-ACDC,missing_ac_reference,24,ACSystem/reference,0.000000,0,1,0,1,1,1,1,0,0,0.000000000000,0,0.000000000000,1.896625,3.382375,6.156292,0.000000,0.000000000,0.000000000,0.000000,0.000000,"validation: 1 error(s), 1 warning(s): [ACSystem] No slack bus found (BusType::SLACK or Generator::is_slack); [ACSystem/connectivity] AC island 0 (1107 buses) contains no slack bus;; solver-only baseline excluded above structural-fault AC-bus budget"
R1-12.47-2-ACDC,missing_dc_support,0,dc_island/voltage_support,0.000000,0,0,0,0,1,1,1,0,0,0.000000000000,0,0.000000000000,1.651000,3.349708,5.984375,0.000000,0.000000000,0.000000000,0.000000,0.000000,solver-only baseline excluded above structural-fault AC-bus budget
R1-12.47-2-ACDC,missing_dc_support,1,dc_island/voltage_support,0.000000,0,0,0,0,1,1,1,0,0,0.000000000000,0,0.000000000000,1.740708,3.474166,5.960667,0.000000,0.000000000,0.000000000,0.000000,0.000000,solver-only baseline excluded above structural-fault AC-bus budget
R1-12.47-2-ACDC,missing_dc_support,2,dc_island/voltage_support,0.000000,0,0,0,0,1,1,1,0,0,0.000000000000,0,0.000000000000,1.532334,3.253208,5.840084,0.000000,0.000000000,0.000000000,0.000000,0.000000,solver-only baseline excluded above structural-fault AC-bus budget
R1-12.47-2-ACDC,missing_dc_support,3,dc_island/voltage_support,0.000000,0,0,0,0,1,1,1,0,0,0.000000000000,0,0.000000000000,1.611541,3.309375,6.058958,0.000000,0.000000000,0.000000000,0.000000,0.000000,solver-only baseline excluded above structural-fault AC-bus budget
R1-12.47-2-ACDC,missing_dc_support,4,dc_island/voltage_support,0.000000,0,0,0,0,1,1,1,0,0,0.000000000000,0,0.000000000000,1.677625,3.235667,6.082125,0.000000,0.000000000,0.000000000,0.000000,0.000000,solver-only baseline excluded above structural-fault AC-bus budget
R1-12.47-2-ACDC,missing_dc_support,5,dc_island/voltage_support,0.000000,0,0,0,0,1,1,1,0,0,0.000000000000,0,0.000000000000,1.548625,3.343875,5.792375,0.000000,0.000000000,0.000000000,0.000000,0.000000,solver-only baseline excluded above structural-fault AC-bus budget
R1-12.47-2-ACDC,missing_dc_support,6,dc_island/voltage_support,0.000000,0,0,0,0,1,1,1,0,0,0.000000000000,0,0.000000000000,1.591208,3.435333,6.045250,0.000000,0.000000000,0.000000000,0.000000,0.000000,solver-only baseline excluded above structural-fault AC-bus budget
R1-12.47-2-ACDC,missing_dc_support,7,dc_island/voltage_support,0.000000,0,0,0,0,1,1,1,0,0,0.000000000000,0,0.000000000000,1.625750,3.469250,6.054000,0.000000,0.000000000,0.000000000,0.000000,0.000000,solver-only baseline excluded above structural-fault AC-bus budget
R1-12.47-2-ACDC,missing_dc_support,8,dc_island/voltage_support,0.000000,0,0,0,0,1,1,1,0,0,0.000000000000,0,0.000000000000,1.620250,3.355792,5.917167,0.000000,0.000000000,0.000000000,0.000000,0.000000,solver-only baseline excluded above structural-fault AC-bus budget
R1-12.47-2-ACDC,missing_dc_support,9,dc_island/voltage_support,0.000000,0,0,0,0,1,1,1,0,0,0.000000000000,0,0.000000000000,1.587875,3.319708,5.954542,0.000000,0.000000000,0.000000000,0.000000,0.000000,solver-only baseline excluded above structural-fault AC-bus budget
R1-12.47-2-ACDC,missing_dc_support,10,dc_island/voltage_support,0.000000,0,0,0,0,1,1,1,0,0,0.000000000000,0,0.000000000000,1.619583,3.445666,5.976667,0.000000,0.000000000,0.000000000,0.000000,0.000000,solver-only baseline excluded above structural-fault AC-bus budget
R1-12.47-2-ACDC,missing_dc_support,11,dc_island/voltage_support,0.000000,0,0,0,0,1,1,1,0,0,0.000000000000,0,0.000000000000,1.620667,3.375208,6.061542,0.000000,0.000000000,0.000000000,0.000000,0.000000,solver-only baseline excluded above structural-fault AC-bus budget
R1-12.47-2-ACDC,missing_dc_support,12,dc_island/voltage_support,0.000000,0,0,0,0,1,1,1,0,0,0.000000000000,0,0.000000000000,1.629375,3.360208,6.019292,0.000000,0.000000000,0.000000000,0.000000,0.000000,solver-only baseline excluded above structural-fault AC-bus budget
R1-12.47-2-ACDC,missing_dc_support,13,dc_island/voltage_support,0.000000,0,0,0,0,1,1,1,0,0,0.000000000000,0,0.000000000000,1.617917,3.435500,6.004833,0.000000,0.000000000,0.000000000,0.000000,0.000000,solver-only baseline excluded above structural-fault AC-bus budget
R1-12.47-2-ACDC,missing_dc_support,14,dc_island/voltage_support,0.000000,0,0,0,0,1,1,1,0,0,0.000000000000,0,0.000000000000,1.634041,3.349833,5.934250,0.000000,0.000000000,0.000000000,0.000000,0.000000,solver-only baseline excluded above structural-fault AC-bus budget
R1-12.47-2-ACDC,missing_dc_support,15,dc_island/voltage_support,0.000000,0,0,0,0,1,1,1,0,0,0.000000000000,0,0.000000000000,1.563417,3.289542,5.914042,0.000000,0.000000000,0.000000000,0.000000,0.000000,solver-only baseline excluded above structural-fault AC-bus budget
R1-12.47-2-ACDC,missing_dc_support,16,dc_island/voltage_support,0.000000,0,0,0,0,1,1,1,0,0,0.000000000000,0,0.000000000000,1.612250,3.432125,5.945125,0.000000,0.000000000,0.000000000,0.000000,0.000000,solver-only baseline excluded above structural-fault AC-bus budget
R1-12.47-2-ACDC,missing_dc_support,17,dc_island/voltage_support,0.000000,0,0,0,0,1,1,1,0,0,0.000000000000,0,0.000000000000,1.622292,3.364333,6.078584,0.000000,0.000000000,0.000000000,0.000000,0.000000,solver-only baseline excluded above structural-fault AC-bus budget
R1-12.47-2-ACDC,missing_dc_support,18,dc_island/voltage_support,0.000000,0,0,0,0,1,1,1,0,0,0.000000000000,0,0.000000000000,1.631291,3.340125,5.956209,0.000000,0.000000000,0.000000000,0.000000,0.000000,solver-only baseline excluded above structural-fault AC-bus budget
R1-12.47-2-ACDC,missing_dc_support,19,dc_island/voltage_support,0.000000,0,0,0,0,1,1,1,0,0,0.000000000000,0,0.000000000000,1.640167,3.358292,5.803125,0.000000,0.000000000,0.000000000,0.000000,0.000000,solver-only baseline excluded above structural-fault AC-bus budget
R1-12.47-2-ACDC,missing_dc_support,20,dc_island/voltage_support,0.000000,0,0,0,0,1,1,1,0,0,0.000000000000,0,0.000000000000,1.620041,3.336250,6.039583,0.000000,0.000000000,0.000000000,0.000000,0.000000,solver-only baseline excluded above structural-fault AC-bus budget
R1-12.47-2-ACDC,missing_dc_support,21,dc_island/voltage_support,0.000000,0,0,0,0,1,1,1,0,0,0.000000000000,0,0.000000000000,1.632458,3.398208,5.964292,0.000000,0.000000000,0.000000000,0.000000,0.000000,solver-only baseline excluded above structural-fault AC-bus budget
R1-12.47-2-ACDC,missing_dc_support,22,dc_island/voltage_support,0.000000,0,0,0,0,1,1,1,0,0,0.000000000000,0,0.000000000000,1.643042,3.414166,5.990000,0.000000,0.000000000,0.000000000,0.000000,0.000000,solver-only baseline excluded above structural-fault AC-bus budget
R1-12.47-2-ACDC,missing_dc_support,23,dc_island/voltage_support,0.000000,0,0,0,0,1,1,1,0,0,0.000000000000,0,0.000000000000,1.619625,3.351542,6.057333,0.000000,0.000000000,0.000000000,0.000000,0.000000,solver-only baseline excluded above structural-fault AC-bus budget
R1-12.47-2-ACDC,missing_dc_support,24,dc_island/voltage_support,0.000000,0,0,0,0,1,1,1,0,0,0.000000000000,0,0.000000000000,1.631666,3.352542,5.970917,0.000000,0.000000000,0.000000000,0.000000,0.000000,solver-only baseline excluded above structural-fault AC-bus budget
R1-12.47-2-ACDC,invalid_converter_efficiency,0,VSCConverter/2/eta,1.060737,0,1,0,1,1,1,1,0,0,0.000000000000,0,0.000000000000,1.841000,3.475084,6.187791,0.000000,0.000000000,0.000000000,0.000000,0.000000,"validation: 1 error(s): [VSCConverter/2/eta] eta must be in (0,1] (got 1.060737);; solver-only baseline excluded above structural-fault AC-bus budget"
R1-12.47-2-ACDC,invalid_converter_efficiency,1,VSCConverter/1/eta,1.025227,0,1,0,1,1,1,1,0,0,0.000000000000,0,0.000000000000,1.825708,3.362833,6.259334,0.000000,0.000000000,0.000000000,0.000000,0.000000,"validation: 1 error(s): [VSCConverter/1/eta] eta must be in (0,1] (got 1.025227);; solver-only baseline excluded above structural-fault AC-bus budget"
R1-12.47-2-ACDC,invalid_converter_efficiency,2,VSCConverter/1/eta,1.190916,0,1,0,1,1,1,1,0,0,0.000000000000,0,0.000000000000,1.826375,3.352625,6.160625,0.000000,0.000000000,0.000000000,0.000000,0.000000,"validation: 1 error(s): [VSCConverter/1/eta] eta must be in (0,1] (got 1.190916);; solver-only baseline excluded above structural-fault AC-bus budget"
R1-12.47-2-ACDC,invalid_converter_efficiency,3,VSCConverter/1/eta,1.024800,0,1,0,1,1,1,1,0,0,0.000000000000,0,0.000000000000,1.834500,3.416250,6.163458,0.000000,0.000000000,0.000000000,0.000000,0.000000,"validation: 1 error(s): [VSCConverter/1/eta] eta must be in (0,1] (got 1.024800);; solver-only baseline excluded above structural-fault AC-bus budget"
R1-12.47-2-ACDC,invalid_converter_efficiency,4,VSCConverter/2/eta,1.098260,0,1,0,1,1,1,1,0,0,0.000000000000,0,0.000000000000,1.855541,3.076375,6.064958,0.000000,0.000000000,0.000000000,0.000000,0.000000,"validation: 1 error(s): [VSCConverter/2/eta] eta must be in (0,1] (got 1.098260);; solver-only baseline excluded above structural-fault AC-bus budget"
R1-12.47-2-ACDC,invalid_converter_efficiency,5,VSCConverter/1/eta,1.189736,0,1,0,1,1,1,1,0,0,0.000000000000,0,0.000000000000,1.800250,3.291042,6.111541,0.000000,0.000000000,0.000000000,0.000000,0.000000,"validation: 1 error(s): [VSCConverter/1/eta] eta must be in (0,1] (got 1.189736);; solver-only baseline excluded above structural-fault AC-bus budget"
R1-12.47-2-ACDC,invalid_converter_efficiency,6,VSCConverter/1/eta,1.096050,0,1,0,1,1,1,1,0,0,0.000000000000,0,0.000000000000,1.817959,3.421500,6.135167,0.000000,0.000000000,0.000000000,0.000000,0.000000,"validation: 1 error(s): [VSCConverter/1/eta] eta must be in (0,1] (got 1.096050);; solver-only baseline excluded above structural-fault AC-bus budget"
R1-12.47-2-ACDC,invalid_converter_efficiency,7,VSCConverter/2/eta,1.195333,0,1,0,1,1,1,1,0,0,0.000000000000,0,0.000000000000,1.811542,3.339833,6.207584,0.000000,0.000000000,0.000000000,0.000000,0.000000,"validation: 1 error(s): [VSCConverter/2/eta] eta must be in (0,1] (got 1.195333);; solver-only baseline excluded above structural-fault AC-bus budget"
R1-12.47-2-ACDC,invalid_converter_efficiency,8,VSCConverter/1/eta,1.168380,0,1,0,1,1,1,1,0,0,0.000000000000,0,0.000000000000,1.821125,3.337083,6.161209,0.000000,0.000000000,0.000000000,0.000000,0.000000,"validation: 1 error(s): [VSCConverter/1/eta] eta must be in (0,1] (got 1.168380);; solver-only baseline excluded above structural-fault AC-bus budget"
R1-12.47-2-ACDC,invalid_converter_efficiency,9,VSCConverter/2/eta,1.126381,0,1,0,1,1,1,1,0,0,0.000000000000,0,0.000000000000,1.866542,3.385917,6.170167,0.000000,0.000000000,0.000000000,0.000000,0.000000,"validation: 1 error(s): [VSCConverter/2/eta] eta must be in (0,1] (got 1.126381);; solver-only baseline excluded above structural-fault AC-bus budget"
R1-12.47-2-ACDC,invalid_converter_efficiency,10,VSCConverter/2/eta,1.040836,0,1,0,1,1,1,1,0,0,0.000000000000,0,0.000000000000,1.818125,3.340959,6.242708,0.000000,0.000000000,0.000000000,0.000000,0.000000,"validation: 1 error(s): [VSCConverter/2/eta] eta must be in (0,1] (got 1.040836);; solver-only baseline excluded above structural-fault AC-bus budget"
R1-12.47-2-ACDC,invalid_converter_efficiency,11,VSCConverter/1/eta,1.033126,0,1,0,1,1,1,1,0,0,0.000000000000,0,0.000000000000,1.815542,3.368459,6.147208,0.000000,0.000000000,0.000000000,0.000000,0.000000,"validation: 1 error(s): [VSCConverter/1/eta] eta must be in (0,1] (got 1.033126);; solver-only baseline excluded above structural-fault AC-bus budget"
R1-12.47-2-ACDC,invalid_converter_efficiency,12,VSCConverter/1/eta,1.165628,0,1,0,1,1,1,1,0,0,0.000000000000,0,0.000000000000,1.894333,3.338041,6.154333,0.000000,0.000000000,0.000000000,0.000000,0.000000,"validation: 1 error(s): [VSCConverter/1/eta] eta must be in (0,1] (got 1.165628);; solver-only baseline excluded above structural-fault AC-bus budget"
R1-12.47-2-ACDC,invalid_converter_efficiency,13,VSCConverter/2/eta,1.123298,0,1,0,1,1,1,1,0,0,0.000000000000,0,0.000000000000,1.715500,3.134375,6.157834,0.000000,0.000000000,0.000000000,0.000000,0.000000,"validation: 1 error(s): [VSCConverter/2/eta] eta must be in (0,1] (got 1.123298);; solver-only baseline excluded above structural-fault AC-bus budget"
R1-12.47-2-ACDC,invalid_converter_efficiency,14,VSCConverter/1/eta,1.066364,0,1,0,1,1,1,1,0,0,0.000000000000,0,0.000000000000,1.799333,3.317916,6.163417,0.000000,0.000000000,0.000000000,0.000000,0.000000,"validation: 1 error(s): [VSCConverter/1/eta] eta must be in (0,1] (got 1.066364);; solver-only baseline excluded above structural-fault AC-bus budget"
R1-12.47-2-ACDC,invalid_converter_efficiency,15,VSCConverter/1/eta,1.163491,0,1,0,1,1,1,1,0,0,0.000000000000,0,0.000000000000,1.837625,3.315750,6.135875,0.000000,0.000000000,0.000000000,0.000000,0.000000,"validation: 1 error(s): [VSCConverter/1/eta] eta must be in (0,1] (got 1.163491);; solver-only baseline excluded above structural-fault AC-bus budget"
R1-12.47-2-ACDC,invalid_converter_efficiency,16,VSCConverter/1/eta,1.121178,0,1,0,1,1,1,1,0,0,0.000000000000,0,0.000000000000,1.811959,3.327291,6.236875,0.000000,0.000000000,0.000000000,0.000000,0.000000,"validation: 1 error(s): [VSCConverter/1/eta] eta must be in (0,1] (got 1.121178);; solver-only baseline excluded above structural-fault AC-bus budget"
R1-12.47-2-ACDC,invalid_converter_efficiency,17,VSCConverter/1/eta,1.193290,0,1,0,1,1,1,1,0,0,0.000000000000,0,0.000000000000,1.817542,3.335916,6.212792,0.000000,0.000000000,0.000000000,0.000000,0.000000,"validation: 1 error(s): [VSCConverter/1/eta] eta must be in (0,1] (got 1.193290);; solver-only baseline excluded above structural-fault AC-bus budget"
R1-12.47-2-ACDC,invalid_converter_efficiency,18,VSCConverter/1/eta,1.149505,0,1,0,1,1,1,1,0,0,0.000000000000,0,0.000000000000,1.831291,3.338083,6.142583,0.000000,0.000000000,0.000000000,0.000000,0.000000,"validation: 1 error(s): [VSCConverter/1/eta] eta must be in (0,1] (got 1.149505);; solver-only baseline excluded above structural-fault AC-bus budget"
R1-12.47-2-ACDC,invalid_converter_efficiency,19,VSCConverter/1/eta,1.030859,0,1,0,1,1,1,1,0,0,0.000000000000,0,0.000000000000,1.827625,3.421750,6.164041,0.000000,0.000000000,0.000000000,0.000000,0.000000,"validation: 1 error(s): [VSCConverter/1/eta] eta must be in (0,1] (got 1.030859);; solver-only baseline excluded above structural-fault AC-bus budget"
R1-12.47-2-ACDC,invalid_converter_efficiency,20,VSCConverter/2/eta,1.097993,0,1,0,1,1,1,1,0,0,0.000000000000,0,0.000000000000,1.826000,3.337625,6.214084,0.000000,0.000000000,0.000000000,0.000000,0.000000,"validation: 1 error(s): [VSCConverter/2/eta] eta must be in (0,1] (got 1.097993);; solver-only baseline excluded above structural-fault AC-bus budget"
R1-12.47-2-ACDC,invalid_converter_efficiency,21,VSCConverter/2/eta,1.060068,0,1,0,1,1,1,1,0,0,0.000000000000,0,0.000000000000,1.825541,3.332416,6.155875,0.000000,0.000000000,0.000000000,0.000000,0.000000,"validation: 1 error(s): [VSCConverter/2/eta] eta must be in (0,1] (got 1.060068);; solver-only baseline excluded above structural-fault AC-bus budget"
R1-12.47-2-ACDC,invalid_converter_efficiency,22,VSCConverter/2/eta,1.023737,0,1,0,1,1,1,1,0,0,0.000000000000,0,0.000000000000,1.816250,3.404166,5.965541,0.000000,0.000000000,0.000000000,0.000000,0.000000,"validation: 1 error(s): [VSCConverter/2/eta] eta must be in (0,1] (got 1.023737);; solver-only baseline excluded above structural-fault AC-bus budget"
R1-12.47-2-ACDC,invalid_converter_efficiency,23,VSCConverter/1/eta,1.124102,0,1,0,1,1,1,1,0,0,0.000000000000,0,0.000000000000,1.816584,3.305917,6.241625,0.000000,0.000000000,0.000000000,0.000000,0.000000,"validation: 1 error(s): [VSCConverter/1/eta] eta must be in (0,1] (got 1.124102);; solver-only baseline excluded above structural-fault AC-bus budget"
R1-12.47-2-ACDC,invalid_converter_efficiency,24,VSCConverter/2/eta,1.072584,0,1,0,1,1,1,1,0,0,0.000000000000,0,0.000000000000,1.831125,3.339542,6.132958,0.000000,0.000000000,0.000000000,0.000000,0.000000,"validation: 1 error(s): [VSCConverter/2/eta] eta must be in (0,1] (got 1.072584);; solver-only baseline excluded above structural-fault AC-bus budget"
R1-12.47-2-ACDC,duplicate_ac_bus_identity,0,ACBus/50/index,0.000000,0,1,0,1,1,1,1,0,0,0.000000000000,0,0.000000000000,1.830959,4.318625,7.056000,0.000000,0.000000000,0.000000000,0.000000,0.000000,"validation: 4 error(s), 2 warning(s): [ACBus/50/index] Duplicate AC bus index 50; [ACBranch/427/to_bus] to_bus 384 not found; [Load/45/bus] bus 384 not found in AC; [Switch/122/bus_from] bus_from 384 not found in AC; [ACSystem/connectivity] AC island 1 (1 buses) contains no slack bus; [ACSystem/connectivity] AC island 2 (1 buses) contains no slack bus;; solver-only baseline excluded above structural-fault AC-bus budget"
R1-12.47-2-ACDC,duplicate_ac_bus_identity,1,ACBus/1023/index,0.000000,0,1,0,1,1,1,1,0,0,0.000000000000,0,0.000000000000,1.840791,4.231625,7.137417,0.000000,0.000000000,0.000000000,0.000000,0.000000,"validation: 5 error(s), 4 warning(s): [ACBus/1023/index] Duplicate AC bus index 1023; [ACBranch/728/to_bus] to_bus 292 not found; [ACBranch/729/from_bus] from_bus 292 not found; [ACBranch/730/from_bus] from_bus 292 not found; [ACBranch/731/from_bus] from_bus 292 not found; [ACSystem/connectivity] AC island 1 (1 buses) contains no slack bus; [ACSystem/connectivity] AC island 2 (1 buses) contains no slack bus; [ACSystem/connectivity] AC island 3 (4 buses) contains no slack bus; [ACSystem/connectivity] AC island 4 (31 buses) contains no slack bus;; solver-only baseline excluded above structural-fault AC-bus budget"
R1-12.47-2-ACDC,duplicate_ac_bus_identity,2,ACBus/287/index,0.000000,0,1,0,1,1,1,1,0,0,0.000000000000,0,0.000000000000,1.829625,4.235458,7.101875,0.000000,0.000000000,0.000000000,0.000000,0.000000,"validation: 4 error(s), 2 warning(s): [ACBus/287/index] Duplicate AC bus index 287; [ACBranch/621/to_bus] to_bus 578 not found; [Load/239/bus] bus 578 not found in AC; [Switch/316/bus_from] bus_from 578 not found in AC; [ACSystem/connectivity] AC island 1 (1 buses) contains no slack bus; [ACSystem/connectivity] AC island 2 (1 buses) contains no slack bus;; solver-only baseline excluded above structural-fault AC-bus budget"
R1-12.47-2-ACDC,duplicate_ac_bus_identity,3,ACBus/173/index,0.000000,0,1,0,1,1,1,1,0,0,0.000000000000,0,0.000000000000,1.841375,4.223542,7.059834,0.000000,0.000000000,0.000000000,0.000000,0.000000,"validation: 3 error(s), 2 warning(s): [ACBus/173/index] Duplicate AC bus index 173; [ACBranch/236/to_bus] to_bus 708 not found; [ACBranch/500/from_bus] from_bus 708 not found; [ACSystem/connectivity] AC island 1 (1 buses) contains no slack bus; [ACSystem/connectivity] AC island 2 (2 buses) contains no slack bus;; solver-only baseline excluded above structural-fault AC-bus budget"
R1-12.47-2-ACDC,duplicate_ac_bus_identity,4,ACBus/223/index,0.000000,0,1,0,1,1,1,1,0,0,0.000000000000,0,0.000000000000,1.888250,4.235000,7.064167,0.000000,0.000000000,0.000000000,0.000000,0.000000,"validation: 3 error(s), 2 warning(s): [ACBus/223/index] Duplicate AC bus index 223; [ACBranch/273/from_bus] from_bus 186 not found; [ACBranch/677/to_bus] to_bus 186 not found; [ACSystem/connectivity] AC island 1 (1 buses) contains no slack bus; [ACSystem/connectivity] AC island 2 (3 buses) contains no slack bus;; solver-only baseline excluded above structural-fault AC-bus budget"
R1-12.47-2-ACDC,duplicate_ac_bus_identity,5,ACBus/231/index,0.000000,0,1,0,1,1,1,1,0,0,0.000000000000,0,0.000000000000,1.829792,4.301250,7.070625,0.000000,0.000000000,0.000000000,0.000000,0.000000,"validation: 3 error(s), 2 warning(s): [ACBus/231/index] Duplicate AC bus index 231; [ACBranch/374/to_bus] to_bus 846 not found; [ACBranch/638/from_bus] from_bus 846 not found; [ACSystem/connectivity] AC island 1 (1 buses) contains no slack bus; [ACSystem/connectivity] AC island 2 (2 buses) contains no slack bus;; solver-only baseline excluded above structural-fault AC-bus budget"
R1-12.47-2-ACDC,duplicate_ac_bus_identity,6,ACBus/790/index,0.000000,0,1,0,1,1,1,1,0,0,0.000000000000,0,0.000000000000,1.848459,4.226833,7.160333,0.000000,0.000000000,0.000000000,0.000000,0.000000,"validation: 4 error(s), 2 warning(s): [ACBus/790/index] Duplicate AC bus index 790; [ACBranch/425/to_bus] to_bus 382 not found; [Load/43/bus] bus 382 not found in AC; [Switch/120/bus_from] bus_from 382 not found in AC; [ACSystem/connectivity] AC island 1 (1 buses) contains no slack bus; [ACSystem/connectivity] AC island 2 (1 buses) contains no slack bus;; solver-only baseline excluded above structural-fault AC-bus budget"
R1-12.47-2-ACDC,duplicate_ac_bus_identity,7,ACBus/447/index,0.000000,0,1,0,1,1,1,1,0,0,0.000000000000,0,0.000000000000,1.839334,4.268583,7.115917,0.000000,0.000000000,0.000000000,0.000000,0.000000,"validation: 4 error(s), 2 warning(s): [ACBus/447/index] Duplicate AC bus index 447; [ACBranch/593/to_bus] to_bus 550 not found; [Load/211/bus] bus 550 not found in AC; [Switch/288/bus_from] bus_from 550 not found in AC; [ACSystem/connectivity] AC island 1 (1 buses) contains no slack bus; [ACSystem/connectivity] AC island 2 (1 buses) contains no slack bus;; solver-only baseline excluded above structural-fault AC-bus budget"
R1-12.47-2-ACDC,duplicate_ac_bus_identity,8,ACBus/547/index,0.000000,0,1,0,1,1,1,1,0,0,0.000000000000,0,0.000000000000,1.826083,4.231167,7.039417,0.000000,0.000000000,0.000000000,0.000000,0.000000,"validation: 3 error(s), 2 warning(s): [ACBus/547/index] Duplicate AC bus index 547; [ACBranch/283/to_bus] to_bus 755 not found; [ACBranch/547/from_bus] from_bus 755 not found; [ACSystem/connectivity] AC island 1 (2 buses) contains no slack bus; [ACSystem/connectivity] AC island 2 (1 buses) contains no slack bus;; solver-only baseline excluded above structural-fault AC-bus budget"
R1-12.47-2-ACDC,duplicate_ac_bus_identity,9,ACBus/732/index,0.000000,0,1,0,1,1,1,1,0,0,0.000000000000,0,0.000000000000,1.906917,4.225875,7.048292,0.000000,0.000000000,0.000000000,0.000000,0.000000,"validation: 3 error(s), 2 warning(s): [ACBus/732/index] Duplicate AC bus index 732; [ACBranch/330/from_bus] from_bus 260 not found; [ACBranch/716/to_bus] to_bus 260 not found; [ACSystem/connectivity] AC island 1 (1 buses) contains no slack bus; [ACSystem/connectivity] AC island 2 (3 buses) contains no slack bus;; solver-only baseline excluded above structural-fault AC-bus budget"
R1-12.47-2-ACDC,duplicate_ac_bus_identity,10,ACBus/430/index,0.000000,0,1,0,1,1,1,1,0,0,0.000000000000,0,0.000000000000,1.805000,3.975875,6.924166,0.000000,0.000000000,0.000000000,0.000000,0.000000,"validation: 3 error(s), 2 warning(s): [ACBus/430/index] Duplicate AC bus index 430; [ACBranch/175/to_bus] to_bus 647 not found; [ACBranch/439/from_bus] from_bus 647 not found; [ACSystem/connectivity] AC island 1 (2 buses) contains no slack bus; [ACSystem/connectivity] AC island 2 (1 buses) contains no slack bus;; solver-only baseline excluded above structural-fault AC-bus budget"
R1-12.47-2-ACDC,duplicate_ac_bus_identity,11,ACBus/904/index,0.000000,0,1,0,1,1,1,1,0,0,0.000000000000,0,0.000000000000,1.811666,4.198083,7.061875,0.000000,0.000000000,0.000000000,0.000000,0.000000,"validation: 2 error(s), 1 warning(s): [ACBus/904/index] Duplicate AC bus index 904; [Switch/340/bus_to] bus_to 1104 not found in AC; [ACSystem/connectivity] AC island 1 (1 buses) contains no slack bus;; solver-only baseline excluded above structural-fault AC-bus budget"
R1-12.47-2-ACDC,duplicate_ac_bus_identity,12,ACBus/923/index,0.000000,0,1,0,1,1,1,1,0,0,0.000000000000,0,0.000000000000,1.840125,4.218125,7.113500,0.000000,0.000000000,0.000000000,0.000000,0.000000,"validation: 2 error(s), 1 warning(s): [ACBus/923/index] Duplicate AC bus index 923; [Switch/143/bus_to] bus_to 907 not found in AC; [ACSystem/connectivity] AC island 1 (1 buses) contains no slack bus;; solver-only baseline excluded above structural-fault AC-bus budget"
R1-12.47-2-ACDC,duplicate_ac_bus_identity,13,ACBus/302/index,0.000000,0,1,0,1,1,1,1,0,0,0.000000000000,0,0.000000000000,1.842042,4.238167,7.070167,0.000000,0.000000000,0.000000000,0.000000,0.000000,"validation: 3 error(s), 2 warning(s): [ACBus/302/index] Duplicate AC bus index 302; [ACBranch/132/to_bus] to_bus 604 not found; [ACBranch/396/from_bus] from_bus 604 not found; [ACSystem/connectivity] AC island 1 (1 buses) contains no slack bus; [ACSystem/connectivity] AC island 2 (2 buses) contains no slack bus;; solver-only baseline excluded above structural-fault AC-bus budget"
R1-12.47-2-ACDC,duplicate_ac_bus_identity,14,ACBus/1025/index,0.000000,0,1,0,1,1,1,1,0,0,0.000000000000,0,0.000000000000,1.883875,4.284334,7.097500,0.000000,0.000000000,0.000000000,0.000000,0.000000,"validation: 2 error(s), 1 warning(s): [ACBus/1025/index] Duplicate AC bus index 1025; [Switch/307/bus_to] bus_to 1071 not found in AC; [ACSystem/connectivity] AC island 1 (1 buses) contains no slack bus;; solver-only baseline excluded above structural-fault AC-bus budget"
R1-12.47-2-ACDC,duplicate_ac_bus_identity,15,ACBus/94/index,0.000000,0,1,0,1,1,1,1,0,0,0.000000000000,0,0.000000000000,1.851167,4.317542,7.107125,0.000000,0.000000000,0.000000000,0.000000,0.000000,"validation: 5 error(s), 4 warning(s): [ACBus/94/index] Duplicate AC bus index 94; [ACBranch/6/to_bus] to_bus 26 not found; [ACBranch/7/from_bus] from_bus 26 not found; [ACBranch/135/from_bus] from_bus 26 not found; [Switch/6/bus_from] bus_from 26 not found in AC; [ACSystem/connectivity] AC island 1 (6 buses) contains no slack bus; [ACSystem/connectivity] AC island 2 (1 buses) contains no slack bus; [ACSystem/connectivity] AC island 3 (4 buses) contains no slack bus; [ACSystem/connectivity] AC island 4 (3 buses) contains no slack bus;; solver-only baseline excluded above structural-fault AC-bus budget"
R1-12.47-2-ACDC,duplicate_ac_bus_identity,16,ACBus/669/index,0.000000,0,1,0,1,1,1,1,0,0,0.000000000000,0,0.000000000000,1.641167,4.249792,6.950042,0.000000,0.000000000,0.000000000,0.000000,0.000000,"validation: 3 error(s), 1 warning(s): [ACBus/669/index] Duplicate AC bus index 669; [Switch/86/bus_to] bus_to 308 not found in AC; [Switch/87/bus_from] bus_from 308 not found in AC; [ACSystem/connectivity] AC island 1 (1 buses) contains no slack bus;; solver-only baseline excluded above structural-fault AC-bus budget"
R1-12.47-2-ACDC,duplicate_ac_bus_identity,17,ACBus/1061/index,0.000000,0,1,0,1,1,1,1,0,0,0.000000000000,0,0.000000000000,1.844750,4.247708,7.137791,0.000000,0.000000000,0.000000000,0.000000,0.000000,"validation: 4 error(s), 2 warning(s): [ACBus/1061/index] Duplicate AC bus index 1061; [ACBranch/426/to_bus] to_bus 383 not found; [Load/44/bus] bus 383 not found in AC; [Switch/121/bus_from] bus_from 383 not found in AC; [ACSystem/connectivity] AC island 1 (1 buses) contains no slack bus; [ACSystem/connectivity] AC island 2 (1 buses) contains no slack bus;; solver-only baseline excluded above structural-fault AC-bus budget"
R1-12.47-2-ACDC,duplicate_ac_bus_identity,18,ACBus/665/index,0.000000,0,1,0,1,1,1,1,0,0,0.000000000000,0,0.000000000000,1.830000,4.261167,6.700625,0.000000,0.000000000,0.000000000,0.000000,0.000000,"validation: 2 error(s), 1 warning(s): [ACBus/665/index] Duplicate AC bus index 665; [Switch/143/bus_to] bus_to 907 not found in AC; [ACSystem/connectivity] AC island 1 (1 buses) contains no slack bus;; solver-only baseline excluded above structural-fault AC-bus budget"
R1-12.47-2-ACDC,duplicate_ac_bus_identity,19,ACBus/611/index,0.000000,0,1,0,1,1,1,1,0,0,0.000000000000,0,0.000000000000,1.817583,4.266042,7.028458,0.000000,0.000000000,0.000000000,0.000000,0.000000,"validation: 2 error(s), 1 warning(s): [ACBus/611/index] Duplicate AC bus index 611; [Switch/270/bus_to] bus_to 1034 not found in AC; [ACSystem/connectivity] AC island 1 (1 buses) contains no slack bus;; solver-only baseline excluded above structural-fault AC-bus budget"
R1-12.47-2-ACDC,duplicate_ac_bus_identity,20,ACBus/1019/index,0.000000,0,1,0,1,1,1,1,0,0,0.000000000000,0,0.000000000000,1.832125,4.232250,7.133333,0.000000,0.000000000,0.000000000,0.000000,0.000000,"validation: 3 error(s), 2 warning(s): [ACBus/1019/index] Duplicate AC bus index 1019; [ACBranch/147/to_bus] to_bus 619 not found; [ACBranch/411/from_bus] from_bus 619 not found; [ACSystem/connectivity] AC island 1 (2 buses) contains no slack bus; [ACSystem/connectivity] AC island 2 (1 buses) contains no slack bus;; solver-only baseline excluded above structural-fault AC-bus budget"
R1-12.47-2-ACDC,duplicate_ac_bus_identity,21,ACBus/1048/index,0.000000,0,1,0,1,1,1,1,0,0,0.000000000000,0,0.000000000000,1.847167,4.238583,7.163125,0.000000,0.000000000,0.000000000,0.000000,0.000000,"validation: 4 error(s), 3 warning(s): [ACBus/1048/index] Duplicate AC bus index 1048; [ACBranch/86/to_bus] to_bus 198 not found; [ACBranch/87/from_bus] from_bus 198 not found; [Switch/58/bus_from] bus_from 198 not found in AC; [ACSystem/connectivity] AC island 1 (1 buses) contains no slack bus; [ACSystem/connectivity] AC island 2 (362 buses) contains no slack bus; [ACSystem/connectivity] AC island 3 (4 buses) contains no slack bus;; solver-only baseline excluded above structural-fault AC-bus budget"
R1-12.47-2-ACDC,duplicate_ac_bus_identity,22,ACBus/695/index,0.000000,0,1,0,1,1,1,1,0,0,0.000000000000,0,0.000000000000,1.836625,4.245417,7.125083,0.000000,0.000000000,0.000000000,0.000000,0.000000,"validation: 3 error(s), 2 warning(s): [ACBus/695/index] Duplicate AC bus index 695; [ACBranch/147/to_bus] to_bus 619 not found; [ACBranch/411/from_bus] from_bus 619 not found; [ACSystem/connectivity] AC island 1 (2 buses) contains no slack bus; [ACSystem/connectivity] AC island 2 (1 buses) contains no slack bus;; solver-only baseline excluded above structural-fault AC-bus budget"
R1-12.47-2-ACDC,duplicate_ac_bus_identity,23,ACBus/287/index,0.000000,0,1,0,1,1,1,1,0,0,0.000000000000,0,0.000000000000,1.860833,4.252000,7.083959,0.000000,0.000000000,0.000000000,0.000000,0.000000,"validation: 4 error(s), 2 warning(s): [ACBus/287/index] Duplicate AC bus index 287; [ACBranch/568/to_bus] to_bus 525 not found; [Load/186/bus] bus 525 not found in AC; [Switch/263/bus_from] bus_from 525 not found in AC; [ACSystem/connectivity] AC island 1 (1 buses) contains no slack bus; [ACSystem/connectivity] AC island 2 (1 buses) contains no slack bus;; solver-only baseline excluded above structural-fault AC-bus budget"
R1-12.47-2-ACDC,duplicate_ac_bus_identity,24,ACBus/239/index,0.000000,0,1,0,1,1,1,1,0,0,0.000000000000,0,0.000000000000,1.837666,4.314541,7.088334,0.000000,0.000000000,0.000000000,0.000000,0.000000,"validation: 4 error(s), 2 warning(s): [ACBus/239/index] Duplicate AC bus index 239; [ACBranch/571/to_bus] to_bus 528 not found; [Load/189/bus] bus 528 not found in AC; [Switch/266/bus_from] bus_from 528 not found in AC; [ACSystem/connectivity] AC island 1 (1 buses) contains no slack bus; [ACSystem/connectivity] AC island 2 (1 buses) contains no slack bus;; solver-only baseline excluded above structural-fault AC-bus budget"
R1-12.47-2-ACDC,plausible_load_error,0,Load/62/load,0.945359,1,0,0,0,0,0,0,0,0,0.000000000000,0,0.000000000000,1.834417,3.350667,6.228750,0.000000,0.000000000,0.000000000,0.000000,0.000000,physical-impact solve excluded above AC-bus budget
R1-12.47-2-ACDC,plausible_load_error,1,Load/238/load,1.297098,1,0,0,0,0,0,0,0,0,0.000000000000,0,0.000000000000,1.836834,3.342167,6.216125,0.000000,0.000000000,0.000000000,0.000000,0.000000,physical-impact solve excluded above AC-bus budget
R1-12.47-2-ACDC,plausible_load_error,2,Load/201/load,0.776848,1,0,0,0,0,0,0,0,0,0.000000000000,0,0.000000000000,1.891000,3.347084,6.182083,0.000000,0.000000000,0.000000000,0.000000,0.000000,physical-impact solve excluded above AC-bus budget
R1-12.47-2-ACDC,plausible_load_error,3,Load/261/load,0.892850,1,0,0,0,0,0,0,0,0,0.000000000000,0,0.000000000000,1.832250,3.351834,6.250958,0.000000,0.000000000,0.000000000,0.000000,0.000000,physical-impact solve excluded above AC-bus budget
R1-12.47-2-ACDC,plausible_load_error,4,Load/256/load,0.766411,1,0,0,0,0,0,0,0,0,0.000000000000,0,0.000000000000,1.833709,3.344541,6.235166,0.000000,0.000000000,0.000000000,0.000000,0.000000,physical-impact solve excluded above AC-bus budget
R1-12.47-2-ACDC,plausible_load_error,5,Load/44/load,1.048932,1,0,0,0,0,0,0,0,0,0.000000000000,0,0.000000000000,1.842542,3.378500,6.197250,0.000000,0.000000000,0.000000000,0.000000,0.000000,physical-impact solve excluded above AC-bus budget
R1-12.47-2-ACDC,plausible_load_error,6,Load/62/load,0.917575,1,0,0,0,0,0,0,0,0,0.000000000000,0,0.000000000000,1.827917,3.404500,6.187958,0.000000,0.000000000,0.000000000,0.000000,0.000000,physical-impact solve excluded above AC-bus budget
R1-12.47-2-ACDC,plausible_load_error,7,Load/74/load,0.817309,1,0,0,0,0,0,0,0,0,0.000000000000,0,0.000000000000,1.828209,3.215542,5.896416,0.000000,0.000000000,0.000000000,0.000000,0.000000,physical-impact solve excluded above AC-bus budget
R1-12.47-2-ACDC,plausible_load_error,8,Load/10/load,0.926307,1,0,0,0,0,0,0,0,0,0.000000000000,0,0.000000000000,1.767542,3.286833,6.067667,0.000000,0.000000000,0.000000000,0.000000,0.000000,physical-impact solve excluded above AC-bus budget
R1-12.47-2-ACDC,plausible_load_error,9,Load/253/load,0.816522,1,0,0,0,0,0,0,0,0,0.000000000000,0,0.000000000000,1.812834,3.361333,6.116417,0.000000,0.000000000,0.000000000,0.000000,0.000000,physical-impact solve excluded above AC-bus budget
R1-12.47-2-ACDC,plausible_load_error,10,Load/137/load,0.759822,1,0,0,0,0,0,0,0,0,0.000000000000,0,0.000000000000,1.807666,3.324000,6.189333,0.000000,0.000000000,0.000000000,0.000000,0.000000,physical-impact solve excluded above AC-bus budget
R1-12.47-2-ACDC,plausible_load_error,11,Load/74/load,1.046743,1,0,0,0,0,0,0,0,0,0.000000000000,0,0.000000000000,1.814583,3.330666,6.121500,0.000000,0.000000000,0.000000000,0.000000,0.000000,physical-impact solve excluded above AC-bus budget
R1-12.47-2-ACDC,plausible_load_error,12,Load/239/load,1.041769,1,0,0,0,0,0,0,0,0,0.000000000000,0,0.000000000000,1.816375,3.386375,6.140000,0.000000,0.000000000,0.000000000,0.000000,0.000000,physical-impact solve excluded above AC-bus budget
R1-12.47-2-ACDC,plausible_load_error,13,Load/21/load,0.782112,1,0,0,0,0,0,0,0,0,0.000000000000,0,0.000000000000,1.821375,3.342792,6.212459,0.000000,0.000000000,0.000000000,0.000000,0.000000,physical-impact solve excluded above AC-bus budget
R1-12.47-2-ACDC,plausible_load_error,14,Load/70/load,1.127812,1,0,0,0,0,0,0,0,0,0.000000000000,0,0.000000000000,1.816000,3.354333,6.144959,0.000000,0.000000000,0.000000000,0.000000,0.000000,physical-impact solve excluded above AC-bus budget
R1-12.47-2-ACDC,plausible_load_error,15,Load/104/load,1.010204,1,0,0,0,0,0,0,0,0,0.000000000000,0,0.000000000000,1.815459,3.408833,6.152500,0.000000,0.000000000,0.000000000,0.000000,0.000000,physical-impact solve excluded above AC-bus budget
R1-12.47-2-ACDC,plausible_load_error,16,Load/140/load,1.224238,1,0,0,0,0,0,0,0,0,0.000000000000,0,0.000000000000,1.814625,3.345958,6.218500,0.000000,0.000000000,0.000000000,0.000000,0.000000,physical-impact solve excluded above AC-bus budget
R1-12.47-2-ACDC,plausible_load_error,17,Load/4/load,1.288066,1,0,0,0,0,0,0,0,0,0.000000000000,0,0.000000000000,1.675833,3.124042,5.992917,0.000000,0.000000000,0.000000000,0.000000,0.000000,physical-impact solve excluded above AC-bus budget
R1-12.47-2-ACDC,plausible_load_error,18,Load/174/load,1.168389,1,0,0,0,0,0,0,0,0,0.000000000000,0,0.000000000000,1.800292,3.382875,6.096958,0.000000,0.000000000,0.000000000,0.000000,0.000000,physical-impact solve excluded above AC-bus budget
R1-12.47-2-ACDC,plausible_load_error,19,Load/144/load,1.090421,1,0,0,0,0,0,0,0,0,0.000000000000,0,0.000000000000,1.798583,3.322916,6.203958,0.000000,0.000000000,0.000000000,0.000000,0.000000,physical-impact solve excluded above AC-bus budget
R1-12.47-2-ACDC,plausible_load_error,20,Load/17/load,1.000591,1,0,0,0,0,0,0,0,0,0.000000000000,0,0.000000000000,1.805584,3.336041,6.131458,0.000000,0.000000000,0.000000000,0.000000,0.000000,physical-impact solve excluded above AC-bus budget
R1-12.47-2-ACDC,plausible_load_error,21,Load/28/load,1.039554,1,0,0,0,0,0,0,0,0,0.000000000000,0,0.000000000000,1.856166,3.375250,6.139250,0.000000,0.000000000,0.000000000,0.000000,0.000000,physical-impact solve excluded above AC-bus budget
R1-12.47-2-ACDC,plausible_load_error,22,Load/132/load,0.884599,1,0,0,0,0,0,0,0,0,0.000000000000,0,0.000000000000,1.827250,3.333458,6.227500,0.000000,0.000000000,0.000000000,0.000000,0.000000,physical-impact solve excluded above AC-bus budget
R1-12.47-2-ACDC,plausible_load_error,23,Load/264/load,1.277209,1,0,0,0,0,0,0,0,0,0.000000000000,0,0.000000000000,1.824333,3.331667,6.186334,0.000000,0.000000000,0.000000000,0.000000,0.000000,physical-impact solve excluded above AC-bus budget
R1-12.47-2-ACDC,plausible_load_error,24,Load/114/load,0.950696,1,0,0,0,0,0,0,0,0,0.000000000000,0,0.000000000000,1.879333,3.336500,6.148875,0.000000,0.000000000,0.000000000,0.000000,0.000000,physical-impact solve excluded above AC-bus budget
R1-12.47-2-ACDC,plausible_converter_setpoint_error,0,VSCConverter/1/p_set_mw,0.023483,1,0,0,0,0,0,0,0,0,0.000000000000,0,0.000000000000,1.814333,3.348667,6.249333,0.000000,0.000000000,0.000000000,0.000000,0.000000,physical-impact solve excluded above AC-bus budget
R1-12.47-2-ACDC,plausible_converter_setpoint_error,1,VSCConverter/1/p_set_mw,-0.007565,1,0,0,0,0,0,0,0,0,0.000000000000,0,0.000000000000,1.812583,3.340292,6.221167,0.000000,0.000000000,0.000000000,0.000000,0.000000,physical-impact solve excluded above AC-bus budget
R1-12.47-2-ACDC,plausible_converter_setpoint_error,2,VSCConverter/1/p_set_mw,0.021514,1,0,0,0,0,0,0,0,0,0.000000000000,0,0.000000000000,1.829541,3.335791,5.852041,0.000000,0.000000000,0.000000000,0.000000,0.000000,physical-impact solve excluded above AC-bus budget
R1-12.47-2-ACDC,plausible_converter_setpoint_error,3,VSCConverter/1/p_set_mw,-0.017807,1,0,0,0,0,0,0,0,0,0.000000000000,0,0.000000000000,1.789250,3.311375,6.137959,0.000000,0.000000000,0.000000000,0.000000,0.000000,physical-impact solve excluded above AC-bus budget
R1-12.47-2-ACDC,plausible_converter_setpoint_error,4,VSCConverter/1/p_set_mw,0.018831,1,0,0,0,0,0,0,0,0,0.000000000000,0,0.000000000000,1.817292,3.332542,6.225500,0.000000,0.000000000,0.000000000,0.000000,0.000000,physical-impact solve excluded above AC-bus budget
R1-12.47-2-ACDC,plausible_converter_setpoint_error,5,VSCConverter/1/p_set_mw,0.021277,1,0,0,0,0,0,0,0,0,0.000000000000,0,0.000000000000,1.815792,3.335958,6.153500,0.000000,0.000000000,0.000000000,0.000000,0.000000,physical-impact solve excluded above AC-bus budget
R1-12.47-2-ACDC,plausible_converter_setpoint_error,6,VSCConverter/1/p_set_mw,-0.018403,1,0,0,0,0,0,0,0,0,0.000000000000,0,0.000000000000,1.821000,3.407875,6.158125,0.000000,0.000000000,0.000000000,0.000000,0.000000,physical-impact solve excluded above AC-bus budget
R1-12.47-2-ACDC,plausible_converter_setpoint_error,7,VSCConverter/1/p_set_mw,0.011982,1,0,0,0,0,0,0,0,0,0.000000000000,0,0.000000000000,1.835209,3.347583,6.230500,0.000000,0.000000000,0.000000000,0.000000,0.000000,physical-impact solve excluded above AC-bus budget
R1-12.47-2-ACDC,plausible_converter_setpoint_error,8,VSCConverter/1/p_set_mw,-0.007626,1,0,0,0,0,0,0,0,0,0.000000000000,0,0.000000000000,1.824291,3.344959,6.169458,0.000000,0.000000000,0.000000000,0.000000,0.000000,physical-impact solve excluded above AC-bus budget
R1-12.47-2-ACDC,plausible_converter_setpoint_error,9,VSCConverter/1/p_set_mw,-0.009026,1,0,0,0,0,0,0,0,0,0.000000000000,0,0.000000000000,1.825542,3.433291,6.184916,0.000000,0.000000000,0.000000000,0.000000,0.000000,physical-impact solve excluded above AC-bus budget
R1-12.47-2-ACDC,plausible_converter_setpoint_error,10,VSCConverter/1/p_set_mw,-0.014789,1,0,0,0,0,0,0,0,0,0.000000000000,0,0.000000000000,1.821209,3.338958,6.255334,0.000000,0.000000000,0.000000000,0.000000,0.000000,physical-impact solve excluded above AC-bus budget
R1-12.47-2-ACDC,plausible_converter_setpoint_error,11,VSCConverter/1/p_set_mw,-0.028292,1,0,0,0,0,0,0,0,0,0.000000000000,0,0.000000000000,1.830458,3.343542,6.169167,0.000000,0.000000000,0.000000000,0.000000,0.000000,physical-impact solve excluded above AC-bus budget
R1-12.47-2-ACDC,plausible_converter_setpoint_error,12,VSCConverter/1/p_set_mw,0.015219,1,0,0,0,0,0,0,0,0,0.000000000000,0,0.000000000000,1.821125,3.407041,6.178959,0.000000,0.000000000,0.000000000,0.000000,0.000000,physical-impact solve excluded above AC-bus budget
R1-12.47-2-ACDC,plausible_converter_setpoint_error,13,VSCConverter/1/p_set_mw,0.021885,1,0,0,0,0,0,0,0,0,0.000000000000,0,0.000000000000,1.822542,3.359667,6.239500,0.000000,0.000000000,0.000000000,0.000000,0.000000,physical-impact solve excluded above AC-bus budget
R1-12.47-2-ACDC,plausible_converter_setpoint_error,14,VSCConverter/1/p_set_mw,0.026401,1,0,0,0,0,0,0,0,0,0.000000000000,0,0.000000000000,1.819916,3.348125,6.153083,0.000000,0.000000000,0.000000000,0.000000,0.000000,physical-impact solve excluded above AC-bus budget
R1-12.47-2-ACDC,plausible_converter_setpoint_error,15,VSCConverter/1/p_set_mw,0.019341,1,0,0,0,0,0,0,0,0,0.000000000000,0,0.000000000000,1.886417,3.361500,6.109875,0.000000,0.000000000,0.000000000,0.000000,0.000000,physical-impact solve excluded above AC-bus budget
R1-12.47-2-ACDC,plausible_converter_setpoint_error,16,VSCConverter/1/p_set_mw,-0.018043,1,0,0,0,0,0,0,0,0,0.000000000000,0,0.000000000000,1.779083,3.286333,6.200834,0.000000,0.000000000,0.000000000,0.000000,0.000000,physical-impact solve excluded above AC-bus budget
R1-12.47-2-ACDC,plausible_converter_setpoint_error,17,VSCConverter/1/p_set_mw,0.016265,1,0,0,0,0,0,0,0,0,0.000000000000,0,0.000000000000,1.816209,3.326250,6.164958,0.000000,0.000000000,0.000000000,0.000000,0.000000,physical-impact solve excluded above AC-bus budget
R1-12.47-2-ACDC,plausible_converter_setpoint_error,18,VSCConverter/1/p_set_mw,-0.012233,1,0,0,0,0,0,0,0,0,0.000000000000,0,0.000000000000,1.897625,3.348792,6.159042,0.000000,0.000000000,0.000000000,0.000000,0.000000,physical-impact solve excluded above AC-bus budget
R1-12.47-2-ACDC,plausible_converter_setpoint_error,19,VSCConverter/1/p_set_mw,-0.011523,1,0,0,0,0,0,0,0,0,0.000000000000,0,0.000000000000,1.823291,3.351125,6.222583,0.000000,0.000000000,0.000000000,0.000000,0.000000,physical-impact solve excluded above AC-bus budget
R1-12.47-2-ACDC,plausible_converter_setpoint_error,20,VSCConverter/1/p_set_mw,-0.023160,1,0,0,0,0,0,0,0,0,0.000000000000,0,0.000000000000,1.827125,3.349917,6.252209,0.000000,0.000000000,0.000000000,0.000000,0.000000,physical-impact solve excluded above AC-bus budget
R1-12.47-2-ACDC,plausible_converter_setpoint_error,21,VSCConverter/1/p_set_mw,-0.013165,1,0,0,0,0,0,0,0,0,0.000000000000,0,0.000000000000,1.834708,3.346375,6.171541,0.000000,0.000000000,0.000000000,0.000000,0.000000,physical-impact solve excluded above AC-bus budget
R1-12.47-2-ACDC,plausible_converter_setpoint_error,22,VSCConverter/1/p_set_mw,0.008911,1,0,0,0,0,0,0,0,0,0.000000000000,0,0.000000000000,1.830125,3.413083,6.183709,0.000000,0.000000000,0.000000000,0.000000,0.000000,physical-impact solve excluded above AC-bus budget
R1-12.47-2-ACDC,plausible_converter_setpoint_error,23,VSCConverter/1/p_set_mw,0.024791,1,0,0,0,0,0,0,0,0,0.000000000000,0,0.000000000000,1.837375,3.350708,6.262542,0.000000,0.000000000,0.000000000,0.000000,0.000000,physical-impact solve excluded above AC-bus budget
R1-12.47-2-ACDC,plausible_converter_setpoint_error,24,VSCConverter/1/p_set_mw,0.007840,1,0,0,0,0,0,0,0,0,0.000000000000,0,0.000000000000,1.827541,3.345042,6.204834,0.000000,0.000000000,0.000000000,0.000000,0.000000,physical-impact solve excluded above AC-bus budget
R2-35.00-1-ACDC,valid_control,0,none,0.000000,1,0,0,0,0,0,0,0,0,0.000000000000,0,0.000000000000,3.416083,6.609666,11.292208,0.000000,0.000000000,0.000000000,0.000000,0.000000,physical-impact solve excluded above AC-bus budget
R2-35.00-1-ACDC,valid_control,1,none,0.000000,1,0,0,0,0,0,0,0,0,0.000000000000,0,0.000000000000,3.277417,6.455625,11.742666,0.000000,0.000000000,0.000000000,0.000000,0.000000,physical-impact solve excluded above AC-bus budget
R2-35.00-1-ACDC,valid_control,2,none,0.000000,1,0,0,0,0,0,0,0,0,0.000000000000,0,0.000000000000,3.313459,6.604834,11.665375,0.000000,0.000000000,0.000000000,0.000000,0.000000,physical-impact solve excluded above AC-bus budget
R2-35.00-1-ACDC,valid_control,3,none,0.000000,1,0,0,0,0,0,0,0,0,0.000000000000,0,0.000000000000,3.385542,6.537708,11.802750,0.000000,0.000000000,0.000000000,0.000000,0.000000,physical-impact solve excluded above AC-bus budget
R2-35.00-1-ACDC,valid_control,4,none,0.000000,1,0,0,0,0,0,0,0,0,0.000000000000,0,0.000000000000,3.329625,6.498625,11.728125,0.000000,0.000000000,0.000000000,0.000000,0.000000,physical-impact solve excluded above AC-bus budget
R2-35.00-1-ACDC,valid_control,5,none,0.000000,1,0,0,0,0,0,0,0,0,0.000000000000,0,0.000000000000,3.326250,6.605791,11.737750,0.000000,0.000000000,0.000000000,0.000000,0.000000,physical-impact solve excluded above AC-bus budget
R2-35.00-1-ACDC,valid_control,6,none,0.000000,1,0,0,0,0,0,0,0,0,0.000000000000,0,0.000000000000,3.330292,6.514292,11.733292,0.000000,0.000000000,0.000000000,0.000000,0.000000,physical-impact solve excluded above AC-bus budget
R2-35.00-1-ACDC,valid_control,7,none,0.000000,1,0,0,0,0,0,0,0,0,0.000000000000,0,0.000000000000,3.338333,6.871041,12.170458,0.000000,0.000000000,0.000000000,0.000000,0.000000,physical-impact solve excluded above AC-bus budget
R2-35.00-1-ACDC,valid_control,8,none,0.000000,1,0,0,0,0,0,0,0,0,0.000000000000,0,0.000000000000,3.247750,6.419792,11.715459,0.000000,0.000000000,0.000000000,0.000000,0.000000,physical-impact solve excluded above AC-bus budget
R2-35.00-1-ACDC,valid_control,9,none,0.000000,1,0,0,0,0,0,0,0,0,0.000000000000,0,0.000000000000,3.304125,6.479083,11.692833,0.000000,0.000000000,0.000000000,0.000000,0.000000,physical-impact solve excluded above AC-bus budget
R2-35.00-1-ACDC,valid_control,10,none,0.000000,1,0,0,0,0,0,0,0,0,0.000000000000,0,0.000000000000,3.306958,6.583917,11.652875,0.000000,0.000000000,0.000000000,0.000000,0.000000,physical-impact solve excluded above AC-bus budget
R2-35.00-1-ACDC,valid_control,11,none,0.000000,1,0,0,0,0,0,0,0,0,0.000000000000,0,0.000000000000,3.348333,6.580250,11.805958,0.000000,0.000000000,0.000000000,0.000000,0.000000,physical-impact solve excluded above AC-bus budget
R2-35.00-1-ACDC,valid_control,12,none,0.000000,1,0,0,0,0,0,0,0,0,0.000000000000,0,0.000000000000,3.313833,6.599542,12.130041,0.000000,0.000000000,0.000000000,0.000000,0.000000,physical-impact solve excluded above AC-bus budget
R2-35.00-1-ACDC,valid_control,13,none,0.000000,1,0,0,0,0,0,0,0,0,0.000000000000,0,0.000000000000,3.546750,6.445958,11.873750,0.000000,0.000000000,0.000000000,0.000000,0.000000,physical-impact solve excluded above AC-bus budget
R2-35.00-1-ACDC,valid_control,14,none,0.000000,1,0,0,0,0,0,0,0,0,0.000000000000,0,0.000000000000,3.494000,6.684084,12.111333,0.000000,0.000000000,0.000000000,0.000000,0.000000,physical-impact solve excluded above AC-bus budget
R2-35.00-1-ACDC,valid_control,15,none,0.000000,1,0,0,0,0,0,0,0,0,0.000000000000,0,0.000000000000,3.305792,6.653709,11.688208,0.000000,0.000000000,0.000000000,0.000000,0.000000,physical-impact solve excluded above AC-bus budget
R2-35.00-1-ACDC,valid_control,16,none,0.000000,1,0,0,0,0,0,0,0,0,0.000000000000,0,0.000000000000,3.381833,6.561250,11.751084,0.000000,0.000000000,0.000000000,0.000000,0.000000,physical-impact solve excluded above AC-bus budget
R2-35.00-1-ACDC,valid_control,17,none,0.000000,1,0,0,0,0,0,0,0,0,0.000000000000,0,0.000000000000,3.297791,6.528750,11.699958,0.000000,0.000000000,0.000000000,0.000000,0.000000,physical-impact solve excluded above AC-bus budget
R2-35.00-1-ACDC,valid_control,18,none,0.000000,1,0,0,0,0,0,0,0,0,0.000000000000,0,0.000000000000,3.294333,6.541542,11.657166,0.000000,0.000000000,0.000000000,0.000000,0.000000,physical-impact solve excluded above AC-bus budget
R2-35.00-1-ACDC,valid_control,19,none,0.000000,1,0,0,0,0,0,0,0,0,0.000000000000,0,0.000000000000,3.304916,6.119125,11.558333,0.000000,0.000000000,0.000000000,0.000000,0.000000,physical-impact solve excluded above AC-bus budget
R2-35.00-1-ACDC,valid_control,20,none,0.000000,1,0,0,0,0,0,0,0,0,0.000000000000,0,0.000000000000,3.293334,6.553292,11.624875,0.000000,0.000000000,0.000000000,0.000000,0.000000,physical-impact solve excluded above AC-bus budget
R2-35.00-1-ACDC,valid_control,21,none,0.000000,1,0,0,0,0,0,0,0,0,0.000000000000,0,0.000000000000,3.361416,6.490584,11.703333,0.000000,0.000000000,0.000000000,0.000000,0.000000,physical-impact solve excluded above AC-bus budget
R2-35.00-1-ACDC,valid_control,22,none,0.000000,1,0,0,0,0,0,0,0,0,0.000000000000,0,0.000000000000,3.295292,6.554333,11.735459,0.000000,0.000000000,0.000000000,0.000000,0.000000,physical-impact solve excluded above AC-bus budget
R2-35.00-1-ACDC,valid_control,23,none,0.000000,1,0,0,0,0,0,0,0,0,0.000000000000,0,0.000000000000,3.351542,6.579125,11.677333,0.000000,0.000000000,0.000000000,0.000000,0.000000,physical-impact solve excluded above AC-bus budget
R2-35.00-1-ACDC,valid_control,24,none,0.000000,1,0,0,0,0,0,0,0,0,0.000000000000,0,0.000000000000,3.360375,6.514042,11.221959,0.000000,0.000000000,0.000000000,0.000000,0.000000,physical-impact solve excluded above AC-bus budget
R2-35.00-1-ACDC,missing_vsc_ac_terminal,0,VSCConverter/1/bus_ac,0.000000,0,1,0,1,1,1,1,0,0,0.000000000000,0,0.000000000000,2.780459,6.424666,11.067333,0.000000,0.000000000,0.000000000,0.000000,0.000000,validation: 1 error(s): [VSCConverter/1/bus_ac] bus_ac 100929707 not found;; solver-only baseline excluded above structural-fault AC-bus budget
R2-35.00-1-ACDC,missing_vsc_ac_terminal,1,VSCConverter/1/bus_ac,0.000000,0,1,0,1,1,1,1,0,0,0.000000000000,0,0.000000000000,2.794458,6.513250,11.052583,0.000000,0.000000000,0.000000000,0.000000,0.000000,validation: 1 error(s): [VSCConverter/1/bus_ac] bus_ac 100988288 not found;; solver-only baseline excluded above structural-fault AC-bus budget
R2-35.00-1-ACDC,missing_vsc_ac_terminal,2,VSCConverter/2/bus_ac,0.000000,0,1,0,1,1,1,1,0,0,0.000000000000,0,0.000000000000,2.814541,6.526625,11.082166,0.000000,0.000000000,0.000000000,0.000000,0.000000,validation: 1 error(s): [VSCConverter/2/bus_ac] bus_ac 100482305 not found;; solver-only baseline excluded above structural-fault AC-bus budget
R2-35.00-1-ACDC,missing_vsc_ac_terminal,3,VSCConverter/2/bus_ac,0.000000,0,1,0,1,1,1,1,0,0,0.000000000000,0,0.000000000000,2.882083,6.489834,11.151791,0.000000,0.000000000,0.000000000,0.000000,0.000000,validation: 1 error(s): [VSCConverter/2/bus_ac] bus_ac 100914207 not found;; solver-only baseline excluded above structural-fault AC-bus budget
R2-35.00-1-ACDC,missing_vsc_ac_terminal,4,VSCConverter/2/bus_ac,0.000000,0,1,0,1,1,1,1,0,0,0.000000000000,0,0.000000000000,2.808084,6.507667,11.263500,0.000000,0.000000000,0.000000000,0.000000,0.000000,validation: 1 error(s): [VSCConverter/2/bus_ac] bus_ac 100004423 not found;; solver-only baseline excluded above structural-fault AC-bus budget
R2-35.00-1-ACDC,missing_vsc_ac_terminal,5,VSCConverter/1/bus_ac,0.000000,0,1,0,1,1,1,1,0,0,0.000000000000,0,0.000000000000,2.809333,6.496041,11.201000,0.000000,0.000000000,0.000000000,0.000000,0.000000,validation: 1 error(s): [VSCConverter/1/bus_ac] bus_ac 100680667 not found;; solver-only baseline excluded above structural-fault AC-bus budget
R2-35.00-1-ACDC,missing_vsc_ac_terminal,6,VSCConverter/2/bus_ac,0.000000,0,1,0,1,1,1,1,0,0,0.000000000000,0,0.000000000000,2.814458,6.427250,11.027875,0.000000,0.000000000,0.000000000,0.000000,0.000000,validation: 1 error(s): [VSCConverter/2/bus_ac] bus_ac 100180219 not found;; solver-only baseline excluded above structural-fault AC-bus budget
R2-35.00-1-ACDC,missing_vsc_ac_terminal,7,VSCConverter/1/bus_ac,0.000000,0,1,0,1,1,1,1,0,0,0.000000000000,0,0.000000000000,2.845500,6.528458,11.172917,0.000000,0.000000000,0.000000000,0.000000,0.000000,validation: 1 error(s): [VSCConverter/1/bus_ac] bus_ac 100580272 not found;; solver-only baseline excluded above structural-fault AC-bus budget
R2-35.00-1-ACDC,missing_vsc_ac_terminal,8,VSCConverter/1/bus_ac,0.000000,0,1,0,1,1,1,1,0,0,0.000000000000,0,0.000000000000,2.820000,6.503125,11.167542,0.000000,0.000000000,0.000000000,0.000000,0.000000,validation: 1 error(s): [VSCConverter/1/bus_ac] bus_ac 100318296 not found;; solver-only baseline excluded above structural-fault AC-bus budget
R2-35.00-1-ACDC,missing_vsc_ac_terminal,9,VSCConverter/1/bus_ac,0.000000,0,1,0,1,1,1,1,0,0,0.000000000000,0,0.000000000000,2.819125,6.507625,11.223458,0.000000,0.000000000,0.000000000,0.000000,0.000000,validation: 1 error(s): [VSCConverter/1/bus_ac] bus_ac 100132280 not found;; solver-only baseline excluded above structural-fault AC-bus budget
R2-35.00-1-ACDC,missing_vsc_ac_terminal,10,VSCConverter/2/bus_ac,0.000000,0,1,0,1,1,1,1,0,0,0.000000000000,0,0.000000000000,2.832458,6.603125,11.120083,0.000000,0.000000000,0.000000000,0.000000,0.000000,validation: 1 error(s): [VSCConverter/2/bus_ac] bus_ac 100375304 not found;; solver-only baseline excluded above structural-fault AC-bus budget
R2-35.00-1-ACDC,missing_vsc_ac_terminal,11,VSCConverter/1/bus_ac,0.000000,0,1,0,1,1,1,1,0,0,0.000000000000,0,0.000000000000,2.814375,6.596042,11.185791,0.000000,0.000000000,0.000000000,0.000000,0.000000,validation: 1 error(s): [VSCConverter/1/bus_ac] bus_ac 100688012 not found;; solver-only baseline excluded above structural-fault AC-bus budget
R2-35.00-1-ACDC,missing_vsc_ac_terminal,12,VSCConverter/2/bus_ac,0.000000,0,1,0,1,1,1,1,0,0,0.000000000000,0,0.000000000000,2.841041,6.527084,11.208625,0.000000,0.000000000,0.000000000,0.000000,0.000000,validation: 1 error(s): [VSCConverter/2/bus_ac] bus_ac 100218361 not found;; solver-only baseline excluded above structural-fault AC-bus budget
R2-35.00-1-ACDC,missing_vsc_ac_terminal,13,VSCConverter/1/bus_ac,0.000000,0,1,0,1,1,1,1,0,0,0.000000000000,0,0.000000000000,2.818542,6.519667,10.800250,0.000000,0.000000000,0.000000000,0.000000,0.000000,validation: 1 error(s): [VSCConverter/1/bus_ac] bus_ac 100855792 not found;; solver-only baseline excluded above structural-fault AC-bus budget
R2-35.00-1-ACDC,missing_vsc_ac_terminal,14,VSCConverter/1/bus_ac,0.000000,0,1,0,1,1,1,1,0,0,0.000000000000,0,0.000000000000,2.766833,6.524167,11.061042,0.000000,0.000000000,0.000000000,0.000000,0.000000,validation: 1 error(s): [VSCConverter/1/bus_ac] bus_ac 100128270 not found;; solver-only baseline excluded above structural-fault AC-bus budget
R2-35.00-1-ACDC,missing_vsc_ac_terminal,15,VSCConverter/2/bus_ac,0.000000,0,1,0,1,1,1,1,0,0,0.000000000000,0,0.000000000000,2.807709,6.554792,11.057208,0.000000,0.000000000,0.000000000,0.000000,0.000000,validation: 1 error(s): [VSCConverter/2/bus_ac] bus_ac 100406664 not found;; solver-only baseline excluded above structural-fault AC-bus budget
R2-35.00-1-ACDC,missing_vsc_ac_terminal,16,VSCConverter/2/bus_ac,0.000000,0,1,0,1,1,1,1,0,0,0.000000000000,0,0.000000000000,2.895417,6.490583,11.153167,0.000000,0.000000000,0.000000000,0.000000,0.000000,validation: 1 error(s): [VSCConverter/2/bus_ac] bus_ac 100039737 not found;; solver-only baseline excluded above structural-fault AC-bus budget
R2-35.00-1-ACDC,missing_vsc_ac_terminal,17,VSCConverter/1/bus_ac,0.000000,0,1,0,1,1,1,1,0,0,0.000000000000,0,0.000000000000,2.809291,6.465250,11.151458,0.000000,0.000000000,0.000000000,0.000000,0.000000,validation: 1 error(s): [VSCConverter/1/bus_ac] bus_ac 100267428 not found;; solver-only baseline excluded above structural-fault AC-bus budget
R2-35.00-1-ACDC,missing_vsc_ac_terminal,18,VSCConverter/1/bus_ac,0.000000,0,1,0,1,1,1,1,0,0,0.000000000000,0,0.000000000000,2.807083,6.470667,11.153792,0.000000,0.000000000,0.000000000,0.000000,0.000000,validation: 1 error(s): [VSCConverter/1/bus_ac] bus_ac 100803701 not found;; solver-only baseline excluded above structural-fault AC-bus budget
R2-35.00-1-ACDC,missing_vsc_ac_terminal,19,VSCConverter/2/bus_ac,0.000000,0,1,0,1,1,1,1,0,0,0.000000000000,0,0.000000000000,2.810583,6.555666,10.650208,0.000000,0.000000000,0.000000000,0.000000,0.000000,validation: 1 error(s): [VSCConverter/2/bus_ac] bus_ac 100638575 not found;; solver-only baseline excluded above structural-fault AC-bus budget
R2-35.00-1-ACDC,missing_vsc_ac_terminal,20,VSCConverter/2/bus_ac,0.000000,0,1,0,1,1,1,1,0,0,0.000000000000,0,0.000000000000,2.860667,6.477500,11.111125,0.000000,0.000000000,0.000000000,0.000000,0.000000,validation: 1 error(s): [VSCConverter/2/bus_ac] bus_ac 100180977 not found;; solver-only baseline excluded above structural-fault AC-bus budget
R2-35.00-1-ACDC,missing_vsc_ac_terminal,21,VSCConverter/2/bus_ac,0.000000,0,1,0,1,1,1,1,0,0,0.000000000000,0,0.000000000000,2.827417,6.492541,11.132334,0.000000,0.000000000,0.000000000,0.000000,0.000000,validation: 1 error(s): [VSCConverter/2/bus_ac] bus_ac 100686523 not found;; solver-only baseline excluded above structural-fault AC-bus budget
R2-35.00-1-ACDC,missing_vsc_ac_terminal,22,VSCConverter/2/bus_ac,0.000000,0,1,0,1,1,1,1,0,0,0.000000000000,0,0.000000000000,2.811375,6.484792,11.200917,0.000000,0.000000000,0.000000000,0.000000,0.000000,validation: 1 error(s): [VSCConverter/2/bus_ac] bus_ac 100076356 not found;; solver-only baseline excluded above structural-fault AC-bus budget
R2-35.00-1-ACDC,missing_vsc_ac_terminal,23,VSCConverter/2/bus_ac,0.000000,0,1,0,1,1,1,1,0,0,0.000000000000,0,0.000000000000,2.811166,6.576833,11.131333,0.000000,0.000000000,0.000000000,0.000000,0.000000,validation: 1 error(s): [VSCConverter/2/bus_ac] bus_ac 100123667 not found;; solver-only baseline excluded above structural-fault AC-bus budget
R2-35.00-1-ACDC,missing_vsc_ac_terminal,24,VSCConverter/2/bus_ac,0.000000,0,1,0,1,1,1,1,0,0,0.000000000000,0,0.000000000000,2.807084,6.594125,11.152750,0.000000,0.000000000,0.000000000,0.000000,0.000000,validation: 1 error(s): [VSCConverter/2/bus_ac] bus_ac 100000604 not found;; solver-only baseline excluded above structural-fault AC-bus budget
R2-35.00-1-ACDC,missing_vsc_dc_terminal,0,VSCConverter/1/bus_dc,0.000000,0,1,0,1,1,1,1,0,0,0.000000000000,0,0.000000000000,2.930292,6.527542,11.183667,0.000000,0.000000000,0.000000000,0.000000,0.000000,validation: 1 error(s): [VSCConverter/1/bus_dc] bus_dc 200361668 not found;; solver-only baseline excluded above structural-fault AC-bus budget
R2-35.00-1-ACDC,missing_vsc_dc_terminal,1,VSCConverter/1/bus_dc,0.000000,0,1,0,1,1,1,1,0,0,0.000000000000,0,0.000000000000,2.809416,6.233750,10.901459,0.000000,0.000000000,0.000000000,0.000000,0.000000,validation: 1 error(s): [VSCConverter/1/bus_dc] bus_dc 200545559 not found;; solver-only baseline excluded above structural-fault AC-bus budget
R2-35.00-1-ACDC,missing_vsc_dc_terminal,2,VSCConverter/2/bus_dc,0.000000,0,1,0,1,1,1,1,0,0,0.000000000000,0,0.000000000000,2.784917,6.472834,11.021208,0.000000,0.000000000,0.000000000,0.000000,0.000000,"validation: 1 error(s), 1 warning(s): [DCBus/2/bus_type] DC voltage-reference bus 2 has no in-service physical balancing device. It will be treated as an ideal bidirectional DC voltage boundary; add controllable DC storage, a DC-voltage-forming VSC/LCC, or a voltage-forming DC/DC converter when a physical boundary model is required.; [VSCConverter/2/bus_dc] bus_dc 200692057 not found;; solver-only baseline excluded above structural-fault AC-bus budget"
R2-35.00-1-ACDC,missing_vsc_dc_terminal,3,VSCConverter/1/bus_dc,0.000000,0,1,0,1,1,1,1,0,0,0.000000000000,0,0.000000000000,2.803708,6.518792,11.039875,0.000000,0.000000000,0.000000000,0.000000,0.000000,validation: 1 error(s): [VSCConverter/1/bus_dc] bus_dc 200391675 not found;; solver-only baseline excluded above structural-fault AC-bus budget
R2-35.00-1-ACDC,missing_vsc_dc_terminal,4,VSCConverter/2/bus_dc,0.000000,0,1,0,1,1,1,1,0,0,0.000000000000,0,0.000000000000,2.870791,6.493500,11.105875,0.000000,0.000000000,0.000000000,0.000000,0.000000,"validation: 1 error(s), 1 warning(s): [DCBus/2/bus_type] DC voltage-reference bus 2 has no in-service physical balancing device. It will be treated as an ideal bidirectional DC voltage boundary; add controllable DC storage, a DC-voltage-forming VSC/LCC, or a voltage-forming DC/DC converter when a physical boundary model is required.; [VSCConverter/2/bus_dc] bus_dc 200589191 not found;; solver-only baseline excluded above structural-fault AC-bus budget"
R2-35.00-1-ACDC,missing_vsc_dc_terminal,5,VSCConverter/2/bus_dc,0.000000,0,1,0,1,1,1,1,0,0,0.000000000000,0,0.000000000000,2.816041,6.481250,11.181541,0.000000,0.000000000,0.000000000,0.000000,0.000000,"validation: 1 error(s), 1 warning(s): [DCBus/2/bus_type] DC voltage-reference bus 2 has no in-service physical balancing device. It will be treated as an ideal bidirectional DC voltage boundary; add controllable DC storage, a DC-voltage-forming VSC/LCC, or a voltage-forming DC/DC converter when a physical boundary model is required.; [VSCConverter/2/bus_dc] bus_dc 200701553 not found;; solver-only baseline excluded above structural-fault AC-bus budget"
R2-35.00-1-ACDC,missing_vsc_dc_terminal,6,VSCConverter/1/bus_dc,0.000000,0,1,0,1,1,1,1,0,0,0.000000000000,0,0.000000000000,2.807375,6.469958,10.744875,0.000000,0.000000000,0.000000000,0.000000,0.000000,validation: 1 error(s): [VSCConverter/1/bus_dc] bus_dc 200053110 not found;; solver-only baseline excluded above structural-fault AC-bus budget
R2-35.00-1-ACDC,missing_vsc_dc_terminal,7,VSCConverter/1/bus_dc,0.000000,0,1,0,1,1,1,1,0,0,0.000000000000,0,0.000000000000,2.761625,6.477000,10.987625,0.000000,0.000000000,0.000000000,0.000000,0.000000,validation: 1 error(s): [VSCConverter/1/bus_dc] bus_dc 200757872 not found;; solver-only baseline excluded above structural-fault AC-bus budget
R2-35.00-1-ACDC,missing_vsc_dc_terminal,8,VSCConverter/1/bus_dc,0.000000,0,1,0,1,1,1,1,0,0,0.000000000000,0,0.000000000000,2.800584,6.505791,11.104583,0.000000,0.000000000,0.000000000,0.000000,0.000000,validation: 1 error(s): [VSCConverter/1/bus_dc] bus_dc 200904648 not found;; solver-only baseline excluded above structural-fault AC-bus budget
R2-35.00-1-ACDC,missing_vsc_dc_terminal,9,VSCConverter/2/bus_dc,0.000000,0,1,0,1,1,1,1,0,0,0.000000000000,0,0.000000000000,2.829958,6.473375,11.160625,0.000000,0.000000000,0.000000000,0.000000,0.000000,"validation: 1 error(s), 1 warning(s): [DCBus/2/bus_type] DC voltage-reference bus 2 has no in-service physical balancing device. It will be treated as an ideal bidirectional DC voltage boundary; add controllable DC storage, a DC-voltage-forming VSC/LCC, or a voltage-forming DC/DC converter when a physical boundary model is required.; [VSCConverter/2/bus_dc] bus_dc 200724045 not found;; solver-only baseline excluded above structural-fault AC-bus budget"
R2-35.00-1-ACDC,missing_vsc_dc_terminal,10,VSCConverter/2/bus_dc,0.000000,0,1,0,1,1,1,1,0,0,0.000000000000,0,0.000000000000,2.807792,6.481333,11.189584,0.000000,0.000000000,0.000000000,0.000000,0.000000,"validation: 1 error(s), 1 warning(s): [DCBus/2/bus_type] DC voltage-reference bus 2 has no in-service physical balancing device. It will be treated as an ideal bidirectional DC voltage boundary; add controllable DC storage, a DC-voltage-forming VSC/LCC, or a voltage-forming DC/DC converter when a physical boundary model is required.; [VSCConverter/2/bus_dc] bus_dc 200522234 not found;; solver-only baseline excluded above structural-fault AC-bus budget"
R2-35.00-1-ACDC,missing_vsc_dc_terminal,11,VSCConverter/1/bus_dc,0.000000,0,1,0,1,1,1,1,0,0,0.000000000000,0,0.000000000000,2.808583,6.552625,11.129333,0.000000,0.000000000,0.000000000,0.000000,0.000000,validation: 1 error(s): [VSCConverter/1/bus_dc] bus_dc 200866956 not found;; solver-only baseline excluded above structural-fault AC-bus budget
R2-35.00-1-ACDC,missing_vsc_dc_terminal,12,VSCConverter/1/bus_dc,0.000000,0,1,0,1,1,1,1,0,0,0.000000000000,0,0.000000000000,2.804917,6.648917,11.146042,0.000000,0.000000000,0.000000000,0.000000,0.000000,validation: 1 error(s): [VSCConverter/1/bus_dc] bus_dc 200916507 not found;; solver-only baseline excluded above structural-fault AC-bus budget
R2-35.00-1-ACDC,missing_vsc_dc_terminal,13,VSCConverter/1/bus_dc,0.000000,0,1,0,1,1,1,1,0,0,0.000000000000,0,0.000000000000,2.891208,6.489417,11.153583,0.000000,0.000000000,0.000000000,0.000000,0.000000,validation: 1 error(s): [VSCConverter/1/bus_dc] bus_dc 200472487 not found;; solver-only baseline excluded above structural-fault AC-bus budget
R2-35.00-1-ACDC,missing_vsc_dc_terminal,14,VSCConverter/2/bus_dc,0.000000,0,1,0,1,1,1,1,0,0,0.000000000000,0,0.000000000000,2.564833,6.277500,11.029459,0.000000,0.000000000,0.000000000,0.000000,0.000000,"validation: 1 error(s), 1 warning(s): [DCBus/2/bus_type] DC voltage-reference bus 2 has no in-service physical balancing device. It will be treated as an ideal bidirectional DC voltage boundary; add controllable DC storage, a DC-voltage-forming VSC/LCC, or a voltage-forming DC/DC converter when a physical boundary model is required.; [VSCConverter/2/bus_dc] bus_dc 200974179 not found;; solver-only baseline excluded above structural-fault AC-bus budget"
R2-35.00-1-ACDC,missing_vsc_dc_terminal,15,VSCConverter/1/bus_dc,0.000000,0,1,0,1,1,1,1,0,0,0.000000000000,0,0.000000000000,2.790958,6.461375,11.135750,0.000000,0.000000000,0.000000000,0.000000,0.000000,validation: 1 error(s): [VSCConverter/1/bus_dc] bus_dc 200940699 not found;; solver-only baseline excluded above structural-fault AC-bus budget
R2-35.00-1-ACDC,missing_vsc_dc_terminal,16,VSCConverter/1/bus_dc,0.000000,0,1,0,1,1,1,1,0,0,0.000000000000,0,0.000000000000,2.797625,6.549667,11.068334,0.000000,0.000000000,0.000000000,0.000000,0.000000,validation: 1 error(s): [VSCConverter/1/bus_dc] bus_dc 200998222 not found;; solver-only baseline excluded above structural-fault AC-bus budget
R2-35.00-1-ACDC,missing_vsc_dc_terminal,17,VSCConverter/2/bus_dc,0.000000,0,1,0,1,1,1,1,0,0,0.000000000000,0,0.000000000000,2.890250,6.480834,11.134667,0.000000,0.000000000,0.000000000,0.000000,0.000000,"validation: 1 error(s), 1 warning(s): [DCBus/2/bus_type] DC voltage-reference bus 2 has no in-service physical balancing device. It will be treated as an ideal bidirectional DC voltage boundary; add controllable DC storage, a DC-voltage-forming VSC/LCC, or a voltage-forming DC/DC converter when a physical boundary model is required.; [VSCConverter/2/bus_dc] bus_dc 200987553 not found;; solver-only baseline excluded above structural-fault AC-bus budget"
R2-35.00-1-ACDC,missing_vsc_dc_terminal,18,VSCConverter/1/bus_dc,0.000000,0,1,0,1,1,1,1,0,0,0.000000000000,0,0.000000000000,2.842166,6.493792,11.137250,0.000000,0.000000000,0.000000000,0.000000,0.000000,validation: 1 error(s): [VSCConverter/1/bus_dc] bus_dc 200885591 not found;; solver-only baseline excluded above structural-fault AC-bus budget
R2-35.00-1-ACDC,missing_vsc_dc_terminal,19,VSCConverter/1/bus_dc,0.000000,0,1,0,1,1,1,1,0,0,0.000000000000,0,0.000000000000,2.817000,6.505416,11.164666,0.000000,0.000000000,0.000000000,0.000000,0.000000,validation: 1 error(s): [VSCConverter/1/bus_dc] bus_dc 200824356 not found;; solver-only baseline excluded above structural-fault AC-bus budget
R2-35.00-1-ACDC,missing_vsc_dc_terminal,20,VSCConverter/2/bus_dc,0.000000,0,1,0,1,1,1,1,0,0,0.000000000000,0,0.000000000000,2.821792,6.557917,11.129709,0.000000,0.000000000,0.000000000,0.000000,0.000000,"validation: 1 error(s), 1 warning(s): [DCBus/2/bus_type] DC voltage-reference bus 2 has no in-service physical balancing device. It will be treated as an ideal bidirectional DC voltage boundary; add controllable DC storage, a DC-voltage-forming VSC/LCC, or a voltage-forming DC/DC converter when a physical boundary model is required.; [VSCConverter/2/bus_dc] bus_dc 200032420 not found;; solver-only baseline excluded above structural-fault AC-bus budget"
R2-35.00-1-ACDC,missing_vsc_dc_terminal,21,VSCConverter/2/bus_dc,0.000000,0,1,0,1,1,1,1,0,0,0.000000000000,0,0.000000000000,2.814709,6.368167,10.813750,0.000000,0.000000000,0.000000000,0.000000,0.000000,"validation: 1 error(s), 1 warning(s): [DCBus/2/bus_type] DC voltage-reference bus 2 has no in-service physical balancing device. It will be treated as an ideal bidirectional DC voltage boundary; add controllable DC storage, a DC-voltage-forming VSC/LCC, or a voltage-forming DC/DC converter when a physical boundary model is required.; [VSCConverter/2/bus_dc] bus_dc 200637771 not found;; solver-only baseline excluded above structural-fault AC-bus budget"
R2-35.00-1-ACDC,missing_vsc_dc_terminal,22,VSCConverter/1/bus_dc,0.000000,0,1,0,1,1,1,1,0,0,0.000000000000,0,0.000000000000,2.791708,6.443250,11.096041,0.000000,0.000000000,0.000000000,0.000000,0.000000,validation: 1 error(s): [VSCConverter/1/bus_dc] bus_dc 200065302 not found;; solver-only baseline excluded above structural-fault AC-bus budget
R2-35.00-1-ACDC,missing_vsc_dc_terminal,23,VSCConverter/2/bus_dc,0.000000,0,1,0,1,1,1,1,0,0,0.000000000000,0,0.000000000000,2.791084,6.490417,11.138542,0.000000,0.000000000,0.000000000,0.000000,0.000000,"validation: 1 error(s), 1 warning(s): [DCBus/2/bus_type] DC voltage-reference bus 2 has no in-service physical balancing device. It will be treated as an ideal bidirectional DC voltage boundary; add controllable DC storage, a DC-voltage-forming VSC/LCC, or a voltage-forming DC/DC converter when a physical boundary model is required.; [VSCConverter/2/bus_dc] bus_dc 200397216 not found;; solver-only baseline excluded above structural-fault AC-bus budget"
R2-35.00-1-ACDC,missing_vsc_dc_terminal,24,VSCConverter/1/bus_dc,0.000000,0,1,0,1,1,1,1,0,0,0.000000000000,0,0.000000000000,2.790250,6.565000,11.072666,0.000000,0.000000000,0.000000000,0.000000,0.000000,validation: 1 error(s): [VSCConverter/1/bus_dc] bus_dc 200851980 not found;; solver-only baseline excluded above structural-fault AC-bus budget
R2-35.00-1-ACDC,missing_ac_reference,0,ACSystem/reference,0.000000,0,1,0,1,1,1,1,0,0,0.000000000000,0,0.000000000000,3.185000,6.563208,11.457625,0.000000,0.000000000,0.000000000,0.000000,0.000000,"validation: 1 error(s), 1 warning(s): [ACSystem] No slack bus found (BusType::SLACK or Generator::is_slack); [ACSystem/connectivity] AC island 0 (1978 buses) contains no slack bus;; solver-only baseline excluded above structural-fault AC-bus budget"
R2-35.00-1-ACDC,missing_ac_reference,1,ACSystem/reference,0.000000,0,1,0,1,1,1,1,0,0,0.000000000000,0,0.000000000000,3.249834,6.502625,11.113917,0.000000,0.000000000,0.000000000,0.000000,0.000000,"validation: 1 error(s), 1 warning(s): [ACSystem] No slack bus found (BusType::SLACK or Generator::is_slack); [ACSystem/connectivity] AC island 0 (1978 buses) contains no slack bus;; solver-only baseline excluded above structural-fault AC-bus budget"
R2-35.00-1-ACDC,missing_ac_reference,2,ACSystem/reference,0.000000,0,1,0,1,1,1,1,0,0,0.000000000000,0,0.000000000000,3.150750,6.431458,11.480792,0.000000,0.000000000,0.000000000,0.000000,0.000000,"validation: 1 error(s), 1 warning(s): [ACSystem] No slack bus found (BusType::SLACK or Generator::is_slack); [ACSystem/connectivity] AC island 0 (1978 buses) contains no slack bus;; solver-only baseline excluded above structural-fault AC-bus budget"
R2-35.00-1-ACDC,missing_ac_reference,3,ACSystem/reference,0.000000,0,1,0,1,1,1,1,0,0,0.000000000000,0,0.000000000000,3.211542,6.572667,11.475542,0.000000,0.000000000,0.000000000,0.000000,0.000000,"validation: 1 error(s), 1 warning(s): [ACSystem] No slack bus found (BusType::SLACK or Generator::is_slack); [ACSystem/connectivity] AC island 0 (1978 buses) contains no slack bus;; solver-only baseline excluded above structural-fault AC-bus budget"
R2-35.00-1-ACDC,missing_ac_reference,4,ACSystem/reference,0.000000,0,1,0,1,1,1,1,0,0,0.000000000000,0,0.000000000000,3.174292,6.575958,11.561208,0.000000,0.000000000,0.000000000,0.000000,0.000000,"validation: 1 error(s), 1 warning(s): [ACSystem] No slack bus found (BusType::SLACK or Generator::is_slack); [ACSystem/connectivity] AC island 0 (1978 buses) contains no slack bus;; solver-only baseline excluded above structural-fault AC-bus budget"
R2-35.00-1-ACDC,missing_ac_reference,5,ACSystem/reference,0.000000,0,1,0,1,1,1,1,0,0,0.000000000000,0,0.000000000000,3.175292,6.560875,11.547625,0.000000,0.000000000,0.000000000,0.000000,0.000000,"validation: 1 error(s), 1 warning(s): [ACSystem] No slack bus found (BusType::SLACK or Generator::is_slack); [ACSystem/connectivity] AC island 0 (1978 buses) contains no slack bus;; solver-only baseline excluded above structural-fault AC-bus budget"
R2-35.00-1-ACDC,missing_ac_reference,6,ACSystem/reference,0.000000,0,1,0,1,1,1,1,0,0,0.000000000000,0,0.000000000000,3.174167,6.511500,11.537125,0.000000,0.000000000,0.000000000,0.000000,0.000000,"validation: 1 error(s), 1 warning(s): [ACSystem] No slack bus found (BusType::SLACK or Generator::is_slack); [ACSystem/connectivity] AC island 0 (1978 buses) contains no slack bus;; solver-only baseline excluded above structural-fault AC-bus budget"
R2-35.00-1-ACDC,missing_ac_reference,7,ACSystem/reference,0.000000,0,1,0,1,1,1,1,0,0,0.000000000000,0,0.000000000000,3.177917,6.564417,11.496625,0.000000,0.000000000,0.000000000,0.000000,0.000000,"validation: 1 error(s), 1 warning(s): [ACSystem] No slack bus found (BusType::SLACK or Generator::is_slack); [ACSystem/connectivity] AC island 0 (1978 buses) contains no slack bus;; solver-only baseline excluded above structural-fault AC-bus budget"
R2-35.00-1-ACDC,missing_ac_reference,8,ACSystem/reference,0.000000,0,1,0,1,1,1,1,0,0,0.000000000000,0,0.000000000000,3.254709,6.113875,11.273000,0.000000,0.000000000,0.000000000,0.000000,0.000000,"validation: 1 error(s), 1 warning(s): [ACSystem] No slack bus found (BusType::SLACK or Generator::is_slack); [ACSystem/connectivity] AC island 0 (1978 buses) contains no slack bus;; solver-only baseline excluded above structural-fault AC-bus budget"
R2-35.00-1-ACDC,missing_ac_reference,9,ACSystem/reference,0.000000,0,1,0,1,1,1,1,0,0,0.000000000000,0,0.000000000000,3.143458,6.409042,11.457250,0.000000,0.000000000,0.000000000,0.000000,0.000000,"validation: 1 error(s), 1 warning(s): [ACSystem] No slack bus found (BusType::SLACK or Generator::is_slack); [ACSystem/connectivity] AC island 0 (1978 buses) contains no slack bus;; solver-only baseline excluded above structural-fault AC-bus budget"
R2-35.00-1-ACDC,missing_ac_reference,10,ACSystem/reference,0.000000,0,1,0,1,1,1,1,0,0,0.000000000000,0,0.000000000000,3.164750,6.480042,11.466500,0.000000,0.000000000,0.000000000,0.000000,0.000000,"validation: 1 error(s), 1 warning(s): [ACSystem] No slack bus found (BusType::SLACK or Generator::is_slack); [ACSystem/connectivity] AC island 0 (1978 buses) contains no slack bus;; solver-only baseline excluded above structural-fault AC-bus budget"
R2-35.00-1-ACDC,missing_ac_reference,11,ACSystem/reference,0.000000,0,1,0,1,1,1,1,0,0,0.000000000000,0,0.000000000000,3.167417,6.536375,11.418166,0.000000,0.000000000,0.000000000,0.000000,0.000000,"validation: 1 error(s), 1 warning(s): [ACSystem] No slack bus found (BusType::SLACK or Generator::is_slack); [ACSystem/connectivity] AC island 0 (1978 buses) contains no slack bus;; solver-only baseline excluded above structural-fault AC-bus budget"
R2-35.00-1-ACDC,missing_ac_reference,12,ACSystem/reference,0.000000,0,1,0,1,1,1,1,0,0,0.000000000000,0,0.000000000000,3.242750,6.479084,11.501542,0.000000,0.000000000,0.000000000,0.000000,0.000000,"validation: 1 error(s), 1 warning(s): [ACSystem] No slack bus found (BusType::SLACK or Generator::is_slack); [ACSystem/connectivity] AC island 0 (1978 buses) contains no slack bus;; solver-only baseline excluded above structural-fault AC-bus budget"
R2-35.00-1-ACDC,missing_ac_reference,13,ACSystem/reference,0.000000,0,1,0,1,1,1,1,0,0,0.000000000000,0,0.000000000000,3.163541,6.489000,11.455917,0.000000,0.000000000,0.000000000,0.000000,0.000000,"validation: 1 error(s), 1 warning(s): [ACSystem] No slack bus found (BusType::SLACK or Generator::is_slack); [ACSystem/connectivity] AC island 0 (1978 buses) contains no slack bus;; solver-only baseline excluded above structural-fault AC-bus budget"
R2-35.00-1-ACDC,missing_ac_reference,14,ACSystem/reference,0.000000,0,1,0,1,1,1,1,0,0,0.000000000000,0,0.000000000000,3.018625,6.475625,11.392250,0.000000,0.000000000,0.000000000,0.000000,0.000000,"validation: 1 error(s), 1 warning(s): [ACSystem] No slack bus found (BusType::SLACK or Generator::is_slack); [ACSystem/connectivity] AC island 0 (1978 buses) contains no slack bus;; solver-only baseline excluded above structural-fault AC-bus budget"
R2-35.00-1-ACDC,missing_ac_reference,15,ACSystem/reference,0.000000,0,1,0,1,1,1,1,0,0,0.000000000000,0,0.000000000000,3.163584,6.553250,11.498292,0.000000,0.000000000,0.000000000,0.000000,0.000000,"validation: 1 error(s), 1 warning(s): [ACSystem] No slack bus found (BusType::SLACK or Generator::is_slack); [ACSystem/connectivity] AC island 0 (1978 buses) contains no slack bus;; solver-only baseline excluded above structural-fault AC-bus budget"
R2-35.00-1-ACDC,missing_ac_reference,16,ACSystem/reference,0.000000,0,1,0,1,1,1,1,0,0,0.000000000000,0,0.000000000000,3.167833,6.499084,11.491125,0.000000,0.000000000,0.000000000,0.000000,0.000000,"validation: 1 error(s), 1 warning(s): [ACSystem] No slack bus found (BusType::SLACK or Generator::is_slack); [ACSystem/connectivity] AC island 0 (1978 buses) contains no slack bus;; solver-only baseline excluded above structural-fault AC-bus budget"
R2-35.00-1-ACDC,missing_ac_reference,17,ACSystem/reference,0.000000,0,1,0,1,1,1,1,0,0,0.000000000000,0,0.000000000000,3.212917,6.496584,11.544542,0.000000,0.000000000,0.000000000,0.000000,0.000000,"validation: 1 error(s), 1 warning(s): [ACSystem] No slack bus found (BusType::SLACK or Generator::is_slack); [ACSystem/connectivity] AC island 0 (1978 buses) contains no slack bus;; solver-only baseline excluded above structural-fault AC-bus budget"
R2-35.00-1-ACDC,missing_ac_reference,18,ACSystem/reference,0.000000,0,1,0,1,1,1,1,0,0,0.000000000000,0,0.000000000000,3.186125,6.585625,11.487083,0.000000,0.000000000,0.000000000,0.000000,0.000000,"validation: 1 error(s), 1 warning(s): [ACSystem] No slack bus found (BusType::SLACK or Generator::is_slack); [ACSystem/connectivity] AC island 0 (1978 buses) contains no slack bus;; solver-only baseline excluded above structural-fault AC-bus budget"
R2-35.00-1-ACDC,missing_ac_reference,19,ACSystem/reference,0.000000,0,1,0,1,1,1,1,0,0,0.000000000000,0,0.000000000000,3.262916,6.500750,11.578458,0.000000,0.000000000,0.000000000,0.000000,0.000000,"validation: 1 error(s), 1 warning(s): [ACSystem] No slack bus found (BusType::SLACK or Generator::is_slack); [ACSystem/connectivity] AC island 0 (1978 buses) contains no slack bus;; solver-only baseline excluded above structural-fault AC-bus budget"
R2-35.00-1-ACDC,missing_ac_reference,20,ACSystem/reference,0.000000,0,1,0,1,1,1,1,0,0,0.000000000000,0,0.000000000000,3.185584,6.503166,11.217750,0.000000,0.000000000,0.000000000,0.000000,0.000000,"validation: 1 error(s), 1 warning(s): [ACSystem] No slack bus found (BusType::SLACK or Generator::is_slack); [ACSystem/connectivity] AC island 0 (1978 buses) contains no slack bus;; solver-only baseline excluded above structural-fault AC-bus budget"
R2-35.00-1-ACDC,missing_ac_reference,21,ACSystem/reference,0.000000,0,1,0,1,1,1,1,0,0,0.000000000000,0,0.000000000000,3.162084,6.509750,11.461833,0.000000,0.000000000,0.000000000,0.000000,0.000000,"validation: 1 error(s), 1 warning(s): [ACSystem] No slack bus found (BusType::SLACK or Generator::is_slack); [ACSystem/connectivity] AC island 0 (1978 buses) contains no slack bus;; solver-only baseline excluded above structural-fault AC-bus budget"
R2-35.00-1-ACDC,missing_ac_reference,22,ACSystem/reference,0.000000,0,1,0,1,1,1,1,0,0,0.000000000000,0,0.000000000000,3.180000,6.544833,11.448958,0.000000,0.000000000,0.000000000,0.000000,0.000000,"validation: 1 error(s), 1 warning(s): [ACSystem] No slack bus found (BusType::SLACK or Generator::is_slack); [ACSystem/connectivity] AC island 0 (1978 buses) contains no slack bus;; solver-only baseline excluded above structural-fault AC-bus budget"
R2-35.00-1-ACDC,missing_ac_reference,23,ACSystem/reference,0.000000,0,1,0,1,1,1,1,0,0,0.000000000000,0,0.000000000000,3.308584,6.507042,11.508166,0.000000,0.000000000,0.000000000,0.000000,0.000000,"validation: 1 error(s), 1 warning(s): [ACSystem] No slack bus found (BusType::SLACK or Generator::is_slack); [ACSystem/connectivity] AC island 0 (1978 buses) contains no slack bus;; solver-only baseline excluded above structural-fault AC-bus budget"
R2-35.00-1-ACDC,missing_ac_reference,24,ACSystem/reference,0.000000,0,1,0,1,1,1,1,0,0,0.000000000000,0,0.000000000000,3.180417,6.499875,11.520458,0.000000,0.000000000,0.000000000,0.000000,0.000000,"validation: 1 error(s), 1 warning(s): [ACSystem] No slack bus found (BusType::SLACK or Generator::is_slack); [ACSystem/connectivity] AC island 0 (1978 buses) contains no slack bus;; solver-only baseline excluded above structural-fault AC-bus budget"
R2-35.00-1-ACDC,missing_dc_support,0,dc_island/voltage_support,0.000000,0,0,0,0,1,1,1,0,0,0.000000000000,0,0.000000000000,2.820666,6.561416,11.074208,0.000000,0.000000000,0.000000000,0.000000,0.000000,solver-only baseline excluded above structural-fault AC-bus budget
R2-35.00-1-ACDC,missing_dc_support,1,dc_island/voltage_support,0.000000,0,0,0,0,1,1,1,0,0,0.000000000000,0,0.000000000000,2.805542,6.559750,11.141625,0.000000,0.000000000,0.000000000,0.000000,0.000000,solver-only baseline excluded above structural-fault AC-bus budget
R2-35.00-1-ACDC,missing_dc_support,2,dc_island/voltage_support,0.000000,0,0,0,0,1,1,1,0,0,0.000000000000,0,0.000000000000,2.826833,6.484166,10.704875,0.000000,0.000000000,0.000000000,0.000000,0.000000,solver-only baseline excluded above structural-fault AC-bus budget
R2-35.00-1-ACDC,missing_dc_support,3,dc_island/voltage_support,0.000000,0,0,0,0,1,1,1,0,0,0.000000000000,0,0.000000000000,2.783125,6.398459,11.097083,0.000000,0.000000000,0.000000000,0.000000,0.000000,solver-only baseline excluded above structural-fault AC-bus budget
R2-35.00-1-ACDC,missing_dc_support,4,dc_island/voltage_support,0.000000,0,0,0,0,1,1,1,0,0,0.000000000000,0,0.000000000000,2.807209,6.539500,11.065959,0.000000,0.000000000,0.000000000,0.000000,0.000000,solver-only baseline excluded above structural-fault AC-bus budget
R2-35.00-1-ACDC,missing_dc_support,5,dc_island/voltage_support,0.000000,0,0,0,0,1,1,1,0,0,0.000000000000,0,0.000000000000,2.816875,6.550625,11.086750,0.000000,0.000000000,0.000000000,0.000000,0.000000,solver-only baseline excluded above structural-fault AC-bus budget
R2-35.00-1-ACDC,missing_dc_support,6,dc_island/voltage_support,0.000000,0,0,0,0,1,1,1,0,0,0.000000000000,0,0.000000000000,2.885250,6.491500,11.155166,0.000000,0.000000000,0.000000000,0.000000,0.000000,solver-only baseline excluded above structural-fault AC-bus budget
R2-35.00-1-ACDC,missing_dc_support,7,dc_island/voltage_support,0.000000,0,0,0,0,1,1,1,0,0,0.000000000000,0,0.000000000000,2.813250,6.509292,11.169167,0.000000,0.000000000,0.000000000,0.000000,0.000000,solver-only baseline excluded above structural-fault AC-bus budget
R2-35.00-1-ACDC,missing_dc_support,8,dc_island/voltage_support,0.000000,0,0,0,0,1,1,1,0,0,0.000000000000,0,0.000000000000,2.817125,6.512625,10.688042,0.000000,0.000000000,0.000000000,0.000000,0.000000,solver-only baseline excluded above structural-fault AC-bus budget
R2-35.00-1-ACDC,missing_dc_support,9,dc_island/voltage_support,0.000000,0,0,0,0,1,1,1,0,0,0.000000000000,0,0.000000000000,2.764792,6.481416,11.036291,0.000000,0.000000000,0.000000000,0.000000,0.000000,solver-only baseline excluded above structural-fault AC-bus budget
R2-35.00-1-ACDC,missing_dc_support,10,dc_island/voltage_support,0.000000,0,0,0,0,1,1,1,0,0,0.000000000000,0,0.000000000000,2.799334,6.559917,11.139917,0.000000,0.000000000,0.000000000,0.000000,0.000000,solver-only baseline excluded above structural-fault AC-bus budget
R2-35.00-1-ACDC,missing_dc_support,11,dc_island/voltage_support,0.000000,0,0,0,0,1,1,1,0,0,0.000000000000,0,0.000000000000,2.804208,6.477167,11.126458,0.000000,0.000000000,0.000000000,0.000000,0.000000,solver-only baseline excluded above structural-fault AC-bus budget
R2-35.00-1-ACDC,missing_dc_support,12,dc_island/voltage_support,0.000000,0,0,0,0,1,1,1,0,0,0.000000000000,0,0.000000000000,2.802458,6.509167,11.135083,0.000000,0.000000000,0.000000000,0.000000,0.000000,solver-only baseline excluded above structural-fault AC-bus budget
R2-35.00-1-ACDC,missing_dc_support,13,dc_island/voltage_support,0.000000,0,0,0,0,1,1,1,0,0,0.000000000000,0,0.000000000000,2.800667,6.543084,11.071625,0.000000,0.000000000,0.000000000,0.000000,0.000000,solver-only baseline excluded above structural-fault AC-bus budget
R2-35.00-1-ACDC,missing_dc_support,14,dc_island/voltage_support,0.000000,0,0,0,0,1,1,1,0,0,0.000000000000,0,0.000000000000,2.805292,6.567291,11.074875,0.000000,0.000000000,0.000000000,0.000000,0.000000,solver-only baseline excluded above structural-fault AC-bus budget
R2-35.00-1-ACDC,missing_dc_support,15,dc_island/voltage_support,0.000000,0,0,0,0,1,1,1,0,0,0.000000000000,0,0.000000000000,2.887959,6.478167,10.939834,0.000000,0.000000000,0.000000000,0.000000,0.000000,solver-only baseline excluded above structural-fault AC-bus budget
R2-35.00-1-ACDC,missing_dc_support,16,dc_island/voltage_support,0.000000,0,0,0,0,1,1,1,0,0,0.000000000000,0,0.000000000000,2.755292,6.424334,11.093583,0.000000,0.000000000,0.000000000,0.000000,0.000000,solver-only baseline excluded above structural-fault AC-bus budget
R2-35.00-1-ACDC,missing_dc_support,17,dc_island/voltage_support,0.000000,0,0,0,0,1,1,1,0,0,0.000000000000,0,0.000000000000,2.801500,6.466500,11.139709,0.000000,0.000000000,0.000000000,0.000000,0.000000,solver-only baseline excluded above structural-fault AC-bus budget
R2-35.00-1-ACDC,missing_dc_support,18,dc_island/voltage_support,0.000000,0,0,0,0,1,1,1,0,0,0.000000000000,0,0.000000000000,2.802417,6.532083,11.060750,0.000000,0.000000000,0.000000000,0.000000,0.000000,solver-only baseline excluded above structural-fault AC-bus budget
R2-35.00-1-ACDC,missing_dc_support,19,dc_island/voltage_support,0.000000,0,0,0,0,1,1,1,0,0,0.000000000000,0,0.000000000000,2.844917,6.516875,11.131666,0.000000,0.000000000,0.000000000,0.000000,0.000000,solver-only baseline excluded above structural-fault AC-bus budget
R2-35.00-1-ACDC,missing_dc_support,20,dc_island/voltage_support,0.000000,0,0,0,0,1,1,1,0,0,0.000000000000,0,0.000000000000,2.811334,6.478625,11.133500,0.000000,0.000000000,0.000000000,0.000000,0.000000,solver-only baseline excluded above structural-fault AC-bus budget
R2-35.00-1-ACDC,missing_dc_support,21,dc_island/voltage_support,0.000000,0,0,0,0,1,1,1,0,0,0.000000000000,0,0.000000000000,2.813083,6.156167,10.952833,0.000000,0.000000000,0.000000000,0.000000,0.000000,solver-only baseline excluded above structural-fault AC-bus budget
R2-35.00-1-ACDC,missing_dc_support,22,dc_island/voltage_support,0.000000,0,0,0,0,1,1,1,0,0,0.000000000000,0,0.000000000000,2.804583,6.530959,11.059583,0.000000,0.000000000,0.000000000,0.000000,0.000000,solver-only baseline excluded above structural-fault AC-bus budget
R2-35.00-1-ACDC,missing_dc_support,23,dc_island/voltage_support,0.000000,0,0,0,0,1,1,1,0,0,0.000000000000,0,0.000000000000,2.810458,6.547209,11.088250,0.000000,0.000000000,0.000000000,0.000000,0.000000,solver-only baseline excluded above structural-fault AC-bus budget
R2-35.00-1-ACDC,missing_dc_support,24,dc_island/voltage_support,0.000000,0,0,0,0,1,1,1,0,0,0.000000000000,0,0.000000000000,2.901000,6.495375,11.158917,0.000000,0.000000000,0.000000000,0.000000,0.000000,solver-only baseline excluded above structural-fault AC-bus budget
R2-35.00-1-ACDC,invalid_converter_efficiency,0,VSCConverter/2/eta,1.088051,0,1,0,1,1,1,1,0,0,0.000000000000,0,0.000000000000,3.186292,6.490917,11.535083,0.000000,0.000000000,0.000000000,0.000000,0.000000,"validation: 1 error(s): [VSCConverter/2/eta] eta must be in (0,1] (got 1.088051);; solver-only baseline excluded above structural-fault AC-bus budget"
R2-35.00-1-ACDC,invalid_converter_efficiency,1,VSCConverter/1/eta,1.142173,0,1,0,1,1,1,1,0,0,0.000000000000,0,0.000000000000,3.180708,6.587667,11.461083,0.000000,0.000000000,0.000000000,0.000000,0.000000,"validation: 1 error(s): [VSCConverter/1/eta] eta must be in (0,1] (got 1.142173);; solver-only baseline excluded above structural-fault AC-bus budget"
R2-35.00-1-ACDC,invalid_converter_efficiency,2,VSCConverter/1/eta,1.182191,0,1,0,1,1,1,1,0,0,0.000000000000,0,0.000000000000,3.173208,6.578167,11.544833,0.000000,0.000000000,0.000000000,0.000000,0.000000,"validation: 1 error(s): [VSCConverter/1/eta] eta must be in (0,1] (got 1.182191);; solver-only baseline excluded above structural-fault AC-bus budget"
R2-35.00-1-ACDC,invalid_converter_efficiency,3,VSCConverter/1/eta,1.191535,0,1,0,1,1,1,1,0,0,0.000000000000,0,0.000000000000,3.086209,6.499333,11.560209,0.000000,0.000000000,0.000000000,0.000000,0.000000,"validation: 1 error(s): [VSCConverter/1/eta] eta must be in (0,1] (got 1.191535);; solver-only baseline excluded above structural-fault AC-bus budget"
R2-35.00-1-ACDC,invalid_converter_efficiency,4,VSCConverter/2/eta,1.051759,0,1,0,1,1,1,1,0,0,0.000000000000,0,0.000000000000,3.166958,6.516791,11.526541,0.000000,0.000000000,0.000000000,0.000000,0.000000,"validation: 1 error(s): [VSCConverter/2/eta] eta must be in (0,1] (got 1.051759);; solver-only baseline excluded above structural-fault AC-bus budget"
R2-35.00-1-ACDC,invalid_converter_efficiency,5,VSCConverter/1/eta,1.184712,0,1,0,1,1,1,1,0,0,0.000000000000,0,0.000000000000,3.165209,6.583875,11.489459,0.000000,0.000000000,0.000000000,0.000000,0.000000,"validation: 1 error(s): [VSCConverter/1/eta] eta must be in (0,1] (got 1.184712);; solver-only baseline excluded above structural-fault AC-bus budget"
R2-35.00-1-ACDC,invalid_converter_efficiency,6,VSCConverter/2/eta,1.197301,0,1,0,1,1,1,1,0,0,0.000000000000,0,0.000000000000,3.255083,6.589750,11.579125,0.000000,0.000000000,0.000000000,0.000000,0.000000,"validation: 1 error(s): [VSCConverter/2/eta] eta must be in (0,1] (got 1.197301);; solver-only baseline excluded above structural-fault AC-bus budget"
R2-35.00-1-ACDC,invalid_converter_efficiency,7,VSCConverter/1/eta,1.068701,0,1,0,1,1,1,1,0,0,0.000000000000,0,0.000000000000,3.174750,6.523334,11.562041,0.000000,0.000000000,0.000000000,0.000000,0.000000,"validation: 1 error(s): [VSCConverter/1/eta] eta must be in (0,1] (got 1.068701);; solver-only baseline excluded above structural-fault AC-bus budget"
R2-35.00-1-ACDC,invalid_converter_efficiency,8,VSCConverter/2/eta,1.115242,0,1,0,1,1,1,1,0,0,0.000000000000,0,0.000000000000,3.173083,6.587875,11.505041,0.000000,0.000000000,0.000000000,0.000000,0.000000,"validation: 1 error(s): [VSCConverter/2/eta] eta must be in (0,1] (got 1.115242);; solver-only baseline excluded above structural-fault AC-bus budget"
R2-35.00-1-ACDC,invalid_converter_efficiency,9,VSCConverter/1/eta,1.155761,0,1,0,1,1,1,1,0,0,0.000000000000,0,0.000000000000,3.177042,6.591667,11.565833,0.000000,0.000000000,0.000000000,0.000000,0.000000,"validation: 1 error(s): [VSCConverter/1/eta] eta must be in (0,1] (got 1.155761);; solver-only baseline excluded above structural-fault AC-bus budget"
R2-35.00-1-ACDC,invalid_converter_efficiency,10,VSCConverter/2/eta,1.060388,0,1,0,1,1,1,1,0,0,0.000000000000,0,0.000000000000,2.961834,6.414541,11.490208,0.000000,0.000000000,0.000000000,0.000000,0.000000,"validation: 1 error(s): [VSCConverter/2/eta] eta must be in (0,1] (got 1.060388);; solver-only baseline excluded above structural-fault AC-bus budget"
R2-35.00-1-ACDC,invalid_converter_efficiency,11,VSCConverter/2/eta,1.089043,0,1,0,1,1,1,1,0,0,0.000000000000,0,0.000000000000,3.159292,6.489166,11.517500,0.000000,0.000000000,0.000000000,0.000000,0.000000,"validation: 1 error(s): [VSCConverter/2/eta] eta must be in (0,1] (got 1.089043);; solver-only baseline excluded above structural-fault AC-bus budget"
R2-35.00-1-ACDC,invalid_converter_efficiency,12,VSCConverter/2/eta,1.159637,0,1,0,1,1,1,1,0,0,0.000000000000,0,0.000000000000,3.166292,6.583958,11.451959,0.000000,0.000000000,0.000000000,0.000000,0.000000,"validation: 1 error(s): [VSCConverter/2/eta] eta must be in (0,1] (got 1.159637);; solver-only baseline excluded above structural-fault AC-bus budget"
R2-35.00-1-ACDC,invalid_converter_efficiency,13,VSCConverter/1/eta,1.029834,0,1,0,1,1,1,1,0,0,0.000000000000,0,0.000000000000,3.236125,6.527834,11.522000,0.000000,0.000000000,0.000000000,0.000000,0.000000,"validation: 1 error(s): [VSCConverter/1/eta] eta must be in (0,1] (got 1.029834);; solver-only baseline excluded above structural-fault AC-bus budget"
R2-35.00-1-ACDC,invalid_converter_efficiency,14,VSCConverter/1/eta,1.100100,0,1,0,1,1,1,1,0,0,0.000000000000,0,0.000000000000,3.158417,6.505750,11.507083,0.000000,0.000000000,0.000000000,0.000000,0.000000,"validation: 1 error(s): [VSCConverter/1/eta] eta must be in (0,1] (got 1.100100);; solver-only baseline excluded above structural-fault AC-bus budget"
R2-35.00-1-ACDC,invalid_converter_efficiency,15,VSCConverter/2/eta,1.016300,0,1,0,1,1,1,1,0,0,0.000000000000,0,0.000000000000,3.181333,6.527208,11.068667,0.000000,0.000000000,0.000000000,0.000000,0.000000,"validation: 1 error(s): [VSCConverter/2/eta] eta must be in (0,1] (got 1.016300);; solver-only baseline excluded above structural-fault AC-bus budget"
R2-35.00-1-ACDC,invalid_converter_efficiency,16,VSCConverter/2/eta,1.134601,0,1,0,1,1,1,1,0,0,0.000000000000,0,0.000000000000,3.133250,6.479667,11.372333,0.000000,0.000000000,0.000000000,0.000000,0.000000,"validation: 1 error(s): [VSCConverter/2/eta] eta must be in (0,1] (got 1.134601);; solver-only baseline excluded above structural-fault AC-bus budget"
R2-35.00-1-ACDC,invalid_converter_efficiency,17,VSCConverter/1/eta,1.054090,0,1,0,1,1,1,1,0,0,0.000000000000,0,0.000000000000,3.245375,6.470208,11.490250,0.000000,0.000000000,0.000000000,0.000000,0.000000,"validation: 1 error(s): [VSCConverter/1/eta] eta must be in (0,1] (got 1.054090);; solver-only baseline excluded above structural-fault AC-bus budget"
R2-35.00-1-ACDC,invalid_converter_efficiency,18,VSCConverter/2/eta,1.138560,0,1,0,1,1,1,1,0,0,0.000000000000,0,0.000000000000,3.199084,6.486541,11.528542,0.000000,0.000000000,0.000000000,0.000000,0.000000,"validation: 1 error(s): [VSCConverter/2/eta] eta must be in (0,1] (got 1.138560);; solver-only baseline excluded above structural-fault AC-bus budget"
R2-35.00-1-ACDC,invalid_converter_efficiency,19,VSCConverter/2/eta,1.105151,0,1,0,1,1,1,1,0,0,0.000000000000,0,0.000000000000,3.173333,6.585166,11.478167,0.000000,0.000000000,0.000000000,0.000000,0.000000,"validation: 1 error(s): [VSCConverter/2/eta] eta must be in (0,1] (got 1.105151);; solver-only baseline excluded above structural-fault AC-bus budget"
R2-35.00-1-ACDC,invalid_converter_efficiency,20,VSCConverter/1/eta,1.039915,0,1,0,1,1,1,1,0,0,0.000000000000,0,0.000000000000,3.171334,6.586167,11.514250,0.000000,0.000000000,0.000000000,0.000000,0.000000,"validation: 1 error(s): [VSCConverter/1/eta] eta must be in (0,1] (got 1.039915);; solver-only baseline excluded above structural-fault AC-bus budget"
R2-35.00-1-ACDC,invalid_converter_efficiency,21,VSCConverter/2/eta,1.015667,0,1,0,1,1,1,1,0,0,0.000000000000,0,0.000000000000,3.249375,6.529834,11.540875,0.000000,0.000000000,0.000000000,0.000000,0.000000,"validation: 1 error(s): [VSCConverter/2/eta] eta must be in (0,1] (got 1.015667);; solver-only baseline excluded above structural-fault AC-bus budget"
R2-35.00-1-ACDC,invalid_converter_efficiency,22,VSCConverter/1/eta,1.099735,0,1,0,1,1,1,1,0,0,0.000000000000,0,0.000000000000,3.171208,6.156917,11.262458,0.000000,0.000000000,0.000000000,0.000000,0.000000,"validation: 1 error(s): [VSCConverter/1/eta] eta must be in (0,1] (got 1.099735);; solver-only baseline excluded above structural-fault AC-bus budget"
R2-35.00-1-ACDC,invalid_converter_efficiency,23,VSCConverter/1/eta,1.078720,0,1,0,1,1,1,1,0,0,0.000000000000,0,0.000000000000,3.112750,6.483416,11.362666,0.000000,0.000000000,0.000000000,0.000000,0.000000,"validation: 1 error(s): [VSCConverter/1/eta] eta must be in (0,1] (got 1.078720);; solver-only baseline excluded above structural-fault AC-bus budget"
R2-35.00-1-ACDC,invalid_converter_efficiency,24,VSCConverter/1/eta,1.021216,0,1,0,1,1,1,1,0,0,0.000000000000,0,0.000000000000,3.192416,6.468125,11.463875,0.000000,0.000000000,0.000000000,0.000000,0.000000,"validation: 1 error(s): [VSCConverter/1/eta] eta must be in (0,1] (got 1.021216);; solver-only baseline excluded above structural-fault AC-bus budget"
R2-35.00-1-ACDC,duplicate_ac_bus_identity,0,ACBus/712/index,0.000000,0,1,0,1,1,1,1,0,0,0.000000000000,0,0.000000000000,3.196167,8.256459,13.317250,0.000000,0.000000000,0.000000000,0.000000,0.000000,"validation: 5 error(s), 4 warning(s): [ACBus/712/index] Duplicate AC bus index 712; [ACBranch/559/from_bus] from_bus 475 not found; [ACBranch/561/to_bus] to_bus 475 not found; [ACBranch/562/from_bus] from_bus 475 not found; [ACBranch/1210/from_bus] from_bus 475 not found; [ACSystem/connectivity] AC island 1 (404 buses) contains no slack bus; [ACSystem/connectivity] AC island 2 (1 buses) contains no slack bus; [ACSystem/connectivity] AC island 3 (5 buses) contains no slack bus; [ACSystem/connectivity] AC island 4 (1 buses) contains no slack bus;; solver-only baseline excluded above structural-fault AC-bus budget"
R2-35.00-1-ACDC,duplicate_ac_bus_identity,1,ACBus/1639/index,0.000000,0,1,0,1,1,1,1,0,0,0.000000000000,0,0.000000000000,2.831500,8.329250,12.895958,0.000000,0.000000000,0.000000000,0.000000,0.000000,"validation: 3 error(s), 1 warning(s): [ACBus/1639/index] Duplicate AC bus index 1639; [ACBranch/72/to_bus] to_bus 1014 not found; [Switch/122/bus_from] bus_from 1014 not found in AC; [ACSystem/connectivity] AC island 1 (1 buses) contains no slack bus;; solver-only baseline excluded above structural-fault AC-bus budget"
R2-35.00-1-ACDC,duplicate_ac_bus_identity,2,ACBus/431/index,0.000000,0,1,0,1,1,1,1,0,0,0.000000000000,0,0.000000000000,3.224959,8.289875,13.037583,0.000000,0.000000000,0.000000000,0.000000,0.000000,"validation: 5 error(s), 4 warning(s): [ACBus/431/index] Duplicate AC bus index 431; [ACBranch/397/to_bus] to_bus 574 not found; [ACBranch/424/from_bus] from_bus 574 not found; [ACBranch/425/from_bus] from_bus 574 not found; [ACBranch/1081/from_bus] from_bus 574 not found; [ACSystem/connectivity] AC island 1 (1 buses) contains no slack bus; [ACSystem/connectivity] AC island 2 (2 buses) contains no slack bus; [ACSystem/connectivity] AC island 3 (2 buses) contains no slack bus; [ACSystem/connectivity] AC island 4 (1 buses) contains no slack bus;; solver-only baseline excluded above structural-fault AC-bus budget"
R2-35.00-1-ACDC,duplicate_ac_bus_identity,3,ACBus/1257/index,0.000000,0,1,0,1,1,1,1,0,0,0.000000000000,0,0.000000000000,3.182167,8.319291,13.232959,0.000000,0.000000000,0.000000000,0.000000,0.000000,"validation: 5 error(s), 4 warning(s): [ACBus/1257/index] Duplicate AC bus index 1257; [ACBranch/321/to_bus] to_bus 744 not found; [ACBranch/328/from_bus] from_bus 744 not found; [ACBranch/329/from_bus] from_bus 744 not found; [ACBranch/330/from_bus] from_bus 744 not found; [ACSystem/connectivity] AC island 1 (1 buses) contains no slack bus; [ACSystem/connectivity] AC island 2 (41 buses) contains no slack bus; [ACSystem/connectivity] AC island 3 (4 buses) contains no slack bus; [ACSystem/connectivity] AC island 4 (4 buses) contains no slack bus;; solver-only baseline excluded above structural-fault AC-bus budget"
R2-35.00-1-ACDC,duplicate_ac_bus_identity,4,ACBus/78/index,0.000000,0,1,0,1,1,1,1,0,0,0.000000000000,0,0.000000000000,3.229250,8.265958,13.312417,0.000000,0.000000000,0.000000000,0.000000,0.000000,"validation: 4 error(s), 3 warning(s): [ACBus/78/index] Duplicate AC bus index 78; [ACBranch/588/to_bus] to_bus 471 not found; [ACBranch/589/from_bus] from_bus 471 not found; [ACBranch/590/from_bus] from_bus 471 not found; [ACSystem/connectivity] AC island 1 (1 buses) contains no slack bus; [ACSystem/connectivity] AC island 2 (2 buses) contains no slack bus; [ACSystem/connectivity] AC island 3 (4 buses) contains no slack bus;; solver-only baseline excluded above structural-fault AC-bus budget"
R2-35.00-1-ACDC,duplicate_ac_bus_identity,5,ACBus/1780/index,0.000000,0,1,0,1,1,1,1,0,0,0.000000000000,0,0.000000000000,3.189167,8.353875,13.274583,0.000000,0.000000000,0.000000000,0.000000,0.000000,"validation: 3 error(s), 2 warning(s): [ACBus/1780/index] Duplicate AC bus index 1780; [ACBranch/15/to_bus] to_bus 1125 not found; [ACBranch/1044/from_bus] from_bus 1125 not found; [ACSystem/connectivity] AC island 1 (1 buses) contains no slack bus; [ACSystem/connectivity] AC island 2 (1 buses) contains no slack bus;; solver-only baseline excluded above structural-fault AC-bus budget"
R2-35.00-1-ACDC,duplicate_ac_bus_identity,6,ACBus/229/index,0.000000,0,1,0,1,1,1,1,0,0,0.000000000000,0,0.000000000000,3.234625,8.293167,13.310792,0.000000,0.000000000,0.000000000,0.000000,0.000000,"validation: 2 error(s), 1 warning(s): [ACBus/229/index] Duplicate AC bus index 229; [Switch/164/bus_to] bus_to 1821 not found in AC; [ACSystem/connectivity] AC island 1 (1 buses) contains no slack bus;; solver-only baseline excluded above structural-fault AC-bus budget"
R2-35.00-1-ACDC,duplicate_ac_bus_identity,7,ACBus/1412/index,0.000000,0,1,0,1,1,1,1,0,0,0.000000000000,0,0.000000000000,3.168791,6.586375,11.452958,0.000000,0.000000000,0.000000000,0.000000,0.000000,"validation: 3 error(s), 1 warning(s): [ACBus/1412/index] Duplicate AC bus index 1412; [ACBranch/965/to_bus] to_bus 120 not found; [Load/120/bus] bus 120 not found in AC; [ACSystem/connectivity] AC island 1 (1 buses) contains no slack bus;; solver-only baseline excluded above structural-fault AC-bus budget"
R2-35.00-1-ACDC,duplicate_ac_bus_identity,8,ACBus/1401/index,0.000000,0,1,0,1,1,1,1,0,0,0.000000000000,0,0.000000000000,3.183125,8.377333,12.936917,0.000000,0.000000000,0.000000000,0.000000,0.000000,"validation: 2 error(s), 1 warning(s): [ACBus/1401/index] Duplicate AC bus index 1401; [Switch/290/bus_to] bus_to 1947 not found in AC; [ACSystem/connectivity] AC island 1 (1 buses) contains no slack bus;; solver-only baseline excluded above structural-fault AC-bus budget"
R2-35.00-1-ACDC,duplicate_ac_bus_identity,9,ACBus/937/index,0.000000,0,1,0,1,1,1,1,0,0,0.000000000000,0,0.000000000000,3.158208,6.429708,11.489750,0.000000,0.000000000,0.000000000,0.000000,0.000000,"validation: 3 error(s), 1 warning(s): [ACBus/937/index] Duplicate AC bus index 937; [ACBranch/1136/to_bus] to_bus 291 not found; [Load/291/bus] bus 291 not found in AC; [ACSystem/connectivity] AC island 1 (1 buses) contains no slack bus;; solver-only baseline excluded above structural-fault AC-bus budget"
R2-35.00-1-ACDC,duplicate_ac_bus_identity,10,ACBus/993/index,0.000000,0,1,0,1,1,1,1,0,0,0.000000000000,0,0.000000000000,3.171458,8.335042,13.268083,0.000000,0.000000000,0.000000000,0.000000,0.000000,"validation: 2 error(s), 1 warning(s): [ACBus/993/index] Duplicate AC bus index 993; [Switch/297/bus_to] bus_to 1954 not found in AC; [ACSystem/connectivity] AC island 1 (1 buses) contains no slack bus;; solver-only baseline excluded above structural-fault AC-bus budget"
R2-35.00-1-ACDC,duplicate_ac_bus_identity,11,ACBus/1524/index,0.000000,0,1,0,1,1,1,1,0,0,0.000000000000,0,0.000000000000,3.222166,8.330917,13.352500,0.000000,0.000000000,0.000000000,0.000000,0.000000,"validation: 3 error(s), 2 warning(s): [ACBus/1524/index] Duplicate AC bus index 1524; [ACBranch/810/to_bus] to_bus 1778 not found; [ACBranch/1420/from_bus] from_bus 1778 not found; [ACSystem/connectivity] AC island 1 (1 buses) contains no slack bus; [ACSystem/connectivity] AC island 2 (2 buses) contains no slack bus;; solver-only baseline excluded above structural-fault AC-bus budget"
R2-35.00-1-ACDC,duplicate_ac_bus_identity,12,ACBus/1400/index,0.000000,0,1,0,1,1,1,1,0,0,0.000000000000,0,0.000000000000,3.178250,8.432250,13.306125,0.000000,0.000000000,0.000000000,0.000000,0.000000,"validation: 2 error(s), 1 warning(s): [ACBus/1400/index] Duplicate AC bus index 1400; [Switch/275/bus_to] bus_to 1932 not found in AC; [ACSystem/connectivity] AC island 1 (1 buses) contains no slack bus;; solver-only baseline excluded above structural-fault AC-bus budget"
R2-35.00-1-ACDC,duplicate_ac_bus_identity,13,ACBus/205/index,0.000000,0,1,0,1,1,1,1,0,0,0.000000000000,0,0.000000000000,3.239667,8.331333,13.363667,0.000000,0.000000000,0.000000000,0.000000,0.000000,"validation: 4 error(s), 3 warning(s): [ACBus/205/index] Duplicate AC bus index 205; [ACBranch/466/from_bus] from_bus 933 not found; [ACBranch/1109/from_bus] from_bus 933 not found; [Switch/65/bus_to] bus_to 933 not found in AC; [ACSystem/connectivity] AC island 1 (1 buses) contains no slack bus; [ACSystem/connectivity] AC island 2 (1 buses) contains no slack bus; [ACSystem/connectivity] AC island 3 (33 buses) contains no slack bus;; solver-only baseline excluded above structural-fault AC-bus budget"
R2-35.00-1-ACDC,duplicate_ac_bus_identity,14,ACBus/1263/index,0.000000,0,1,0,1,1,1,1,0,0,0.000000000000,0,0.000000000000,3.195916,8.384375,13.191750,0.000000,0.000000000,0.000000000,0.000000,0.000000,"validation: 5 error(s), 4 warning(s): [ACBus/1263/index] Duplicate AC bus index 1263; [ACBranch/1552/to_bus] to_bus 859 not found; [ACBranch/1553/from_bus] from_bus 859 not found; [ACBranch/1554/from_bus] from_bus 859 not found; [ACBranch/1555/from_bus] from_bus 859 not found; [ACSystem/connectivity] AC island 1 (2 buses) contains no slack bus; [ACSystem/connectivity] AC island 2 (2 buses) contains no slack bus; [ACSystem/connectivity] AC island 3 (6 buses) contains no slack bus; [ACSystem/connectivity] AC island 4 (1 buses) contains no slack bus;; solver-only baseline excluded above structural-fault AC-bus budget"
R2-35.00-1-ACDC,duplicate_ac_bus_identity,15,ACBus/75/index,0.000000,0,1,0,1,1,1,1,0,0,0.000000000000,0,0.000000000000,3.223916,8.264250,13.315917,0.000000,0.000000000,0.000000000,0.000000,0.000000,"validation: 3 error(s), 2 warning(s): [ACBus/75/index] Duplicate AC bus index 75; [ACBranch/1483/from_bus] from_bus 963 not found; [Switch/19/bus_to] bus_to 963 not found in AC; [ACSystem/connectivity] AC island 1 (1 buses) contains no slack bus; [ACSystem/connectivity] AC island 2 (1 buses) contains no slack bus;; solver-only baseline excluded above structural-fault AC-bus budget"
R2-35.00-1-ACDC,duplicate_ac_bus_identity,16,ACBus/351/index,0.000000,0,1,0,1,1,1,1,0,0,0.000000000000,0,0.000000000000,3.199000,8.350458,13.299541,0.000000,0.000000000,0.000000000,0.000000,0.000000,"validation: 4 error(s), 3 warning(s): [ACBus/351/index] Duplicate AC bus index 351; [ACBranch/466/from_bus] from_bus 933 not found; [ACBranch/1109/from_bus] from_bus 933 not found; [Switch/65/bus_to] bus_to 933 not found in AC; [ACSystem/connectivity] AC island 1 (1 buses) contains no slack bus; [ACSystem/connectivity] AC island 2 (33 buses) contains no slack bus; [ACSystem/connectivity] AC island 3 (1 buses) contains no slack bus;; solver-only baseline excluded above structural-fault AC-bus budget"
R2-35.00-1-ACDC,duplicate_ac_bus_identity,17,ACBus/270/index,0.000000,0,1,0,1,1,1,1,0,0,0.000000000000,0,0.000000000000,3.268709,8.304375,13.336625,0.000000,0.000000000,0.000000000,0.000000,0.000000,"validation: 5 error(s), 4 warning(s): [ACBus/270/index] Duplicate AC bus index 270; [ACBranch/180/to_bus] to_bus 1349 not found; [ACBranch/203/from_bus] from_bus 1349 not found; [ACBranch/204/from_bus] from_bus 1349 not found; [ACBranch/909/from_bus] from_bus 1349 not found; [ACSystem/connectivity] AC island 1 (1 buses) contains no slack bus; [ACSystem/connectivity] AC island 2 (2 buses) contains no slack bus; [ACSystem/connectivity] AC island 3 (1 buses) contains no slack bus; [ACSystem/connectivity] AC island 4 (4 buses) contains no slack bus;; solver-only baseline excluded above structural-fault AC-bus budget"
R2-35.00-1-ACDC,duplicate_ac_bus_identity,18,ACBus/249/index,0.000000,0,1,0,1,1,1,1,0,0,0.000000000000,0,0.000000000000,3.195917,6.571542,11.497250,0.000000,0.000000000,0.000000000,0.000000,0.000000,"validation: 3 error(s), 1 warning(s): [ACBus/249/index] Duplicate AC bus index 249; [ACBranch/888/to_bus] to_bus 43 not found; [Load/43/bus] bus 43 not found in AC; [ACSystem/connectivity] AC island 1 (1 buses) contains no slack bus;; solver-only baseline excluded above structural-fault AC-bus budget"
R2-35.00-1-ACDC,duplicate_ac_bus_identity,19,ACBus/1731/index,0.000000,0,1,0,1,1,1,1,0,0,0.000000000000,0,0.000000000000,3.197708,8.340833,12.993709,0.000000,0.000000000,0.000000000,0.000000,0.000000,"validation: 5 error(s), 4 warning(s): [ACBus/1731/index] Duplicate AC bus index 1731; [ACBranch/794/from_bus] from_bus 881 not found; [ACBranch/1548/to_bus] to_bus 881 not found; [ACBranch/1560/from_bus] from_bus 881 not found; [ACBranch/1561/from_bus] from_bus 881 not found; [ACSystem/connectivity] AC island 1 (1 buses) contains no slack bus; [ACSystem/connectivity] AC island 2 (4 buses) contains no slack bus; [ACSystem/connectivity] AC island 3 (4 buses) contains no slack bus; [ACSystem/connectivity] AC island 4 (3 buses) contains no slack bus;; solver-only baseline excluded above structural-fault AC-bus budget"
R2-35.00-1-ACDC,duplicate_ac_bus_identity,20,ACBus/114/index,0.000000,0,1,0,1,1,1,1,0,0,0.000000000000,0,0.000000000000,3.171709,8.282417,13.331750,0.000000,0.000000000,0.000000000,0.000000,0.000000,"validation: 3 error(s), 2 warning(s): [ACBus/114/index] Duplicate AC bus index 114; [ACBranch/796/from_bus] from_bus 1273 not found; [ACBranch/1557/to_bus] to_bus 1273 not found; [ACSystem/connectivity] AC island 1 (1 buses) contains no slack bus; [ACSystem/connectivity] AC island 2 (3 buses) contains no slack bus;; solver-only baseline excluded above structural-fault AC-bus budget"
R2-35.00-1-ACDC,duplicate_ac_bus_identity,21,ACBus/1084/index,0.000000,0,1,0,1,1,1,1,0,0,0.000000000000,0,0.000000000000,3.206125,6.579875,11.515500,0.000000,0.000000000,0.000000000,0.000000,0.000000,"validation: 3 error(s), 1 warning(s): [ACBus/1084/index] Duplicate AC bus index 1084; [ACBranch/1134/to_bus] to_bus 289 not found; [Load/289/bus] bus 289 not found in AC; [ACSystem/connectivity] AC island 1 (1 buses) contains no slack bus;; solver-only baseline excluded above structural-fault AC-bus budget"
R2-35.00-1-ACDC,duplicate_ac_bus_identity,22,ACBus/722/index,0.000000,0,1,0,1,1,1,1,0,0,0.000000000000,0,0.000000000000,3.268625,6.510834,11.582500,0.000000,0.000000000,0.000000000,0.000000,0.000000,"validation: 3 error(s), 1 warning(s): [ACBus/722/index] Duplicate AC bus index 722; [ACBranch/1151/to_bus] to_bus 306 not found; [Load/306/bus] bus 306 not found in AC; [ACSystem/connectivity] AC island 1 (1 buses) contains no slack bus;; solver-only baseline excluded above structural-fault AC-bus budget"
R2-35.00-1-ACDC,duplicate_ac_bus_identity,23,ACBus/998/index,0.000000,0,1,0,1,1,1,1,0,0,0.000000000000,0,0.000000000000,3.216125,8.322792,13.354042,0.000000,0.000000000,0.000000000,0.000000,0.000000,"validation: 3 error(s), 2 warning(s): [ACBus/998/index] Duplicate AC bus index 998; [ACBranch/667/to_bus] to_bus 1077 not found; [ACBranch/1274/from_bus] from_bus 1077 not found; [ACSystem/connectivity] AC island 1 (1 buses) contains no slack bus; [ACSystem/connectivity] AC island 2 (1 buses) contains no slack bus;; solver-only baseline excluded above structural-fault AC-bus budget"
R2-35.00-1-ACDC,duplicate_ac_bus_identity,24,ACBus/624/index,0.000000,0,1,0,1,1,1,1,0,0,0.000000000000,0,0.000000000000,3.213375,8.339750,13.384209,0.000000,0.000000000,0.000000000,0.000000,0.000000,"validation: 4 error(s), 3 warning(s): [ACBus/624/index] Duplicate AC bus index 624; [ACBranch/387/to_bus] to_bus 553 not found; [ACBranch/388/from_bus] from_bus 553 not found; [ACBranch/389/from_bus] from_bus 553 not found; [ACSystem/connectivity] AC island 1 (2 buses) contains no slack bus; [ACSystem/connectivity] AC island 2 (5 buses) contains no slack bus; [ACSystem/connectivity] AC island 3 (1 buses) contains no slack bus;; solver-only baseline excluded above structural-fault AC-bus budget"
R2-35.00-1-ACDC,plausible_load_error,0,Load/2/load,0.958665,1,0,0,0,0,0,0,0,0,0.000000000000,0,0.000000000000,3.185750,6.445417,11.055375,0.000000,0.000000000,0.000000000,0.000000,0.000000,physical-impact solve excluded above AC-bus budget
R2-35.00-1-ACDC,plausible_load_error,1,Load/489/load,1.294433,1,0,0,0,0,0,0,0,0,0.000000000000,0,0.000000000000,3.125292,6.481125,11.392834,0.000000,0.000000000,0.000000000,0.000000,0.000000,physical-impact solve excluded above AC-bus budget
R2-35.00-1-ACDC,plausible_load_error,2,Load/212/load,0.775694,1,0,0,0,0,0,0,0,0,0.000000000000,0,0.000000000000,3.173459,6.517167,11.523625,0.000000,0.000000000,0.000000000,0.000000,0.000000,physical-impact solve excluded above AC-bus budget
R2-35.00-1-ACDC,plausible_load_error,3,Load/224/load,1.036768,1,0,0,0,0,0,0,0,0,0.000000000000,0,0.000000000000,3.167375,6.492333,11.493708,0.000000,0.000000000,0.000000000,0.000000,0.000000,physical-impact solve excluded above AC-bus budget
R2-35.00-1-ACDC,plausible_load_error,4,Load/410/load,0.845620,1,0,0,0,0,0,0,0,0,0.000000000000,0,0.000000000000,3.168542,6.521167,11.625125,0.000000,0.000000000,0.000000000,0.000000,0.000000,physical-impact solve excluded above AC-bus budget
R2-35.00-1-ACDC,plausible_load_error,5,Load/571/load,1.219714,1,0,0,0,0,0,0,0,0,0.000000000000,0,0.000000000000,3.169542,6.572125,11.517625,0.000000,0.000000000,0.000000000,0.000000,0.000000,physical-impact solve excluded above AC-bus budget
R2-35.00-1-ACDC,plausible_load_error,6,Load/279/load,0.754188,1,0,0,0,0,0,0,0,0,0.000000000000,0,0.000000000000,3.254584,6.525750,11.035458,0.000000,0.000000000,0.000000000,0.000000,0.000000,physical-impact solve excluded above AC-bus budget
R2-35.00-1-ACDC,plausible_load_error,7,Load/95/load,0.748751,1,0,0,0,0,0,0,0,0,0.000000000000,0,0.000000000000,3.112792,6.392167,11.440208,0.000000,0.000000000,0.000000000,0.000000,0.000000,physical-impact solve excluded above AC-bus budget
R2-35.00-1-ACDC,plausible_load_error,8,Load/101/load,1.121367,1,0,0,0,0,0,0,0,0,0.000000000000,0,0.000000000000,3.140333,6.519084,11.379333,0.000000,0.000000000,0.000000000,0.000000,0.000000,physical-impact solve excluded above AC-bus budget
R2-35.00-1-ACDC,plausible_load_error,9,Load/87/load,1.191061,1,0,0,0,0,0,0,0,0,0.000000000000,0,0.000000000000,3.140958,6.574416,11.395958,0.000000,0.000000000,0.000000000,0.000000,0.000000,physical-impact solve excluded above AC-bus budget
R2-35.00-1-ACDC,plausible_load_error,10,Load/293/load,1.185215,1,0,0,0,0,0,0,0,0,0.000000000000,0,0.000000000000,3.234000,6.476667,11.478458,0.000000,0.000000000,0.000000000,0.000000,0.000000,physical-impact solve excluded above AC-bus budget
R2-35.00-1-ACDC,plausible_load_error,11,Load/483/load,0.956866,1,0,0,0,0,0,0,0,0,0.000000000000,0,0.000000000000,3.155625,6.472250,11.520750,0.000000,0.000000000,0.000000000,0.000000,0.000000,physical-impact solve excluded above AC-bus budget
R2-35.00-1-ACDC,plausible_load_error,12,Load/541/load,0.890385,1,0,0,0,0,0,0,0,0,0.000000000000,0,0.000000000000,3.168750,6.575875,11.429583,0.000000,0.000000000,0.000000000,0.000000,0.000000,physical-impact solve excluded above AC-bus budget
R2-35.00-1-ACDC,plausible_load_error,13,Load/537/load,0.832996,1,0,0,0,0,0,0,0,0,0.000000000000,0,0.000000000000,3.186292,6.535458,11.489584,0.000000,0.000000000,0.000000000,0.000000,0.000000,physical-impact solve excluded above AC-bus budget
R2-35.00-1-ACDC,plausible_load_error,14,Load/513/load,1.018017,1,0,0,0,0,0,0,0,0,0.000000000000,0,0.000000000000,3.086292,6.302500,11.734083,0.000000,0.000000000,0.000000000,0.000000,0.000000,physical-impact solve excluded above AC-bus budget
R2-35.00-1-ACDC,plausible_load_error,15,Load/293/load,0.875111,1,0,0,0,0,0,0,0,0,0.000000000000,0,0.000000000000,3.230416,6.606542,11.590167,0.000000,0.000000000,0.000000000,0.000000,0.000000,physical-impact solve excluded above AC-bus budget
R2-35.00-1-ACDC,plausible_load_error,16,Load/458/load,1.013928,1,0,0,0,0,0,0,0,0,0.000000000000,0,0.000000000000,3.161417,6.577833,11.493417,0.000000,0.000000000,0.000000000,0.000000,0.000000,physical-impact solve excluded above AC-bus budget
R2-35.00-1-ACDC,plausible_load_error,17,Load/266/load,0.893399,1,0,0,0,0,0,0,0,0,0.000000000000,0,0.000000000000,3.231167,6.510500,11.515375,0.000000,0.000000000,0.000000000,0.000000,0.000000,physical-impact solve excluded above AC-bus budget
R2-35.00-1-ACDC,plausible_load_error,18,Load/427/load,1.182773,1,0,0,0,0,0,0,0,0,0.000000000000,0,0.000000000000,3.156750,6.507666,11.511375,0.000000,0.000000000,0.000000000,0.000000,0.000000,physical-impact solve excluded above AC-bus budget
R2-35.00-1-ACDC,plausible_load_error,19,Load/111/load,0.962005,1,0,0,0,0,0,0,0,0,0.000000000000,0,0.000000000000,3.161375,6.568542,11.454959,0.000000,0.000000000,0.000000000,0.000000,0.000000,physical-impact solve excluded above AC-bus budget
R2-35.00-1-ACDC,plausible_load_error,20,Load/176/load,0.917638,1,0,0,0,0,0,0,0,0,0.000000000000,0,0.000000000000,3.153958,6.557334,11.115958,0.000000,0.000000000,0.000000000,0.000000,0.000000,physical-impact solve excluded above AC-bus budget
R2-35.00-1-ACDC,plausible_load_error,21,Load/280/load,0.957878,1,0,0,0,0,0,0,0,0,0.000000000000,0,0.000000000000,3.167459,6.409667,11.465041,0.000000,0.000000000,0.000000000,0.000000,0.000000,physical-impact solve excluded above AC-bus budget
R2-35.00-1-ACDC,plausible_load_error,22,Load/224/load,1.162444,1,0,0,0,0,0,0,0,0,0.000000000000,0,0.000000000000,3.153083,6.467875,11.364333,0.000000,0.000000000,0.000000000,0.000000,0.000000,physical-impact solve excluded above AC-bus budget
R2-35.00-1-ACDC,plausible_load_error,23,Load/237/load,1.091856,1,0,0,0,0,0,0,0,0,0.000000000000,0,0.000000000000,2.994750,6.495875,11.349334,0.000000,0.000000000,0.000000000,0.000000,0.000000,physical-impact solve excluded above AC-bus budget
R2-35.00-1-ACDC,plausible_load_error,24,Load/64/load,0.959295,1,0,0,0,0,0,0,0,0,0.000000000000,0,0.000000000000,3.177542,6.450583,11.457208,0.000000,0.000000000,0.000000000,0.000000,0.000000,physical-impact solve excluded above AC-bus budget
R2-35.00-1-ACDC,plausible_converter_setpoint_error,0,VSCConverter/1/p_set_mw,0.036409,1,0,0,0,0,0,0,0,0,0.000000000000,0,0.000000000000,3.153917,6.459125,11.497375,0.000000,0.000000000,0.000000000,0.000000,0.000000,physical-impact solve excluded above AC-bus budget
R2-35.00-1-ACDC,plausible_converter_setpoint_error,1,VSCConverter/1/p_set_mw,0.044751,1,0,0,0,0,0,0,0,0,0.000000000000,0,0.000000000000,3.162041,6.476167,11.298292,0.000000,0.000000000,0.000000000,0.000000,0.000000,physical-impact solve excluded above AC-bus budget
R2-35.00-1-ACDC,plausible_converter_setpoint_error,2,VSCConverter/1/p_set_mw,-0.014177,1,0,0,0,0,0,0,0,0,0.000000000000,0,0.000000000000,3.128750,6.543375,11.386542,0.000000,0.000000000,0.000000000,0.000000,0.000000,physical-impact solve excluded above AC-bus budget
R2-35.00-1-ACDC,plausible_converter_setpoint_error,3,VSCConverter/1/p_set_mw,0.013774,1,0,0,0,0,0,0,0,0,0.000000000000,0,0.000000000000,3.237333,6.474208,11.475000,0.000000,0.000000000,0.000000000,0.000000,0.000000,physical-impact solve excluded above AC-bus budget
R2-35.00-1-ACDC,plausible_converter_setpoint_error,4,VSCConverter/1/p_set_mw,-0.047524,1,0,0,0,0,0,0,0,0,0.000000000000,0,0.000000000000,3.156500,6.477834,11.582291,0.000000,0.000000000,0.000000000,0.000000,0.000000,physical-impact solve excluded above AC-bus budget
R2-35.00-1-ACDC,plausible_converter_setpoint_error,5,VSCConverter/1/p_set_mw,-0.053744,1,0,0,0,0,0,0,0,0,0.000000000000,0,0.000000000000,3.194666,6.355625,11.334542,0.000000,0.000000000,0.000000000,0.000000,0.000000,physical-impact solve excluded above AC-bus budget
R2-35.00-1-ACDC,plausible_converter_setpoint_error,6,VSCConverter/1/p_set_mw,-0.056615,1,0,0,0,0,0,0,0,0,0.000000000000,0,0.000000000000,3.146959,6.557667,11.347750,0.000000,0.000000000,0.000000000,0.000000,0.000000,physical-impact solve excluded above AC-bus budget
R2-35.00-1-ACDC,plausible_converter_setpoint_error,7,VSCConverter/1/p_set_mw,0.019716,1,0,0,0,0,0,0,0,0,0.000000000000,0,0.000000000000,3.109584,6.343583,11.418458,0.000000,0.000000000,0.000000000,0.000000,0.000000,physical-impact solve excluded above AC-bus budget
R2-35.00-1-ACDC,plausible_converter_setpoint_error,8,VSCConverter/1/p_set_mw,-0.028675,1,0,0,0,0,0,0,0,0,0.000000000000,0,0.000000000000,3.138416,6.455542,11.471292,0.000000,0.000000000,0.000000000,0.000000,0.000000,physical-impact solve excluded above AC-bus budget
R2-35.00-1-ACDC,plausible_converter_setpoint_error,9,VSCConverter/1/p_set_mw,0.012059,1,0,0,0,0,0,0,0,0,0.000000000000,0,0.000000000000,3.153791,6.647083,11.151667,0.000000,0.000000000,0.000000000,0.000000,0.000000,physical-impact solve excluded above AC-bus budget
R2-35.00-1-ACDC,plausible_converter_setpoint_error,10,VSCConverter/1/p_set_mw,0.060304,1,0,0,0,0,0,0,0,0,0.000000000000,0,0.000000000000,3.134792,6.502041,11.566083,0.000000,0.000000000,0.000000000,0.000000,0.000000,physical-impact solve excluded above AC-bus budget
R2-35.00-1-ACDC,plausible_converter_setpoint_error,11,VSCConverter/1/p_set_mw,0.051397,1,0,0,0,0,0,0,0,0,0.000000000000,0,0.000000000000,3.188792,6.484958,11.489833,0.000000,0.000000000,0.000000000,0.000000,0.000000,physical-impact solve excluded above AC-bus budget
R2-35.00-1-ACDC,plausible_converter_setpoint_error,12,VSCConverter/1/p_set_mw,0.029421,1,0,0,0,0,0,0,0,0,0.000000000000,0,0.000000000000,3.165792,6.471875,11.500875,0.000000,0.000000000,0.000000000,0.000000,0.000000,physical-impact solve excluded above AC-bus budget
R2-35.00-1-ACDC,plausible_converter_setpoint_error,13,VSCConverter/1/p_set_mw,-0.045994,1,0,0,0,0,0,0,0,0,0.000000000000,0,0.000000000000,3.135292,6.279542,11.371625,0.000000,0.000000000,0.000000000,0.000000,0.000000,physical-impact solve excluded above AC-bus budget
R2-35.00-1-ACDC,plausible_converter_setpoint_error,14,VSCConverter/1/p_set_mw,-0.016107,1,0,0,0,0,0,0,0,0,0.000000000000,0,0.000000000000,3.189250,6.488416,11.497791,0.000000,0.000000000,0.000000000,0.000000,0.000000,physical-impact solve excluded above AC-bus budget
R2-35.00-1-ACDC,plausible_converter_setpoint_error,15,VSCConverter/1/p_set_mw,-0.035225,1,0,0,0,0,0,0,0,0,0.000000000000,0,0.000000000000,3.163292,6.502750,11.542625,0.000000,0.000000000,0.000000000,0.000000,0.000000,physical-impact solve excluded above AC-bus budget
R2-35.00-1-ACDC,plausible_converter_setpoint_error,16,VSCConverter/1/p_set_mw,-0.043086,1,0,0,0,0,0,0,0,0,0.000000000000,0,0.000000000000,3.160542,6.507666,11.545833,0.000000,0.000000000,0.000000000,0.000000,0.000000,physical-impact solve excluded above AC-bus budget
R2-35.00-1-ACDC,plausible_converter_setpoint_error,17,VSCConverter/1/p_set_mw,-0.017472,1,0,0,0,0,0,0,0,0,0.000000000000,0,0.000000000000,3.177041,6.523459,11.480750,0.000000,0.000000000,0.000000000,0.000000,0.000000,physical-impact solve excluded above AC-bus budget
R2-35.00-1-ACDC,plausible_converter_setpoint_error,18,VSCConverter/1/p_set_mw,-0.043686,1,0,0,0,0,0,0,0,0,0.000000000000,0,0.000000000000,3.281500,6.519917,11.598208,0.000000,0.000000000,0.000000000,0.000000,0.000000,physical-impact solve excluded above AC-bus budget
R2-35.00-1-ACDC,plausible_converter_setpoint_error,19,VSCConverter/1/p_set_mw,-0.049545,1,0,0,0,0,0,0,0,0,0.000000000000,0,0.000000000000,3.188250,6.515500,11.614083,0.000000,0.000000000,0.000000000,0.000000,0.000000,physical-impact solve excluded above AC-bus budget
R2-35.00-1-ACDC,plausible_converter_setpoint_error,20,VSCConverter/1/p_set_mw,0.061318,1,0,0,0,0,0,0,0,0,0.000000000000,0,0.000000000000,3.206041,6.661666,11.534083,0.000000,0.000000000,0.000000000,0.000000,0.000000,physical-impact solve excluded above AC-bus budget
R2-35.00-1-ACDC,plausible_converter_setpoint_error,21,VSCConverter/1/p_set_mw,-0.031434,1,0,0,0,0,0,0,0,0,0.000000000000,0,0.000000000000,3.225208,6.316125,11.572917,0.000000,0.000000000,0.000000000,0.000000,0.000000,physical-impact solve excluded above AC-bus budget
R2-35.00-1-ACDC,plausible_converter_setpoint_error,22,VSCConverter/1/p_set_mw,0.017224,1,0,0,0,0,0,0,0,0,0.000000000000,0,0.000000000000,3.128334,6.238417,11.513500,0.000000,0.000000000,0.000000000,0.000000,0.000000,physical-impact solve excluded above AC-bus budget
R2-35.00-1-ACDC,plausible_converter_setpoint_error,23,VSCConverter/1/p_set_mw,0.049075,1,0,0,0,0,0,0,0,0,0.000000000000,0,0.000000000000,3.275875,6.289583,11.429625,0.000000,0.000000000,0.000000000,0.000000,0.000000,physical-impact solve excluded above AC-bus budget
R2-35.00-1-ACDC,plausible_converter_setpoint_error,24,VSCConverter/1/p_set_mw,0.024857,1,0,0,0,0,0,0,0,0,0.000000000000,0,0.000000000000,3.154792,6.544000,11.418625,0.000000,0.000000000,0.000000000,0.000000,0.000000,physical-impact solve excluded above AC-bus budget
R3-12.47-3-ACDC,valid_control,0,none,0.000000,1,0,0,0,0,0,0,0,0,0.000000000000,0,0.000000000000,11.912917,39.630250,58.360500,0.000000,0.000000000,0.000000000,0.000000,0.000000,physical-impact solve excluded above AC-bus budget
R3-12.47-3-ACDC,valid_control,1,none,0.000000,1,0,0,0,0,0,0,0,0,0.000000000000,0,0.000000000000,11.887834,39.382041,58.607458,0.000000,0.000000000,0.000000000,0.000000,0.000000,physical-impact solve excluded above AC-bus budget
R3-12.47-3-ACDC,valid_control,2,none,0.000000,1,0,0,0,0,0,0,0,0,0.000000000000,0,0.000000000000,11.967709,39.190958,58.269167,0.000000,0.000000000,0.000000000,0.000000,0.000000,physical-impact solve excluded above AC-bus budget
R3-12.47-3-ACDC,valid_control,3,none,0.000000,1,0,0,0,0,0,0,0,0,0.000000000000,0,0.000000000000,12.182208,39.060041,58.239125,0.000000,0.000000000,0.000000000,0.000000,0.000000,physical-impact solve excluded above AC-bus budget
R3-12.47-3-ACDC,valid_control,4,none,0.000000,1,0,0,0,0,0,0,0,0,0.000000000000,0,0.000000000000,12.121959,39.124709,60.285333,0.000000,0.000000000,0.000000000,0.000000,0.000000,physical-impact solve excluded above AC-bus budget
R3-12.47-3-ACDC,valid_control,5,none,0.000000,1,0,0,0,0,0,0,0,0,0.000000000000,0,0.000000000000,12.710667,40.189542,62.233417,0.000000,0.000000000,0.000000000,0.000000,0.000000,physical-impact solve excluded above AC-bus budget
R3-12.47-3-ACDC,valid_control,6,none,0.000000,1,0,0,0,0,0,0,0,0,0.000000000000,0,0.000000000000,12.995042,40.266208,60.618334,0.000000,0.000000000,0.000000000,0.000000,0.000000,physical-impact solve excluded above AC-bus budget
R3-12.47-3-ACDC,valid_control,7,none,0.000000,1,0,0,0,0,0,0,0,0,0.000000000000,0,0.000000000000,12.499417,41.689959,61.535083,0.000000,0.000000000,0.000000000,0.000000,0.000000,physical-impact solve excluded above AC-bus budget
R3-12.47-3-ACDC,valid_control,8,none,0.000000,1,0,0,0,0,0,0,0,0,0.000000000000,0,0.000000000000,11.850375,41.793959,60.684375,0.000000,0.000000000,0.000000000,0.000000,0.000000,physical-impact solve excluded above AC-bus budget
R3-12.47-3-ACDC,valid_control,9,none,0.000000,1,0,0,0,0,0,0,0,0,0.000000000000,0,0.000000000000,12.562916,41.006541,61.468458,0.000000,0.000000000,0.000000000,0.000000,0.000000,physical-impact solve excluded above AC-bus budget
R3-12.47-3-ACDC,valid_control,10,none,0.000000,1,0,0,0,0,0,0,0,0,0.000000000000,0,0.000000000000,12.551667,41.431083,61.921375,0.000000,0.000000000,0.000000000,0.000000,0.000000,physical-impact solve excluded above AC-bus budget
R3-12.47-3-ACDC,valid_control,11,none,0.000000,1,0,0,0,0,0,0,0,0,0.000000000000,0,0.000000000000,12.767000,40.735417,61.133291,0.000000,0.000000000,0.000000000,0.000000,0.000000,physical-impact solve excluded above AC-bus budget
R3-12.47-3-ACDC,valid_control,12,none,0.000000,1,0,0,0,0,0,0,0,0,0.000000000000,0,0.000000000000,12.325083,40.099625,59.831167,0.000000,0.000000000,0.000000000,0.000000,0.000000,physical-impact solve excluded above AC-bus budget
R3-12.47-3-ACDC,valid_control,13,none,0.000000,1,0,0,0,0,0,0,0,0,0.000000000000,0,0.000000000000,12.299084,40.014458,58.596334,0.000000,0.000000000,0.000000000,0.000000,0.000000,physical-impact solve excluded above AC-bus budget
R3-12.47-3-ACDC,valid_control,14,none,0.000000,1,0,0,0,0,0,0,0,0,0.000000000000,0,0.000000000000,12.131416,39.431333,59.131500,0.000000,0.000000000,0.000000000,0.000000,0.000000,physical-impact solve excluded above AC-bus budget
R3-12.47-3-ACDC,valid_control,15,none,0.000000,1,0,0,0,0,0,0,0,0,0.000000000000,0,0.000000000000,13.652542,40.530334,67.296041,0.000000,0.000000000,0.000000000,0.000000,0.000000,physical-impact solve excluded above AC-bus budget
R3-12.47-3-ACDC,valid_control,16,none,0.000000,1,0,0,0,0,0,0,0,0,0.000000000000,0,0.000000000000,12.287250,41.024333,62.157584,0.000000,0.000000000,0.000000000,0.000000,0.000000,physical-impact solve excluded above AC-bus budget
R3-12.47-3-ACDC,valid_control,17,none,0.000000,1,0,0,0,0,0,0,0,0,0.000000000000,0,0.000000000000,13.005625,39.680333,60.077417,0.000000,0.000000000,0.000000000,0.000000,0.000000,physical-impact solve excluded above AC-bus budget
R3-12.47-3-ACDC,valid_control,18,none,0.000000,1,0,0,0,0,0,0,0,0,0.000000000000,0,0.000000000000,12.553916,39.553583,58.187875,0.000000,0.000000000,0.000000000,0.000000,0.000000,physical-impact solve excluded above AC-bus budget
R3-12.47-3-ACDC,valid_control,19,none,0.000000,1,0,0,0,0,0,0,0,0,0.000000000000,0,0.000000000000,12.160500,40.967208,58.828125,0.000000,0.000000000,0.000000000,0.000000,0.000000,physical-impact solve excluded above AC-bus budget
R3-12.47-3-ACDC,valid_control,20,none,0.000000,1,0,0,0,0,0,0,0,0,0.000000000000,0,0.000000000000,12.125542,39.514333,57.642375,0.000000,0.000000000,0.000000000,0.000000,0.000000,physical-impact solve excluded above AC-bus budget
R3-12.47-3-ACDC,valid_control,21,none,0.000000,1,0,0,0,0,0,0,0,0,0.000000000000,0,0.000000000000,12.055083,39.384666,59.141791,0.000000,0.000000000,0.000000000,0.000000,0.000000,physical-impact solve excluded above AC-bus budget
R3-12.47-3-ACDC,valid_control,22,none,0.000000,1,0,0,0,0,0,0,0,0,0.000000000000,0,0.000000000000,12.695666,39.817375,58.539958,0.000000,0.000000000,0.000000000,0.000000,0.000000,physical-impact solve excluded above AC-bus budget
R3-12.47-3-ACDC,valid_control,23,none,0.000000,1,0,0,0,0,0,0,0,0,0.000000000000,0,0.000000000000,12.146125,39.122875,58.127625,0.000000,0.000000000,0.000000000,0.000000,0.000000,physical-impact solve excluded above AC-bus budget
R3-12.47-3-ACDC,valid_control,24,none,0.000000,1,0,0,0,0,0,0,0,0,0.000000000000,0,0.000000000000,12.097417,40.435167,59.100750,0.000000,0.000000000,0.000000000,0.000000,0.000000,physical-impact solve excluded above AC-bus budget
R3-12.47-3-ACDC,missing_vsc_ac_terminal,0,VSCConverter/2/bus_ac,0.000000,0,1,0,1,1,1,1,0,0,0.000000000000,0,0.000000000000,9.996375,34.058500,50.767791,0.000000,0.000000000,0.000000000,0.000000,0.000000,validation: 1 error(s): [VSCConverter/2/bus_ac] bus_ac 100750509 not found;; solver-only baseline excluded above structural-fault AC-bus budget
R3-12.47-3-ACDC,missing_vsc_ac_terminal,1,VSCConverter/1/bus_ac,0.000000,0,1,0,1,1,1,1,0,0,0.000000000000,0,0.000000000000,10.203750,33.812834,50.785375,0.000000,0.000000000,0.000000000,0.000000,0.000000,validation: 1 error(s): [VSCConverter/1/bus_ac] bus_ac 100618007 not found;; solver-only baseline excluded above structural-fault AC-bus budget
R3-12.47-3-ACDC,missing_vsc_ac_terminal,2,VSCConverter/2/bus_ac,0.000000,0,1,0,1,1,1,1,0,0,0.000000000000,0,0.000000000000,10.131292,33.929875,50.841208,0.000000,0.000000000,0.000000000,0.000000,0.000000,validation: 1 error(s): [VSCConverter/2/bus_ac] bus_ac 100264855 not found;; solver-only baseline excluded above structural-fault AC-bus budget
R3-12.47-3-ACDC,missing_vsc_ac_terminal,3,VSCConverter/1/bus_ac,0.000000,0,1,0,1,1,1,1,0,0,0.000000000000,0,0.000000000000,10.241125,34.526750,50.184083,0.000000,0.000000000,0.000000000,0.000000,0.000000,validation: 1 error(s): [VSCConverter/1/bus_ac] bus_ac 100583591 not found;; solver-only baseline excluded above structural-fault AC-bus budget
R3-12.47-3-ACDC,missing_vsc_ac_terminal,4,VSCConverter/2/bus_ac,0.000000,0,1,0,1,1,1,1,0,0,0.000000000000,0,0.000000000000,10.076208,34.215667,56.814709,0.000000,0.000000000,0.000000000,0.000000,0.000000,validation: 1 error(s): [VSCConverter/2/bus_ac] bus_ac 100750931 not found;; solver-only baseline excluded above structural-fault AC-bus budget
R3-12.47-3-ACDC,missing_vsc_ac_terminal,5,VSCConverter/1/bus_ac,0.000000,0,1,0,1,1,1,1,0,0,0.000000000000,0,0.000000000000,10.520417,34.020500,51.056500,0.000000,0.000000000,0.000000000,0.000000,0.000000,validation: 1 error(s): [VSCConverter/1/bus_ac] bus_ac 100753471 not found;; solver-only baseline excluded above structural-fault AC-bus budget
R3-12.47-3-ACDC,missing_vsc_ac_terminal,6,VSCConverter/1/bus_ac,0.000000,0,1,0,1,1,1,1,0,0,0.000000000000,0,0.000000000000,10.326041,34.775375,50.958209,0.000000,0.000000000,0.000000000,0.000000,0.000000,validation: 1 error(s): [VSCConverter/1/bus_ac] bus_ac 100514811 not found;; solver-only baseline excluded above structural-fault AC-bus budget
R3-12.47-3-ACDC,missing_vsc_ac_terminal,7,VSCConverter/2/bus_ac,0.000000,0,1,0,1,1,1,1,0,0,0.000000000000,0,0.000000000000,10.092167,34.478709,50.595375,0.000000,0.000000000,0.000000000,0.000000,0.000000,validation: 1 error(s): [VSCConverter/2/bus_ac] bus_ac 100389092 not found;; solver-only baseline excluded above structural-fault AC-bus budget
R3-12.47-3-ACDC,missing_vsc_ac_terminal,8,VSCConverter/2/bus_ac,0.000000,0,1,0,1,1,1,1,0,0,0.000000000000,0,0.000000000000,10.515625,34.112333,51.000875,0.000000,0.000000000,0.000000000,0.000000,0.000000,validation: 1 error(s): [VSCConverter/2/bus_ac] bus_ac 100675488 not found;; solver-only baseline excluded above structural-fault AC-bus budget
R3-12.47-3-ACDC,missing_vsc_ac_terminal,9,VSCConverter/1/bus_ac,0.000000,0,1,0,1,1,1,1,0,0,0.000000000000,0,0.000000000000,10.272750,33.353417,50.556167,0.000000,0.000000000,0.000000000,0.000000,0.000000,validation: 1 error(s): [VSCConverter/1/bus_ac] bus_ac 100122395 not found;; solver-only baseline excluded above structural-fault AC-bus budget
R3-12.47-3-ACDC,missing_vsc_ac_terminal,10,VSCConverter/1/bus_ac,0.000000,0,1,0,1,1,1,1,0,0,0.000000000000,0,0.000000000000,10.007500,34.121708,50.783000,0.000000,0.000000000,0.000000000,0.000000,0.000000,validation: 1 error(s): [VSCConverter/1/bus_ac] bus_ac 100764839 not found;; solver-only baseline excluded above structural-fault AC-bus budget
R3-12.47-3-ACDC,missing_vsc_ac_terminal,11,VSCConverter/2/bus_ac,0.000000,0,1,0,1,1,1,1,0,0,0.000000000000,0,0.000000000000,10.055083,34.307167,50.604250,0.000000,0.000000000,0.000000000,0.000000,0.000000,validation: 1 error(s): [VSCConverter/2/bus_ac] bus_ac 100678155 not found;; solver-only baseline excluded above structural-fault AC-bus budget
R3-12.47-3-ACDC,missing_vsc_ac_terminal,12,VSCConverter/1/bus_ac,0.000000,0,1,0,1,1,1,1,0,0,0.000000000000,0,0.000000000000,10.006625,34.112333,61.172708,0.000000,0.000000000,0.000000000,0.000000,0.000000,validation: 1 error(s): [VSCConverter/1/bus_ac] bus_ac 100499375 not found;; solver-only baseline excluded above structural-fault AC-bus budget
R3-12.47-3-ACDC,missing_vsc_ac_terminal,13,VSCConverter/1/bus_ac,0.000000,0,1,0,1,1,1,1,0,0,0.000000000000,0,0.000000000000,13.439250,36.302917,51.114292,0.000000,0.000000000,0.000000000,0.000000,0.000000,validation: 1 error(s): [VSCConverter/1/bus_ac] bus_ac 100064052 not found;; solver-only baseline excluded above structural-fault AC-bus budget
R3-12.47-3-ACDC,missing_vsc_ac_terminal,14,VSCConverter/2/bus_ac,0.000000,0,1,0,1,1,1,1,0,0,0.000000000000,0,0.000000000000,10.319541,35.031041,51.925250,0.000000,0.000000000,0.000000000,0.000000,0.000000,validation: 1 error(s): [VSCConverter/2/bus_ac] bus_ac 100449785 not found;; solver-only baseline excluded above structural-fault AC-bus budget
R3-12.47-3-ACDC,missing_vsc_ac_terminal,15,VSCConverter/2/bus_ac,0.000000,0,1,0,1,1,1,1,0,0,0.000000000000,0,0.000000000000,10.154125,34.262750,49.840667,0.000000,0.000000000,0.000000000,0.000000,0.000000,validation: 1 error(s): [VSCConverter/2/bus_ac] bus_ac 100605115 not found;; solver-only baseline excluded above structural-fault AC-bus budget
R3-12.47-3-ACDC,missing_vsc_ac_terminal,16,VSCConverter/2/bus_ac,0.000000,0,1,0,1,1,1,1,0,0,0.000000000000,0,0.000000000000,10.233166,34.357125,50.768834,0.000000,0.000000000,0.000000000,0.000000,0.000000,validation: 1 error(s): [VSCConverter/2/bus_ac] bus_ac 100659660 not found;; solver-only baseline excluded above structural-fault AC-bus budget
R3-12.47-3-ACDC,missing_vsc_ac_terminal,17,VSCConverter/2/bus_ac,0.000000,0,1,0,1,1,1,1,0,0,0.000000000000,0,0.000000000000,10.209458,34.184666,52.571208,0.000000,0.000000000,0.000000000,0.000000,0.000000,validation: 1 error(s): [VSCConverter/2/bus_ac] bus_ac 100183760 not found;; solver-only baseline excluded above structural-fault AC-bus budget
R3-12.47-3-ACDC,missing_vsc_ac_terminal,18,VSCConverter/1/bus_ac,0.000000,0,1,0,1,1,1,1,0,0,0.000000000000,0,0.000000000000,10.255667,34.530208,52.548000,0.000000,0.000000000,0.000000000,0.000000,0.000000,validation: 1 error(s): [VSCConverter/1/bus_ac] bus_ac 100860705 not found;; solver-only baseline excluded above structural-fault AC-bus budget
R3-12.47-3-ACDC,missing_vsc_ac_terminal,19,VSCConverter/1/bus_ac,0.000000,0,1,0,1,1,1,1,0,0,0.000000000000,0,0.000000000000,10.790042,35.120459,50.739875,0.000000,0.000000000,0.000000000,0.000000,0.000000,validation: 1 error(s): [VSCConverter/1/bus_ac] bus_ac 100645886 not found;; solver-only baseline excluded above structural-fault AC-bus budget
R3-12.47-3-ACDC,missing_vsc_ac_terminal,20,VSCConverter/2/bus_ac,0.000000,0,1,0,1,1,1,1,0,0,0.000000000000,0,0.000000000000,10.038750,34.313000,50.734000,0.000000,0.000000000,0.000000000,0.000000,0.000000,validation: 1 error(s): [VSCConverter/2/bus_ac] bus_ac 100446843 not found;; solver-only baseline excluded above structural-fault AC-bus budget
R3-12.47-3-ACDC,missing_vsc_ac_terminal,21,VSCConverter/2/bus_ac,0.000000,0,1,0,1,1,1,1,0,0,0.000000000000,0,0.000000000000,10.338208,34.596792,50.646917,0.000000,0.000000000,0.000000000,0.000000,0.000000,validation: 1 error(s): [VSCConverter/2/bus_ac] bus_ac 100544339 not found;; solver-only baseline excluded above structural-fault AC-bus budget
R3-12.47-3-ACDC,missing_vsc_ac_terminal,22,VSCConverter/1/bus_ac,0.000000,0,1,0,1,1,1,1,0,0,0.000000000000,0,0.000000000000,10.221500,34.409750,50.770791,0.000000,0.000000000,0.000000000,0.000000,0.000000,validation: 1 error(s): [VSCConverter/1/bus_ac] bus_ac 100433578 not found;; solver-only baseline excluded above structural-fault AC-bus budget
R3-12.47-3-ACDC,missing_vsc_ac_terminal,23,VSCConverter/2/bus_ac,0.000000,0,1,0,1,1,1,1,0,0,0.000000000000,0,0.000000000000,10.156542,34.126625,50.623208,0.000000,0.000000000,0.000000000,0.000000,0.000000,validation: 1 error(s): [VSCConverter/2/bus_ac] bus_ac 100127841 not found;; solver-only baseline excluded above structural-fault AC-bus budget
R3-12.47-3-ACDC,missing_vsc_ac_terminal,24,VSCConverter/2/bus_ac,0.000000,0,1,0,1,1,1,1,0,0,0.000000000000,0,0.000000000000,10.263375,34.359125,50.039959,0.000000,0.000000000,0.000000000,0.000000,0.000000,validation: 1 error(s): [VSCConverter/2/bus_ac] bus_ac 100763821 not found;; solver-only baseline excluded above structural-fault AC-bus budget
R3-12.47-3-ACDC,missing_vsc_dc_terminal,0,VSCConverter/1/bus_dc,0.000000,0,1,0,1,1,1,1,0,0,0.000000000000,0,0.000000000000,10.205750,33.856750,50.810084,0.000000,0.000000000,0.000000000,0.000000,0.000000,validation: 1 error(s): [VSCConverter/1/bus_dc] bus_dc 200074929 not found;; solver-only baseline excluded above structural-fault AC-bus budget
R3-12.47-3-ACDC,missing_vsc_dc_terminal,1,VSCConverter/1/bus_dc,0.000000,0,1,0,1,1,1,1,0,0,0.000000000000,0,0.000000000000,10.163667,34.331667,50.437000,0.000000,0.000000000,0.000000000,0.000000,0.000000,validation: 1 error(s): [VSCConverter/1/bus_dc] bus_dc 200239031 not found;; solver-only baseline excluded above structural-fault AC-bus budget
R3-12.47-3-ACDC,missing_vsc_dc_terminal,2,VSCConverter/1/bus_dc,0.000000,0,1,0,1,1,1,1,0,0,0.000000000000,0,0.000000000000,9.952542,34.028916,50.578042,0.000000,0.000000000,0.000000000,0.000000,0.000000,validation: 1 error(s): [VSCConverter/1/bus_dc] bus_dc 200817881 not found;; solver-only baseline excluded above structural-fault AC-bus budget
R3-12.47-3-ACDC,missing_vsc_dc_terminal,3,VSCConverter/2/bus_dc,0.000000,0,1,0,1,1,1,1,0,0,0.000000000000,0,0.000000000000,10.137167,33.918167,50.533125,0.000000,0.000000000,0.000000000,0.000000,0.000000,"validation: 1 error(s), 1 warning(s): [DCBus/2/bus_type] DC voltage-reference bus 2 has no in-service physical balancing device. It will be treated as an ideal bidirectional DC voltage boundary; add controllable DC storage, a DC-voltage-forming VSC/LCC, or a voltage-forming DC/DC converter when a physical boundary model is required.; [VSCConverter/2/bus_dc] bus_dc 200467330 not found;; solver-only baseline excluded above structural-fault AC-bus budget"
R3-12.47-3-ACDC,missing_vsc_dc_terminal,4,VSCConverter/1/bus_dc,0.000000,0,1,0,1,1,1,1,0,0,0.000000000000,0,0.000000000000,10.121250,34.209292,50.250417,0.000000,0.000000000,0.000000000,0.000000,0.000000,validation: 1 error(s): [VSCConverter/1/bus_dc] bus_dc 200095666 not found;; solver-only baseline excluded above structural-fault AC-bus budget
R3-12.47-3-ACDC,missing_vsc_dc_terminal,5,VSCConverter/2/bus_dc,0.000000,0,1,0,1,1,1,1,0,0,0.000000000000,0,0.000000000000,10.244541,33.928916,51.412041,0.000000,0.000000000,0.000000000,0.000000,0.000000,"validation: 1 error(s), 1 warning(s): [DCBus/2/bus_type] DC voltage-reference bus 2 has no in-service physical balancing device. It will be treated as an ideal bidirectional DC voltage boundary; add controllable DC storage, a DC-voltage-forming VSC/LCC, or a voltage-forming DC/DC converter when a physical boundary model is required.; [VSCConverter/2/bus_dc] bus_dc 200006615 not found;; solver-only baseline excluded above structural-fault AC-bus budget"
R3-12.47-3-ACDC,missing_vsc_dc_terminal,6,VSCConverter/1/bus_dc,0.000000,0,1,0,1,1,1,1,0,0,0.000000000000,0,0.000000000000,10.146708,34.483000,51.356834,0.000000,0.000000000,0.000000000,0.000000,0.000000,validation: 1 error(s): [VSCConverter/1/bus_dc] bus_dc 200773925 not found;; solver-only baseline excluded above structural-fault AC-bus budget
R3-12.47-3-ACDC,missing_vsc_dc_terminal,7,VSCConverter/2/bus_dc,0.000000,0,1,0,1,1,1,1,0,0,0.000000000000,0,0.000000000000,10.123709,34.563250,50.517083,0.000000,0.000000000,0.000000000,0.000000,0.000000,"validation: 1 error(s), 1 warning(s): [DCBus/2/bus_type] DC voltage-reference bus 2 has no in-service physical balancing device. It will be treated as an ideal bidirectional DC voltage boundary; add controllable DC storage, a DC-voltage-forming VSC/LCC, or a voltage-forming DC/DC converter when a physical boundary model is required.; [VSCConverter/2/bus_dc] bus_dc 200654899 not found;; solver-only baseline excluded above structural-fault AC-bus budget"
R3-12.47-3-ACDC,missing_vsc_dc_terminal,8,VSCConverter/1/bus_dc,0.000000,0,1,0,1,1,1,1,0,0,0.000000000000,0,0.000000000000,10.206833,34.222833,50.297541,0.000000,0.000000000,0.000000000,0.000000,0.000000,validation: 1 error(s): [VSCConverter/1/bus_dc] bus_dc 200284634 not found;; solver-only baseline excluded above structural-fault AC-bus budget
R3-12.47-3-ACDC,missing_vsc_dc_terminal,9,VSCConverter/1/bus_dc,0.000000,0,1,0,1,1,1,1,0,0,0.000000000000,0,0.000000000000,10.020042,34.681083,51.652292,0.000000,0.000000000,0.000000000,0.000000,0.000000,validation: 1 error(s): [VSCConverter/1/bus_dc] bus_dc 200504241 not found;; solver-only baseline excluded above structural-fault AC-bus budget
R3-12.47-3-ACDC,missing_vsc_dc_terminal,10,VSCConverter/1/bus_dc,0.000000,0,1,0,1,1,1,1,0,0,0.000000000000,0,0.000000000000,10.327167,34.758833,51.239333,0.000000,0.000000000,0.000000000,0.000000,0.000000,validation: 1 error(s): [VSCConverter/1/bus_dc] bus_dc 200801088 not found;; solver-only baseline excluded above structural-fault AC-bus budget
R3-12.47-3-ACDC,missing_vsc_dc_terminal,11,VSCConverter/1/bus_dc,0.000000,0,1,0,1,1,1,1,0,0,0.000000000000,0,0.000000000000,10.265667,34.317333,50.880917,0.000000,0.000000000,0.000000000,0.000000,0.000000,validation: 1 error(s): [VSCConverter/1/bus_dc] bus_dc 200339334 not found;; solver-only baseline excluded above structural-fault AC-bus budget
R3-12.47-3-ACDC,missing_vsc_dc_terminal,12,VSCConverter/2/bus_dc,0.000000,0,1,0,1,1,1,1,0,0,0.000000000000,0,0.000000000000,10.201209,34.398375,51.719375,0.000000,0.000000000,0.000000000,0.000000,0.000000,"validation: 1 error(s), 1 warning(s): [DCBus/2/bus_type] DC voltage-reference bus 2 has no in-service physical balancing device. It will be treated as an ideal bidirectional DC voltage boundary; add controllable DC storage, a DC-voltage-forming VSC/LCC, or a voltage-forming DC/DC converter when a physical boundary model is required.; [VSCConverter/2/bus_dc] bus_dc 200741893 not found;; solver-only baseline excluded above structural-fault AC-bus budget"
R3-12.47-3-ACDC,missing_vsc_dc_terminal,13,VSCConverter/1/bus_dc,0.000000,0,1,0,1,1,1,1,0,0,0.000000000000,0,0.000000000000,10.082708,34.682166,52.158416,0.000000,0.000000000,0.000000000,0.000000,0.000000,validation: 1 error(s): [VSCConverter/1/bus_dc] bus_dc 200208557 not found;; solver-only baseline excluded above structural-fault AC-bus budget
R3-12.47-3-ACDC,missing_vsc_dc_terminal,14,VSCConverter/2/bus_dc,0.000000,0,1,0,1,1,1,1,0,0,0.000000000000,0,0.000000000000,10.294584,35.051667,50.443708,0.000000,0.000000000,0.000000000,0.000000,0.000000,"validation: 1 error(s), 1 warning(s): [DCBus/2/bus_type] DC voltage-reference bus 2 has no in-service physical balancing device. It will be treated as an ideal bidirectional DC voltage boundary; add controllable DC storage, a DC-voltage-forming VSC/LCC, or a voltage-forming DC/DC converter when a physical boundary model is required.; [VSCConverter/2/bus_dc] bus_dc 200635461 not found;; solver-only baseline excluded above structural-fault AC-bus budget"
R3-12.47-3-ACDC,missing_vsc_dc_terminal,15,VSCConverter/1/bus_dc,0.000000,0,1,0,1,1,1,1,0,0,0.000000000000,0,0.000000000000,10.367041,34.246750,50.485375,0.000000,0.000000000,0.000000000,0.000000,0.000000,validation: 1 error(s): [VSCConverter/1/bus_dc] bus_dc 200738876 not found;; solver-only baseline excluded above structural-fault AC-bus budget
R3-12.47-3-ACDC,missing_vsc_dc_terminal,16,VSCConverter/1/bus_dc,0.000000,0,1,0,1,1,1,1,0,0,0.000000000000,0,0.000000000000,10.045375,34.542417,51.678541,0.000000,0.000000000,0.000000000,0.000000,0.000000,validation: 1 error(s): [VSCConverter/1/bus_dc] bus_dc 200424359 not found;; solver-only baseline excluded above structural-fault AC-bus budget
R3-12.47-3-ACDC,missing_vsc_dc_terminal,17,VSCConverter/2/bus_dc,0.000000,0,1,0,1,1,1,1,0,0,0.000000000000,0,0.000000000000,10.066292,34.410708,51.581625,0.000000,0.000000000,0.000000000,0.000000,0.000000,"validation: 1 error(s), 1 warning(s): [DCBus/2/bus_type] DC voltage-reference bus 2 has no in-service physical balancing device. It will be treated as an ideal bidirectional DC voltage boundary; add controllable DC storage, a DC-voltage-forming VSC/LCC, or a voltage-forming DC/DC converter when a physical boundary model is required.; [VSCConverter/2/bus_dc] bus_dc 200562735 not found;; solver-only baseline excluded above structural-fault AC-bus budget"
R3-12.47-3-ACDC,missing_vsc_dc_terminal,18,VSCConverter/2/bus_dc,0.000000,0,1,0,1,1,1,1,0,0,0.000000000000,0,0.000000000000,10.106625,34.411167,50.522125,0.000000,0.000000000,0.000000000,0.000000,0.000000,"validation: 1 error(s), 1 warning(s): [DCBus/2/bus_type] DC voltage-reference bus 2 has no in-service physical balancing device. It will be treated as an ideal bidirectional DC voltage boundary; add controllable DC storage, a DC-voltage-forming VSC/LCC, or a voltage-forming DC/DC converter when a physical boundary model is required.; [VSCConverter/2/bus_dc] bus_dc 200930148 not found;; solver-only baseline excluded above structural-fault AC-bus budget"
R3-12.47-3-ACDC,missing_vsc_dc_terminal,19,VSCConverter/2/bus_dc,0.000000,0,1,0,1,1,1,1,0,0,0.000000000000,0,0.000000000000,10.400375,34.411958,52.872125,0.000000,0.000000000,0.000000000,0.000000,0.000000,"validation: 1 error(s), 1 warning(s): [DCBus/2/bus_type] DC voltage-reference bus 2 has no in-service physical balancing device. It will be treated as an ideal bidirectional DC voltage boundary; add controllable DC storage, a DC-voltage-forming VSC/LCC, or a voltage-forming DC/DC converter when a physical boundary model is required.; [VSCConverter/2/bus_dc] bus_dc 200883961 not found;; solver-only baseline excluded above structural-fault AC-bus budget"
R3-12.47-3-ACDC,missing_vsc_dc_terminal,20,VSCConverter/2/bus_dc,0.000000,0,1,0,1,1,1,1,0,0,0.000000000000,0,0.000000000000,10.803667,34.264084,51.078375,0.000000,0.000000000,0.000000000,0.000000,0.000000,"validation: 1 error(s), 1 warning(s): [DCBus/2/bus_type] DC voltage-reference bus 2 has no in-service physical balancing device. It will be treated as an ideal bidirectional DC voltage boundary; add controllable DC storage, a DC-voltage-forming VSC/LCC, or a voltage-forming DC/DC converter when a physical boundary model is required.; [VSCConverter/2/bus_dc] bus_dc 200989557 not found;; solver-only baseline excluded above structural-fault AC-bus budget"
R3-12.47-3-ACDC,missing_vsc_dc_terminal,21,VSCConverter/1/bus_dc,0.000000,0,1,0,1,1,1,1,0,0,0.000000000000,0,0.000000000000,10.217459,34.386541,50.385250,0.000000,0.000000000,0.000000000,0.000000,0.000000,validation: 1 error(s): [VSCConverter/1/bus_dc] bus_dc 200011023 not found;; solver-only baseline excluded above structural-fault AC-bus budget
R3-12.47-3-ACDC,missing_vsc_dc_terminal,22,VSCConverter/2/bus_dc,0.000000,0,1,0,1,1,1,1,0,0,0.000000000000,0,0.000000000000,10.161542,34.386416,52.359583,0.000000,0.000000000,0.000000000,0.000000,0.000000,"validation: 1 error(s), 1 warning(s): [DCBus/2/bus_type] DC voltage-reference bus 2 has no in-service physical balancing device. It will be treated as an ideal bidirectional DC voltage boundary; add controllable DC storage, a DC-voltage-forming VSC/LCC, or a voltage-forming DC/DC converter when a physical boundary model is required.; [VSCConverter/2/bus_dc] bus_dc 200642447 not found;; solver-only baseline excluded above structural-fault AC-bus budget"
R3-12.47-3-ACDC,missing_vsc_dc_terminal,23,VSCConverter/2/bus_dc,0.000000,0,1,0,1,1,1,1,0,0,0.000000000000,0,0.000000000000,10.117833,34.323834,50.260417,0.000000,0.000000000,0.000000000,0.000000,0.000000,"validation: 1 error(s), 1 warning(s): [DCBus/2/bus_type] DC voltage-reference bus 2 has no in-service physical balancing device. It will be treated as an ideal bidirectional DC voltage boundary; add controllable DC storage, a DC-voltage-forming VSC/LCC, or a voltage-forming DC/DC converter when a physical boundary model is required.; [VSCConverter/2/bus_dc] bus_dc 200965948 not found;; solver-only baseline excluded above structural-fault AC-bus budget"
R3-12.47-3-ACDC,missing_vsc_dc_terminal,24,VSCConverter/2/bus_dc,0.000000,0,1,0,1,1,1,1,0,0,0.000000000000,0,0.000000000000,10.237875,34.136666,50.632459,0.000000,0.000000000,0.000000000,0.000000,0.000000,"validation: 1 error(s), 1 warning(s): [DCBus/2/bus_type] DC voltage-reference bus 2 has no in-service physical balancing device. It will be treated as an ideal bidirectional DC voltage boundary; add controllable DC storage, a DC-voltage-forming VSC/LCC, or a voltage-forming DC/DC converter when a physical boundary model is required.; [VSCConverter/2/bus_dc] bus_dc 200743603 not found;; solver-only baseline excluded above structural-fault AC-bus budget"
R3-12.47-3-ACDC,missing_ac_reference,0,ACSystem/reference,0.000000,0,1,0,1,1,1,1,0,0,0.000000000000,0,0.000000000000,10.955958,33.957375,52.547458,0.000000,0.000000000,0.000000000,0.000000,0.000000,"validation: 1 error(s), 1 warning(s): [ACSystem] No slack bus found (BusType::SLACK or Generator::is_slack); [ACSystem/connectivity] AC island 0 (6988 buses) contains no slack bus;; solver-only baseline excluded above structural-fault AC-bus budget"
R3-12.47-3-ACDC,missing_ac_reference,1,ACSystem/reference,0.000000,0,1,0,1,1,1,1,0,0,0.000000000000,0,0.000000000000,11.529375,34.063542,52.226416,0.000000,0.000000000,0.000000000,0.000000,0.000000,"validation: 1 error(s), 1 warning(s): [ACSystem] No slack bus found (BusType::SLACK or Generator::is_slack); [ACSystem/connectivity] AC island 0 (6988 buses) contains no slack bus;; solver-only baseline excluded above structural-fault AC-bus budget"
R3-12.47-3-ACDC,missing_ac_reference,2,ACSystem/reference,0.000000,0,1,0,1,1,1,1,0,0,0.000000000000,0,0.000000000000,11.437958,33.733333,51.887875,0.000000,0.000000000,0.000000000,0.000000,0.000000,"validation: 1 error(s), 1 warning(s): [ACSystem] No slack bus found (BusType::SLACK or Generator::is_slack); [ACSystem/connectivity] AC island 0 (6988 buses) contains no slack bus;; solver-only baseline excluded above structural-fault AC-bus budget"
R3-12.47-3-ACDC,missing_ac_reference,3,ACSystem/reference,0.000000,0,1,0,1,1,1,1,0,0,0.000000000000,0,0.000000000000,11.270792,34.258833,51.502292,0.000000,0.000000000,0.000000000,0.000000,0.000000,"validation: 1 error(s), 1 warning(s): [ACSystem] No slack bus found (BusType::SLACK or Generator::is_slack); [ACSystem/connectivity] AC island 0 (6988 buses) contains no slack bus;; solver-only baseline excluded above structural-fault AC-bus budget"
R3-12.47-3-ACDC,missing_ac_reference,4,ACSystem/reference,0.000000,0,1,0,1,1,1,1,0,0,0.000000000000,0,0.000000000000,11.269875,34.335333,52.355958,0.000000,0.000000000,0.000000000,0.000000,0.000000,"validation: 1 error(s), 1 warning(s): [ACSystem] No slack bus found (BusType::SLACK or Generator::is_slack); [ACSystem/connectivity] AC island 0 (6988 buses) contains no slack bus;; solver-only baseline excluded above structural-fault AC-bus budget"
R3-12.47-3-ACDC,missing_ac_reference,5,ACSystem/reference,0.000000,0,1,0,1,1,1,1,0,0,0.000000000000,0,0.000000000000,11.364709,34.352375,51.523917,0.000000,0.000000000,0.000000000,0.000000,0.000000,"validation: 1 error(s), 1 warning(s): [ACSystem] No slack bus found (BusType::SLACK or Generator::is_slack); [ACSystem/connectivity] AC island 0 (6988 buses) contains no slack bus;; solver-only baseline excluded above structural-fault AC-bus budget"
R3-12.47-3-ACDC,missing_ac_reference,6,ACSystem/reference,0.000000,0,1,0,1,1,1,1,0,0,0.000000000000,0,0.000000000000,11.354042,34.203084,51.301250,0.000000,0.000000000,0.000000000,0.000000,0.000000,"validation: 1 error(s), 1 warning(s): [ACSystem] No slack bus found (BusType::SLACK or Generator::is_slack); [ACSystem/connectivity] AC island 0 (6988 buses) contains no slack bus;; solver-only baseline excluded above structural-fault AC-bus budget"
R3-12.47-3-ACDC,missing_ac_reference,7,ACSystem/reference,0.000000,0,1,0,1,1,1,1,0,0,0.000000000000,0,0.000000000000,11.346667,34.064625,52.377500,0.000000,0.000000000,0.000000000,0.000000,0.000000,"validation: 1 error(s), 1 warning(s): [ACSystem] No slack bus found (BusType::SLACK or Generator::is_slack); [ACSystem/connectivity] AC island 0 (6988 buses) contains no slack bus;; solver-only baseline excluded above structural-fault AC-bus budget"
R3-12.47-3-ACDC,missing_ac_reference,8,ACSystem/reference,0.000000,0,1,0,1,1,1,1,0,0,0.000000000000,0,0.000000000000,11.376292,34.314125,52.057458,0.000000,0.000000000,0.000000000,0.000000,0.000000,"validation: 1 error(s), 1 warning(s): [ACSystem] No slack bus found (BusType::SLACK or Generator::is_slack); [ACSystem/connectivity] AC island 0 (6988 buses) contains no slack bus;; solver-only baseline excluded above structural-fault AC-bus budget"
R3-12.47-3-ACDC,missing_ac_reference,9,ACSystem/reference,0.000000,0,1,0,1,1,1,1,0,0,0.000000000000,0,0.000000000000,11.386000,33.840166,52.022292,0.000000,0.000000000,0.000000000,0.000000,0.000000,"validation: 1 error(s), 1 warning(s): [ACSystem] No slack bus found (BusType::SLACK or Generator::is_slack); [ACSystem/connectivity] AC island 0 (6988 buses) contains no slack bus;; solver-only baseline excluded above structural-fault AC-bus budget"
R3-12.47-3-ACDC,missing_ac_reference,10,ACSystem/reference,0.000000,0,1,0,1,1,1,1,0,0,0.000000000000,0,0.000000000000,11.367000,33.751250,51.285292,0.000000,0.000000000,0.000000000,0.000000,0.000000,"validation: 1 error(s), 1 warning(s): [ACSystem] No slack bus found (BusType::SLACK or Generator::is_slack); [ACSystem/connectivity] AC island 0 (6988 buses) contains no slack bus;; solver-only baseline excluded above structural-fault AC-bus budget"
R3-12.47-3-ACDC,missing_ac_reference,11,ACSystem/reference,0.000000,0,1,0,1,1,1,1,0,0,0.000000000000,0,0.000000000000,11.322666,34.074833,52.584917,0.000000,0.000000000,0.000000000,0.000000,0.000000,"validation: 1 error(s), 1 warning(s): [ACSystem] No slack bus found (BusType::SLACK or Generator::is_slack); [ACSystem/connectivity] AC island 0 (6988 buses) contains no slack bus;; solver-only baseline excluded above structural-fault AC-bus budget"
R3-12.47-3-ACDC,missing_ac_reference,12,ACSystem/reference,0.000000,0,1,0,1,1,1,1,0,0,0.000000000000,0,0.000000000000,11.380917,34.512333,52.178208,0.000000,0.000000000,0.000000000,0.000000,0.000000,"validation: 1 error(s), 1 warning(s): [ACSystem] No slack bus found (BusType::SLACK or Generator::is_slack); [ACSystem/connectivity] AC island 0 (6988 buses) contains no slack bus;; solver-only baseline excluded above structural-fault AC-bus budget"
R3-12.47-3-ACDC,missing_ac_reference,13,ACSystem/reference,0.000000,0,1,0,1,1,1,1,0,0,0.000000000000,0,0.000000000000,11.439209,34.318334,52.686584,0.000000,0.000000000,0.000000000,0.000000,0.000000,"validation: 1 error(s), 1 warning(s): [ACSystem] No slack bus found (BusType::SLACK or Generator::is_slack); [ACSystem/connectivity] AC island 0 (6988 buses) contains no slack bus;; solver-only baseline excluded above structural-fault AC-bus budget"
R3-12.47-3-ACDC,missing_ac_reference,14,ACSystem/reference,0.000000,0,1,0,1,1,1,1,0,0,0.000000000000,0,0.000000000000,11.505875,34.309958,52.269583,0.000000,0.000000000,0.000000000,0.000000,0.000000,"validation: 1 error(s), 1 warning(s): [ACSystem] No slack bus found (BusType::SLACK or Generator::is_slack); [ACSystem/connectivity] AC island 0 (6988 buses) contains no slack bus;; solver-only baseline excluded above structural-fault AC-bus budget"
R3-12.47-3-ACDC,missing_ac_reference,15,ACSystem/reference,0.000000,0,1,0,1,1,1,1,0,0,0.000000000000,0,0.000000000000,11.422791,34.088042,51.583667,0.000000,0.000000000,0.000000000,0.000000,0.000000,"validation: 1 error(s), 1 warning(s): [ACSystem] No slack bus found (BusType::SLACK or Generator::is_slack); [ACSystem/connectivity] AC island 0 (6988 buses) contains no slack bus;; solver-only baseline excluded above structural-fault AC-bus budget"
R3-12.47-3-ACDC,missing_ac_reference,16,ACSystem/reference,0.000000,0,1,0,1,1,1,1,0,0,0.000000000000,0,0.000000000000,11.367125,33.536292,51.903375,0.000000,0.000000000,0.000000000,0.000000,0.000000,"validation: 1 error(s), 1 warning(s): [ACSystem] No slack bus found (BusType::SLACK or Generator::is_slack); [ACSystem/connectivity] AC island 0 (6988 buses) contains no slack bus;; solver-only baseline excluded above structural-fault AC-bus budget"
R3-12.47-3-ACDC,missing_ac_reference,17,ACSystem/reference,0.000000,0,1,0,1,1,1,1,0,0,0.000000000000,0,0.000000000000,11.027542,34.036083,52.539958,0.000000,0.000000000,0.000000000,0.000000,0.000000,"validation: 1 error(s), 1 warning(s): [ACSystem] No slack bus found (BusType::SLACK or Generator::is_slack); [ACSystem/connectivity] AC island 0 (6988 buses) contains no slack bus;; solver-only baseline excluded above structural-fault AC-bus budget"
R3-12.47-3-ACDC,missing_ac_reference,18,ACSystem/reference,0.000000,0,1,0,1,1,1,1,0,0,0.000000000000,0,0.000000000000,11.403791,34.166167,52.219167,0.000000,0.000000000,0.000000000,0.000000,0.000000,"validation: 1 error(s), 1 warning(s): [ACSystem] No slack bus found (BusType::SLACK or Generator::is_slack); [ACSystem/connectivity] AC island 0 (6988 buses) contains no slack bus;; solver-only baseline excluded above structural-fault AC-bus budget"
R3-12.47-3-ACDC,missing_ac_reference,19,ACSystem/reference,0.000000,0,1,0,1,1,1,1,0,0,0.000000000000,0,0.000000000000,11.437250,34.426958,52.217250,0.000000,0.000000000,0.000000000,0.000000,0.000000,"validation: 1 error(s), 1 warning(s): [ACSystem] No slack bus found (BusType::SLACK or Generator::is_slack); [ACSystem/connectivity] AC island 0 (6988 buses) contains no slack bus;; solver-only baseline excluded above structural-fault AC-bus budget"
R3-12.47-3-ACDC,missing_ac_reference,20,ACSystem/reference,0.000000,0,1,0,1,1,1,1,0,0,0.000000000000,0,0.000000000000,11.360333,33.858542,52.015292,0.000000,0.000000000,0.000000000,0.000000,0.000000,"validation: 1 error(s), 1 warning(s): [ACSystem] No slack bus found (BusType::SLACK or Generator::is_slack); [ACSystem/connectivity] AC island 0 (6988 buses) contains no slack bus;; solver-only baseline excluded above structural-fault AC-bus budget"
R3-12.47-3-ACDC,missing_ac_reference,21,ACSystem/reference,0.000000,0,1,0,1,1,1,1,0,0,0.000000000000,0,0.000000000000,11.380333,34.289833,51.350750,0.000000,0.000000000,0.000000000,0.000000,0.000000,"validation: 1 error(s), 1 warning(s): [ACSystem] No slack bus found (BusType::SLACK or Generator::is_slack); [ACSystem/connectivity] AC island 0 (6988 buses) contains no slack bus;; solver-only baseline excluded above structural-fault AC-bus budget"
R3-12.47-3-ACDC,missing_ac_reference,22,ACSystem/reference,0.000000,0,1,0,1,1,1,1,0,0,0.000000000000,0,0.000000000000,11.342292,34.427542,52.099000,0.000000,0.000000000,0.000000000,0.000000,0.000000,"validation: 1 error(s), 1 warning(s): [ACSystem] No slack bus found (BusType::SLACK or Generator::is_slack); [ACSystem/connectivity] AC island 0 (6988 buses) contains no slack bus;; solver-only baseline excluded above structural-fault AC-bus budget"
R3-12.47-3-ACDC,missing_ac_reference,23,ACSystem/reference,0.000000,0,1,0,1,1,1,1,0,0,0.000000000000,0,0.000000000000,11.750542,34.138334,51.962083,0.000000,0.000000000,0.000000000,0.000000,0.000000,"validation: 1 error(s), 1 warning(s): [ACSystem] No slack bus found (BusType::SLACK or Generator::is_slack); [ACSystem/connectivity] AC island 0 (6988 buses) contains no slack bus;; solver-only baseline excluded above structural-fault AC-bus budget"
R3-12.47-3-ACDC,missing_ac_reference,24,ACSystem/reference,0.000000,0,1,0,1,1,1,1,0,0,0.000000000000,0,0.000000000000,11.389041,34.137083,51.578584,0.000000,0.000000000,0.000000000,0.000000,0.000000,"validation: 1 error(s), 1 warning(s): [ACSystem] No slack bus found (BusType::SLACK or Generator::is_slack); [ACSystem/connectivity] AC island 0 (6988 buses) contains no slack bus;; solver-only baseline excluded above structural-fault AC-bus budget"
R3-12.47-3-ACDC,missing_dc_support,0,dc_island/voltage_support,0.000000,0,0,0,0,1,1,1,0,0,0.000000000000,0,0.000000000000,10.140625,34.292708,50.655958,0.000000,0.000000000,0.000000000,0.000000,0.000000,solver-only baseline excluded above structural-fault AC-bus budget
R3-12.47-3-ACDC,missing_dc_support,1,dc_island/voltage_support,0.000000,0,0,0,0,1,1,1,0,0,0.000000000000,0,0.000000000000,10.083875,34.239583,50.965208,0.000000,0.000000000,0.000000000,0.000000,0.000000,solver-only baseline excluded above structural-fault AC-bus budget
R3-12.47-3-ACDC,missing_dc_support,2,dc_island/voltage_support,0.000000,0,0,0,0,1,1,1,0,0,0.000000000000,0,0.000000000000,10.326666,34.343083,50.699250,0.000000,0.000000000,0.000000000,0.000000,0.000000,solver-only baseline excluded above structural-fault AC-bus budget
R3-12.47-3-ACDC,missing_dc_support,3,dc_island/voltage_support,0.000000,0,0,0,0,1,1,1,0,0,0.000000000000,0,0.000000000000,10.228500,34.320125,50.526833,0.000000,0.000000000,0.000000000,0.000000,0.000000,solver-only baseline excluded above structural-fault AC-bus budget
R3-12.47-3-ACDC,missing_dc_support,4,dc_island/voltage_support,0.000000,0,0,0,0,1,1,1,0,0,0.000000000000,0,0.000000000000,10.026834,34.084958,50.699458,0.000000,0.000000000,0.000000000,0.000000,0.000000,solver-only baseline excluded above structural-fault AC-bus budget
R3-12.47-3-ACDC,missing_dc_support,5,dc_island/voltage_support,0.000000,0,0,0,0,1,1,1,0,0,0.000000000000,0,0.000000000000,10.112125,33.723083,50.633125,0.000000,0.000000000,0.000000000,0.000000,0.000000,solver-only baseline excluded above structural-fault AC-bus budget
R3-12.47-3-ACDC,missing_dc_support,6,dc_island/voltage_support,0.000000,0,0,0,0,1,1,1,0,0,0.000000000000,0,0.000000000000,10.169250,34.255333,49.955458,0.000000,0.000000000,0.000000000,0.000000,0.000000,solver-only baseline excluded above structural-fault AC-bus budget
R3-12.47-3-ACDC,missing_dc_support,7,dc_island/voltage_support,0.000000,0,0,0,0,1,1,1,0,0,0.000000000000,0,0.000000000000,10.122417,34.132500,50.317250,0.000000,0.000000000,0.000000000,0.000000,0.000000,solver-only baseline excluded above structural-fault AC-bus budget
R3-12.47-3-ACDC,missing_dc_support,8,dc_island/voltage_support,0.000000,0,0,0,0,1,1,1,0,0,0.000000000000,0,0.000000000000,10.024375,34.038333,50.896875,0.000000,0.000000000,0.000000000,0.000000,0.000000,solver-only baseline excluded above structural-fault AC-bus budget
R3-12.47-3-ACDC,missing_dc_support,9,dc_island/voltage_support,0.000000,0,0,0,0,1,1,1,0,0,0.000000000000,0,0.000000000000,10.277708,34.368792,50.732791,0.000000,0.000000000,0.000000000,0.000000,0.000000,solver-only baseline excluded above structural-fault AC-bus budget
R3-12.47-3-ACDC,missing_dc_support,10,dc_island/voltage_support,0.000000,0,0,0,0,1,1,1,0,0,0.000000000000,0,0.000000000000,9.972208,34.237083,51.216666,0.000000,0.000000000,0.000000000,0.000000,0.000000,solver-only baseline excluded above structural-fault AC-bus budget
R3-12.47-3-ACDC,missing_dc_support,11,dc_island/voltage_support,0.000000,0,0,0,0,1,1,1,0,0,0.000000000000,0,0.000000000000,10.162500,33.938291,50.552125,0.000000,0.000000000,0.000000000,0.000000,0.000000,solver-only baseline excluded above structural-fault AC-bus budget
R3-12.47-3-ACDC,missing_dc_support,12,dc_island/voltage_support,0.000000,0,0,0,0,1,1,1,0,0,0.000000000000,0,0.000000000000,10.080167,34.168917,50.135959,0.000000,0.000000000,0.000000000,0.000000,0.000000,solver-only baseline excluded above structural-fault AC-bus budget
R3-12.47-3-ACDC,missing_dc_support,13,dc_island/voltage_support,0.000000,0,0,0,0,1,1,1,0,0,0.000000000000,0,0.000000000000,10.111708,33.923417,50.634541,0.000000,0.000000000,0.000000000,0.000000,0.000000,solver-only baseline excluded above structural-fault AC-bus budget
R3-12.47-3-ACDC,missing_dc_support,14,dc_island/voltage_support,0.000000,0,0,0,0,1,1,1,0,0,0.000000000000,0,0.000000000000,10.318666,34.009958,50.712291,0.000000,0.000000000,0.000000000,0.000000,0.000000,solver-only baseline excluded above structural-fault AC-bus budget
R3-12.47-3-ACDC,missing_dc_support,15,dc_island/voltage_support,0.000000,0,0,0,0,1,1,1,0,0,0.000000000000,0,0.000000000000,10.139292,34.342417,50.279375,0.000000,0.000000000,0.000000000,0.000000,0.000000,solver-only baseline excluded above structural-fault AC-bus budget
R3-12.47-3-ACDC,missing_dc_support,16,dc_island/voltage_support,0.000000,0,0,0,0,1,1,1,0,0,0.000000000000,0,0.000000000000,10.217458,34.093041,50.879167,0.000000,0.000000000,0.000000000,0.000000,0.000000,solver-only baseline excluded above structural-fault AC-bus budget
R3-12.47-3-ACDC,missing_dc_support,17,dc_island/voltage_support,0.000000,0,0,0,0,1,1,1,0,0,0.000000000000,0,0.000000000000,9.881125,34.350541,51.100792,0.000000,0.000000000,0.000000000,0.000000,0.000000,solver-only baseline excluded above structural-fault AC-bus budget
R3-12.47-3-ACDC,missing_dc_support,18,dc_island/voltage_support,0.000000,0,0,0,0,1,1,1,0,0,0.000000000000,0,0.000000000000,10.254041,34.524709,51.009167,0.000000,0.000000000,0.000000000,0.000000,0.000000,solver-only baseline excluded above structural-fault AC-bus budget
R3-12.47-3-ACDC,missing_dc_support,19,dc_island/voltage_support,0.000000,0,0,0,0,1,1,1,0,0,0.000000000000,0,0.000000000000,9.972209,34.360541,51.703541,0.000000,0.000000000,0.000000000,0.000000,0.000000,solver-only baseline excluded above structural-fault AC-bus budget
R3-12.47-3-ACDC,missing_dc_support,20,dc_island/voltage_support,0.000000,0,0,0,0,1,1,1,0,0,0.000000000000,0,0.000000000000,10.361375,34.232500,50.927875,0.000000,0.000000000,0.000000000,0.000000,0.000000,solver-only baseline excluded above structural-fault AC-bus budget
R3-12.47-3-ACDC,missing_dc_support,21,dc_island/voltage_support,0.000000,0,0,0,0,1,1,1,0,0,0.000000000000,0,0.000000000000,10.331167,33.921792,51.323791,0.000000,0.000000000,0.000000000,0.000000,0.000000,solver-only baseline excluded above structural-fault AC-bus budget
R3-12.47-3-ACDC,missing_dc_support,22,dc_island/voltage_support,0.000000,0,0,0,0,1,1,1,0,0,0.000000000000,0,0.000000000000,10.134292,37.588000,52.985208,0.000000,0.000000000,0.000000000,0.000000,0.000000,solver-only baseline excluded above structural-fault AC-bus budget
R3-12.47-3-ACDC,missing_dc_support,23,dc_island/voltage_support,0.000000,0,0,0,0,1,1,1,0,0,0.000000000000,0,0.000000000000,10.371292,36.120959,53.020000,0.000000,0.000000000,0.000000000,0.000000,0.000000,solver-only baseline excluded above structural-fault AC-bus budget
R3-12.47-3-ACDC,missing_dc_support,24,dc_island/voltage_support,0.000000,0,0,0,0,1,1,1,0,0,0.000000000000,0,0.000000000000,10.345250,34.494250,51.746542,0.000000,0.000000000,0.000000000,0.000000,0.000000,solver-only baseline excluded above structural-fault AC-bus budget
R3-12.47-3-ACDC,invalid_converter_efficiency,0,VSCConverter/1/eta,1.018338,0,1,0,1,1,1,1,0,0,0.000000000000,0,0.000000000000,11.734917,34.638417,52.870167,0.000000,0.000000000,0.000000000,0.000000,0.000000,"validation: 1 error(s): [VSCConverter/1/eta] eta must be in (0,1] (got 1.018338);; solver-only baseline excluded above structural-fault AC-bus budget"
R3-12.47-3-ACDC,invalid_converter_efficiency,1,VSCConverter/2/eta,1.120377,0,1,0,1,1,1,1,0,0,0.000000000000,0,0.000000000000,11.082084,34.380917,52.588625,0.000000,0.000000000,0.000000000,0.000000,0.000000,"validation: 1 error(s): [VSCConverter/2/eta] eta must be in (0,1] (got 1.120377);; solver-only baseline excluded above structural-fault AC-bus budget"
R3-12.47-3-ACDC,invalid_converter_efficiency,2,VSCConverter/1/eta,1.047061,0,1,0,1,1,1,1,0,0,0.000000000000,0,0.000000000000,11.439959,34.756209,51.768292,0.000000,0.000000000,0.000000000,0.000000,0.000000,"validation: 1 error(s): [VSCConverter/1/eta] eta must be in (0,1] (got 1.047061);; solver-only baseline excluded above structural-fault AC-bus budget"
R3-12.47-3-ACDC,invalid_converter_efficiency,3,VSCConverter/1/eta,1.040798,0,1,0,1,1,1,1,0,0,0.000000000000,0,0.000000000000,11.199458,34.211959,51.790042,0.000000,0.000000000,0.000000000,0.000000,0.000000,"validation: 1 error(s): [VSCConverter/1/eta] eta must be in (0,1] (got 1.040798);; solver-only baseline excluded above structural-fault AC-bus budget"
R3-12.47-3-ACDC,invalid_converter_efficiency,4,VSCConverter/1/eta,1.086241,0,1,0,1,1,1,1,0,0,0.000000000000,0,0.000000000000,11.477375,34.324875,51.743083,0.000000,0.000000000,0.000000000,0.000000,0.000000,"validation: 1 error(s): [VSCConverter/1/eta] eta must be in (0,1] (got 1.086241);; solver-only baseline excluded above structural-fault AC-bus budget"
R3-12.47-3-ACDC,invalid_converter_efficiency,5,VSCConverter/2/eta,1.134570,0,1,0,1,1,1,1,0,0,0.000000000000,0,0.000000000000,11.430709,34.285708,51.653583,0.000000,0.000000000,0.000000000,0.000000,0.000000,"validation: 1 error(s): [VSCConverter/2/eta] eta must be in (0,1] (got 1.134570);; solver-only baseline excluded above structural-fault AC-bus budget"
R3-12.47-3-ACDC,invalid_converter_efficiency,6,VSCConverter/2/eta,1.064001,0,1,0,1,1,1,1,0,0,0.000000000000,0,0.000000000000,11.291833,34.214833,52.171500,0.000000,0.000000000,0.000000000,0.000000,0.000000,"validation: 1 error(s): [VSCConverter/2/eta] eta must be in (0,1] (got 1.064001);; solver-only baseline excluded above structural-fault AC-bus budget"
R3-12.47-3-ACDC,invalid_converter_efficiency,7,VSCConverter/2/eta,1.161004,0,1,0,1,1,1,1,0,0,0.000000000000,0,0.000000000000,11.092000,33.939959,51.646333,0.000000,0.000000000,0.000000000,0.000000,0.000000,"validation: 1 error(s): [VSCConverter/2/eta] eta must be in (0,1] (got 1.161004);; solver-only baseline excluded above structural-fault AC-bus budget"
R3-12.47-3-ACDC,invalid_converter_efficiency,8,VSCConverter/2/eta,1.164273,0,1,0,1,1,1,1,0,0,0.000000000000,0,0.000000000000,11.351666,34.314500,52.277500,0.000000,0.000000000,0.000000000,0.000000,0.000000,"validation: 1 error(s): [VSCConverter/2/eta] eta must be in (0,1] (got 1.164273);; solver-only baseline excluded above structural-fault AC-bus budget"
R3-12.47-3-ACDC,invalid_converter_efficiency,9,VSCConverter/2/eta,1.136168,0,1,0,1,1,1,1,0,0,0.000000000000,0,0.000000000000,11.406917,33.847292,51.399583,0.000000,0.000000000,0.000000000,0.000000,0.000000,"validation: 1 error(s): [VSCConverter/2/eta] eta must be in (0,1] (got 1.136168);; solver-only baseline excluded above structural-fault AC-bus budget"
R3-12.47-3-ACDC,invalid_converter_efficiency,10,VSCConverter/2/eta,1.180294,0,1,0,1,1,1,1,0,0,0.000000000000,0,0.000000000000,11.197500,34.071875,51.296959,0.000000,0.000000000,0.000000000,0.000000,0.000000,"validation: 1 error(s): [VSCConverter/2/eta] eta must be in (0,1] (got 1.180294);; solver-only baseline excluded above structural-fault AC-bus budget"
R3-12.47-3-ACDC,invalid_converter_efficiency,11,VSCConverter/1/eta,1.012034,0,1,0,1,1,1,1,0,0,0.000000000000,0,0.000000000000,11.414917,34.331375,51.575375,0.000000,0.000000000,0.000000000,0.000000,0.000000,"validation: 1 error(s): [VSCConverter/1/eta] eta must be in (0,1] (got 1.012034);; solver-only baseline excluded above structural-fault AC-bus budget"
R3-12.47-3-ACDC,invalid_converter_efficiency,12,VSCConverter/1/eta,1.136652,0,1,0,1,1,1,1,0,0,0.000000000000,0,0.000000000000,11.328334,34.202958,52.247333,0.000000,0.000000000,0.000000000,0.000000,0.000000,"validation: 1 error(s): [VSCConverter/1/eta] eta must be in (0,1] (got 1.136652);; solver-only baseline excluded above structural-fault AC-bus budget"
R3-12.47-3-ACDC,invalid_converter_efficiency,13,VSCConverter/1/eta,1.140866,0,1,0,1,1,1,1,0,0,0.000000000000,0,0.000000000000,11.069375,34.064750,52.086209,0.000000,0.000000000,0.000000000,0.000000,0.000000,"validation: 1 error(s): [VSCConverter/1/eta] eta must be in (0,1] (got 1.140866);; solver-only baseline excluded above structural-fault AC-bus budget"
R3-12.47-3-ACDC,invalid_converter_efficiency,14,VSCConverter/2/eta,1.118447,0,1,0,1,1,1,1,0,0,0.000000000000,0,0.000000000000,11.449208,33.735208,51.954000,0.000000,0.000000000,0.000000000,0.000000,0.000000,"validation: 1 error(s): [VSCConverter/2/eta] eta must be in (0,1] (got 1.118447);; solver-only baseline excluded above structural-fault AC-bus budget"
R3-12.47-3-ACDC,invalid_converter_efficiency,15,VSCConverter/2/eta,1.120742,0,1,0,1,1,1,1,0,0,0.000000000000,0,0.000000000000,11.274250,34.288292,51.551041,0.000000,0.000000000,0.000000000,0.000000,0.000000,"validation: 1 error(s): [VSCConverter/2/eta] eta must be in (0,1] (got 1.120742);; solver-only baseline excluded above structural-fault AC-bus budget"
R3-12.47-3-ACDC,invalid_converter_efficiency,16,VSCConverter/2/eta,1.194588,0,1,0,1,1,1,1,0,0,0.000000000000,0,0.000000000000,11.238291,34.364417,52.211125,0.000000,0.000000000,0.000000000,0.000000,0.000000,"validation: 1 error(s): [VSCConverter/2/eta] eta must be in (0,1] (got 1.194588);; solver-only baseline excluded above structural-fault AC-bus budget"
R3-12.47-3-ACDC,invalid_converter_efficiency,17,VSCConverter/2/eta,1.141473,0,1,0,1,1,1,1,0,0,0.000000000000,0,0.000000000000,11.338250,34.337625,52.125250,0.000000,0.000000000,0.000000000,0.000000,0.000000,"validation: 1 error(s): [VSCConverter/2/eta] eta must be in (0,1] (got 1.141473);; solver-only baseline excluded above structural-fault AC-bus budget"
R3-12.47-3-ACDC,invalid_converter_efficiency,18,VSCConverter/2/eta,1.196234,0,1,0,1,1,1,1,0,0,0.000000000000,0,0.000000000000,11.325000,34.318000,51.439791,0.000000,0.000000000,0.000000000,0.000000,0.000000,"validation: 1 error(s): [VSCConverter/2/eta] eta must be in (0,1] (got 1.196234);; solver-only baseline excluded above structural-fault AC-bus budget"
R3-12.47-3-ACDC,invalid_converter_efficiency,19,VSCConverter/2/eta,1.123426,0,1,0,1,1,1,1,0,0,0.000000000000,0,0.000000000000,11.491583,34.337958,51.308625,0.000000,0.000000000,0.000000000,0.000000,0.000000,"validation: 1 error(s): [VSCConverter/2/eta] eta must be in (0,1] (got 1.123426);; solver-only baseline excluded above structural-fault AC-bus budget"
R3-12.47-3-ACDC,invalid_converter_efficiency,20,VSCConverter/2/eta,1.157600,0,1,0,1,1,1,1,0,0,0.000000000000,0,0.000000000000,11.285042,34.050916,51.261250,0.000000,0.000000000,0.000000000,0.000000,0.000000,"validation: 1 error(s): [VSCConverter/2/eta] eta must be in (0,1] (got 1.157600);; solver-only baseline excluded above structural-fault AC-bus budget"
R3-12.47-3-ACDC,invalid_converter_efficiency,21,VSCConverter/2/eta,1.041858,0,1,0,1,1,1,1,0,0,0.000000000000,0,0.000000000000,11.286250,34.266166,52.039750,0.000000,0.000000000,0.000000000,0.000000,0.000000,"validation: 1 error(s): [VSCConverter/2/eta] eta must be in (0,1] (got 1.041858);; solver-only baseline excluded above structural-fault AC-bus budget"
R3-12.47-3-ACDC,invalid_converter_efficiency,22,VSCConverter/1/eta,1.175572,0,1,0,1,1,1,1,0,0,0.000000000000,0,0.000000000000,11.354916,34.448125,51.709708,0.000000,0.000000000,0.000000000,0.000000,0.000000,"validation: 1 error(s): [VSCConverter/1/eta] eta must be in (0,1] (got 1.175572);; solver-only baseline excluded above structural-fault AC-bus budget"
R3-12.47-3-ACDC,invalid_converter_efficiency,23,VSCConverter/2/eta,1.012849,0,1,0,1,1,1,1,0,0,0.000000000000,0,0.000000000000,11.301167,34.416792,52.124500,0.000000,0.000000000,0.000000000,0.000000,0.000000,"validation: 1 error(s): [VSCConverter/2/eta] eta must be in (0,1] (got 1.012849);; solver-only baseline excluded above structural-fault AC-bus budget"
R3-12.47-3-ACDC,invalid_converter_efficiency,24,VSCConverter/1/eta,1.165293,0,1,0,1,1,1,1,0,0,0.000000000000,0,0.000000000000,11.286083,33.807958,52.179834,0.000000,0.000000000,0.000000000,0.000000,0.000000,"validation: 1 error(s): [VSCConverter/1/eta] eta must be in (0,1] (got 1.165293);; solver-only baseline excluded above structural-fault AC-bus budget"
R3-12.47-3-ACDC,duplicate_ac_bus_identity,0,ACBus/3669/index,0.000000,0,1,0,1,1,1,1,0,0,0.000000000000,0,0.000000000000,11.421917,40.053666,58.012625,0.000000,0.000000000,0.000000000,0.000000,0.000000,"validation: 4 error(s), 2 warning(s): [ACBus/3669/index] Duplicate AC bus index 3669; [ACBranch/3491/to_bus] to_bus 2358 not found; [Load/355/bus] bus 2358 not found in AC; [Switch/411/bus_from] bus_from 2358 not found in AC; [ACSystem/connectivity] AC island 1 (1 buses) contains no slack bus; [ACSystem/connectivity] AC island 2 (1 buses) contains no slack bus;; solver-only baseline excluded above structural-fault AC-bus budget"
R3-12.47-3-ACDC,duplicate_ac_bus_identity,1,ACBus/3967/index,0.000000,0,1,0,1,1,1,1,0,0,0.000000000000,0,0.000000000000,11.452583,39.731666,58.027917,0.000000,0.000000000,0.000000000,0.000000,0.000000,"validation: 4 error(s), 2 warning(s): [ACBus/3967/index] Duplicate AC bus index 3967; [ACBranch/4179/to_bus] to_bus 3046 not found; [Load/1043/bus] bus 3046 not found in AC; [Switch/1099/bus_from] bus_from 3046 not found in AC; [ACSystem/connectivity] AC island 1 (1 buses) contains no slack bus; [ACSystem/connectivity] AC island 2 (1 buses) contains no slack bus;; solver-only baseline excluded above structural-fault AC-bus budget"
R3-12.47-3-ACDC,duplicate_ac_bus_identity,2,ACBus/857/index,0.000000,0,1,0,1,1,1,1,0,0,0.000000000000,0,0.000000000000,11.801459,40.390792,56.986959,0.000000,0.000000000,0.000000000,0.000000,0.000000,"validation: 2 error(s), 1 warning(s): [ACBus/857/index] Duplicate AC bus index 857; [Switch/615/bus_to] bus_to 5812 not found in AC; [ACSystem/connectivity] AC island 1 (1 buses) contains no slack bus;; solver-only baseline excluded above structural-fault AC-bus budget"
R3-12.47-3-ACDC,duplicate_ac_bus_identity,3,ACBus/2984/index,0.000000,0,1,0,1,1,1,1,0,0,0.000000000000,0,0.000000000000,11.343666,39.896875,57.745125,0.000000,0.000000000,0.000000000,0.000000,0.000000,"validation: 2 error(s), 1 warning(s): [ACBus/2984/index] Duplicate AC bus index 2984; [Switch/1680/bus_to] bus_to 6877 not found in AC; [ACSystem/connectivity] AC island 1 (1 buses) contains no slack bus;; solver-only baseline excluded above structural-fault AC-bus budget"
R3-12.47-3-ACDC,duplicate_ac_bus_identity,4,ACBus/3275/index,0.000000,0,1,0,1,1,1,1,0,0,0.000000000000,0,0.000000000000,11.080041,39.975333,59.994833,0.000000,0.000000000,0.000000000,0.000000,0.000000,"validation: 4 error(s), 2 warning(s): [ACBus/3275/index] Duplicate AC bus index 3275; [ACBranch/3847/to_bus] to_bus 2714 not found; [Load/711/bus] bus 2714 not found in AC; [Switch/767/bus_from] bus_from 2714 not found in AC; [ACSystem/connectivity] AC island 1 (1 buses) contains no slack bus; [ACSystem/connectivity] AC island 2 (1 buses) contains no slack bus;; solver-only baseline excluded above structural-fault AC-bus budget"
R3-12.47-3-ACDC,duplicate_ac_bus_identity,5,ACBus/4237/index,0.000000,0,1,0,1,1,1,1,0,0,0.000000000000,0,0.000000000000,11.422083,34.207000,54.601292,0.000000,0.000000000,0.000000000,0.000000,0.000000,"validation: 3 error(s), 1 warning(s): [ACBus/4237/index] Duplicate AC bus index 4237; [ACBranch/3137/to_bus] to_bus 1 not found; [Load/1/bus] bus 1 not found in AC; [ACSystem/connectivity] AC island 0 (1 buses) contains no slack bus;; solver-only baseline excluded above structural-fault AC-bus budget"
R3-12.47-3-ACDC,duplicate_ac_bus_identity,6,ACBus/3793/index,0.000000,0,1,0,1,1,1,1,0,0,0.000000000000,0,0.000000000000,11.540750,40.723917,58.713333,0.000000,0.000000000,0.000000000,0.000000,0.000000,"validation: 2 error(s), 1 warning(s): [ACBus/3793/index] Duplicate AC bus index 3793; [Switch/1530/bus_to] bus_to 6727 not found in AC; [ACSystem/connectivity] AC island 1 (1 buses) contains no slack bus;; solver-only baseline excluded above structural-fault AC-bus budget"
R3-12.47-3-ACDC,duplicate_ac_bus_identity,7,ACBus/5636/index,0.000000,0,1,0,1,1,1,1,0,0,0.000000000000,0,0.000000000000,11.260208,41.130125,58.065000,0.000000,0.000000000,0.000000000,0.000000,0.000000,"validation: 3 error(s), 2 warning(s): [ACBus/5636/index] Duplicate AC bus index 5636; [ACBranch/1679/to_bus] to_bus 3904 not found; [ACBranch/3412/from_bus] from_bus 3904 not found; [ACSystem/connectivity] AC island 1 (2 buses) contains no slack bus; [ACSystem/connectivity] AC island 2 (1 buses) contains no slack bus;; solver-only baseline excluded above structural-fault AC-bus budget"
R3-12.47-3-ACDC,duplicate_ac_bus_identity,8,ACBus/6335/index,0.000000,0,1,0,1,1,1,1,0,0,0.000000000000,0,0.000000000000,11.532875,43.216625,60.169333,0.000000,0.000000000,0.000000000,0.000000,0.000000,"validation: 4 error(s), 2 warning(s): [ACBus/6335/index] Duplicate AC bus index 6335; [ACBranch/3554/to_bus] to_bus 2421 not found; [Load/418/bus] bus 2421 not found in AC; [Switch/474/bus_from] bus_from 2421 not found in AC; [ACSystem/connectivity] AC island 1 (1 buses) contains no slack bus; [ACSystem/connectivity] AC island 2 (1 buses) contains no slack bus;; solver-only baseline excluded above structural-fault AC-bus budget"
R3-12.47-3-ACDC,duplicate_ac_bus_identity,9,ACBus/4807/index,0.000000,0,1,0,1,1,1,1,0,0,0.000000000000,0,0.000000000000,11.424166,40.830083,58.691209,0.000000,0.000000000,0.000000000,0.000000,0.000000,"validation: 2 error(s), 1 warning(s): [ACBus/4807/index] Duplicate AC bus index 4807; [Switch/548/bus_to] bus_to 5745 not found in AC; [ACSystem/connectivity] AC island 1 (1 buses) contains no slack bus;; solver-only baseline excluded above structural-fault AC-bus budget"
R3-12.47-3-ACDC,duplicate_ac_bus_identity,10,ACBus/851/index,0.000000,0,1,0,1,1,1,1,0,0,0.000000000000,0,0.000000000000,11.754125,40.541042,59.022833,0.000000,0.000000000,0.000000000,0.000000,0.000000,"validation: 4 error(s), 2 warning(s): [ACBus/851/index] Duplicate AC bus index 851; [ACBranch/4221/to_bus] to_bus 3088 not found; [Load/1085/bus] bus 3088 not found in AC; [Switch/1141/bus_from] bus_from 3088 not found in AC; [ACSystem/connectivity] AC island 1 (1 buses) contains no slack bus; [ACSystem/connectivity] AC island 2 (1 buses) contains no slack bus;; solver-only baseline excluded above structural-fault AC-bus budget"
R3-12.47-3-ACDC,duplicate_ac_bus_identity,11,ACBus/697/index,0.000000,0,1,0,1,1,1,1,0,0,0.000000000000,0,0.000000000000,12.029792,40.960875,59.317333,0.000000,0.000000000,0.000000000,0.000000,0.000000,"validation: 2 error(s), 1 warning(s): [ACBus/697/index] Duplicate AC bus index 697; [Switch/973/bus_to] bus_to 6170 not found in AC; [ACSystem/connectivity] AC island 1 (1 buses) contains no slack bus;; solver-only baseline excluded above structural-fault AC-bus budget"
R3-12.47-3-ACDC,duplicate_ac_bus_identity,12,ACBus/5757/index,0.000000,0,1,0,1,1,1,1,0,0,0.000000000000,0,0.000000000000,11.907458,41.415750,58.903375,0.000000,0.000000000,0.000000000,0.000000,0.000000,"validation: 4 error(s), 2 warning(s): [ACBus/5757/index] Duplicate AC bus index 5757; [ACBranch/4242/to_bus] to_bus 3109 not found; [Load/1106/bus] bus 3109 not found in AC; [Switch/1162/bus_from] bus_from 3109 not found in AC; [ACSystem/connectivity] AC island 1 (1 buses) contains no slack bus; [ACSystem/connectivity] AC island 2 (1 buses) contains no slack bus;; solver-only baseline excluded above structural-fault AC-bus budget"
R3-12.47-3-ACDC,duplicate_ac_bus_identity,13,ACBus/5635/index,0.000000,0,1,0,1,1,1,1,0,0,0.000000000000,0,0.000000000000,11.525250,40.622458,60.011917,0.000000,0.000000000,0.000000000,0.000000,0.000000,"validation: 4 error(s), 2 warning(s): [ACBus/5635/index] Duplicate AC bus index 5635; [ACBranch/3313/to_bus] to_bus 2180 not found; [Load/177/bus] bus 2180 not found in AC; [Switch/233/bus_from] bus_from 2180 not found in AC; [ACSystem/connectivity] AC island 1 (1 buses) contains no slack bus; [ACSystem/connectivity] AC island 2 (1 buses) contains no slack bus;; solver-only baseline excluded above structural-fault AC-bus budget"
R3-12.47-3-ACDC,duplicate_ac_bus_identity,14,ACBus/6453/index,0.000000,0,1,0,1,1,1,1,0,0,0.000000000000,0,0.000000000000,11.353750,39.923167,57.595000,0.000000,0.000000000,0.000000000,0.000000,0.000000,"validation: 2 error(s), 1 warning(s): [ACBus/6453/index] Duplicate AC bus index 6453; [Switch/1602/bus_to] bus_to 6799 not found in AC; [ACSystem/connectivity] AC island 1 (1 buses) contains no slack bus;; solver-only baseline excluded above structural-fault AC-bus budget"
R3-12.47-3-ACDC,duplicate_ac_bus_identity,15,ACBus/2007/index,0.000000,0,1,0,1,1,1,1,0,0,0.000000000000,0,0.000000000000,11.213709,41.358042,58.060917,0.000000,0.000000000,0.000000000,0.000000,0.000000,"validation: 2 error(s), 1 warning(s): [ACBus/2007/index] Duplicate AC bus index 2007; [ACBranch/1158/to_bus] to_bus 1686 not found; [ACSystem/connectivity] AC island 1 (1 buses) contains no slack bus;; solver-only baseline excluded above structural-fault AC-bus budget"
R3-12.47-3-ACDC,duplicate_ac_bus_identity,16,ACBus/6396/index,0.000000,0,1,0,1,1,1,1,0,0,0.000000000000,0,0.000000000000,11.342792,40.846792,57.607750,0.000000,0.000000000,0.000000000,0.000000,0.000000,"validation: 3 error(s), 2 warning(s): [ACBus/6396/index] Duplicate AC bus index 6396; [ACBranch/831/to_bus] to_bus 1105 not found; [ACBranch/840/from_bus] from_bus 1105 not found; [ACSystem/connectivity] AC island 1 (1 buses) contains no slack bus; [ACSystem/connectivity] AC island 2 (12 buses) contains no slack bus;; solver-only baseline excluded above structural-fault AC-bus budget"
R3-12.47-3-ACDC,duplicate_ac_bus_identity,17,ACBus/1446/index,0.000000,0,1,0,1,1,1,1,0,0,0.000000000000,0,0.000000000000,11.898208,40.420542,59.508292,0.000000,0.000000000,0.000000000,0.000000,0.000000,"validation: 2 error(s), 1 warning(s): [ACBus/1446/index] Duplicate AC bus index 1446; [Switch/1090/bus_to] bus_to 6287 not found in AC; [ACSystem/connectivity] AC island 1 (1 buses) contains no slack bus;; solver-only baseline excluded above structural-fault AC-bus budget"
R3-12.47-3-ACDC,duplicate_ac_bus_identity,18,ACBus/1488/index,0.000000,0,1,0,1,1,1,1,0,0,0.000000000000,0,0.000000000000,11.708542,40.728666,59.396875,0.000000,0.000000000,0.000000000,0.000000,0.000000,"validation: 3 error(s), 2 warning(s): [ACBus/1488/index] Duplicate AC bus index 1488; [ACBranch/2629/to_bus] to_bus 4854 not found; [ACBranch/4362/from_bus] from_bus 4854 not found; [ACSystem/connectivity] AC island 1 (1 buses) contains no slack bus; [ACSystem/connectivity] AC island 2 (2 buses) contains no slack bus;; solver-only baseline excluded above structural-fault AC-bus budget"
R3-12.47-3-ACDC,duplicate_ac_bus_identity,19,ACBus/244/index,0.000000,0,1,0,1,1,1,1,0,0,0.000000000000,0,0.000000000000,11.318792,40.858792,58.828333,0.000000,0.000000000,0.000000000,0.000000,0.000000,"validation: 4 error(s), 2 warning(s): [ACBus/244/index] Duplicate AC bus index 244; [ACBranch/3967/to_bus] to_bus 2834 not found; [Load/831/bus] bus 2834 not found in AC; [Switch/887/bus_from] bus_from 2834 not found in AC; [ACSystem/connectivity] AC island 1 (1 buses) contains no slack bus; [ACSystem/connectivity] AC island 2 (1 buses) contains no slack bus;; solver-only baseline excluded above structural-fault AC-bus budget"
R3-12.47-3-ACDC,duplicate_ac_bus_identity,20,ACBus/5886/index,0.000000,0,1,0,1,1,1,1,0,0,0.000000000000,0,0.000000000000,11.641625,40.435833,58.539459,0.000000,0.000000000,0.000000000,0.000000,0.000000,"validation: 2 error(s), 1 warning(s): [ACBus/5886/index] Duplicate AC bus index 5886; [Switch/343/bus_to] bus_to 5540 not found in AC; [ACSystem/connectivity] AC island 1 (1 buses) contains no slack bus;; solver-only baseline excluded above structural-fault AC-bus budget"
R3-12.47-3-ACDC,duplicate_ac_bus_identity,21,ACBus/2756/index,0.000000,0,1,0,1,1,1,1,0,0,0.000000000000,0,0.000000000000,11.437083,40.340250,59.647375,0.000000,0.000000000,0.000000000,0.000000,0.000000,"validation: 4 error(s), 2 warning(s): [ACBus/2756/index] Duplicate AC bus index 2756; [ACBranch/3475/to_bus] to_bus 2342 not found; [Load/339/bus] bus 2342 not found in AC; [Switch/395/bus_from] bus_from 2342 not found in AC; [ACSystem/connectivity] AC island 1 (1 buses) contains no slack bus; [ACSystem/connectivity] AC island 2 (1 buses) contains no slack bus;; solver-only baseline excluded above structural-fault AC-bus budget"
R3-12.47-3-ACDC,duplicate_ac_bus_identity,22,ACBus/3524/index,0.000000,0,1,0,1,1,1,1,0,0,0.000000000000,0,0.000000000000,11.580667,39.904084,58.224083,0.000000,0.000000000,0.000000000,0.000000,0.000000,"validation: 3 error(s), 2 warning(s): [ACBus/3524/index] Duplicate AC bus index 3524; [ACBranch/2444/to_bus] to_bus 4669 not found; [ACBranch/4177/from_bus] from_bus 4669 not found; [ACSystem/connectivity] AC island 1 (2 buses) contains no slack bus; [ACSystem/connectivity] AC island 2 (1 buses) contains no slack bus;; solver-only baseline excluded above structural-fault AC-bus budget"
R3-12.47-3-ACDC,duplicate_ac_bus_identity,23,ACBus/2995/index,0.000000,0,1,0,1,1,1,1,0,0,0.000000000000,0,0.000000000000,11.987375,41.871167,61.211667,0.000000,0.000000000,0.000000000,0.000000,0.000000,"validation: 2 error(s), 1 warning(s): [ACBus/2995/index] Duplicate AC bus index 2995; [Switch/342/bus_to] bus_to 5539 not found in AC; [ACSystem/connectivity] AC island 1 (1 buses) contains no slack bus;; solver-only baseline excluded above structural-fault AC-bus budget"
R3-12.47-3-ACDC,duplicate_ac_bus_identity,24,ACBus/3456/index,0.000000,0,1,0,1,1,1,1,0,0,0.000000000000,0,0.000000000000,11.666541,42.160167,61.337958,0.000000,0.000000000,0.000000000,0.000000,0.000000,"validation: 2 error(s), 1 warning(s): [ACBus/3456/index] Duplicate AC bus index 3456; [Switch/442/bus_to] bus_to 5639 not found in AC; [ACSystem/connectivity] AC island 1 (1 buses) contains no slack bus;; solver-only baseline excluded above structural-fault AC-bus budget"
R3-12.47-3-ACDC,plausible_load_error,0,Load/851/load,1.012254,1,0,0,0,0,0,0,0,0,0.000000000000,0,0.000000000000,17.546458,37.213709,54.736875,0.000000,0.000000000,0.000000000,0.000000,0.000000,physical-impact solve excluded above AC-bus budget
R3-12.47-3-ACDC,plausible_load_error,1,Load/1569/load,1.144253,1,0,0,0,0,0,0,0,0,0.000000000000,0,0.000000000000,11.677458,35.223292,52.855667,0.000000,0.000000000,0.000000000,0.000000,0.000000,physical-impact solve excluded above AC-bus budget
R3-12.47-3-ACDC,plausible_load_error,2,Load/1589/load,0.738050,1,0,0,0,0,0,0,0,0,0.000000000000,0,0.000000000000,11.486042,34.977250,53.157333,0.000000,0.000000000,0.000000000,0.000000,0.000000,physical-impact solve excluded above AC-bus budget
R3-12.47-3-ACDC,plausible_load_error,3,Load/1607/load,1.048453,1,0,0,0,0,0,0,0,0,0.000000000000,0,0.000000000000,11.522417,35.249167,52.768083,0.000000,0.000000000,0.000000000,0.000000,0.000000,physical-impact solve excluded above AC-bus budget
R3-12.47-3-ACDC,plausible_load_error,4,Load/73/load,0.788167,1,0,0,0,0,0,0,0,0,0.000000000000,0,0.000000000000,11.810917,34.877958,52.184167,0.000000,0.000000000,0.000000000,0.000000,0.000000,physical-impact solve excluded above AC-bus budget
R3-12.47-3-ACDC,plausible_load_error,5,Load/1116/load,1.291224,1,0,0,0,0,0,0,0,0,0.000000000000,0,0.000000000000,11.722917,34.673083,52.132084,0.000000,0.000000000,0.000000000,0.000000,0.000000,physical-impact solve excluded above AC-bus budget
R3-12.47-3-ACDC,plausible_load_error,6,Load/497/load,1.142155,1,0,0,0,0,0,0,0,0,0.000000000000,0,0.000000000000,11.502417,34.788875,52.428125,0.000000,0.000000000,0.000000000,0.000000,0.000000,physical-impact solve excluded above AC-bus budget
R3-12.47-3-ACDC,plausible_load_error,7,Load/1285/load,1.073135,1,0,0,0,0,0,0,0,0,0.000000000000,0,0.000000000000,10.917292,34.693791,52.178541,0.000000,0.000000000,0.000000000,0.000000,0.000000,physical-impact solve excluded above AC-bus budget
R3-12.47-3-ACDC,plausible_load_error,8,Load/1679/load,0.885550,1,0,0,0,0,0,0,0,0,0.000000000000,0,0.000000000000,11.355958,34.431375,51.660667,0.000000,0.000000000,0.000000000,0.000000,0.000000,physical-impact solve excluded above AC-bus budget
R3-12.47-3-ACDC,plausible_load_error,9,Load/1660/load,1.277794,1,0,0,0,0,0,0,0,0,0.000000000000,0,0.000000000000,11.583500,35.187792,53.157500,0.000000,0.000000000,0.000000000,0.000000,0.000000,physical-impact solve excluded above AC-bus budget
R3-12.47-3-ACDC,plausible_load_error,10,Load/1575/load,1.013712,1,0,0,0,0,0,0,0,0,0.000000000000,0,0.000000000000,11.889833,36.492167,53.430792,0.000000,0.000000000,0.000000000,0.000000,0.000000,physical-impact solve excluded above AC-bus budget
R3-12.47-3-ACDC,plausible_load_error,11,Load/415/load,1.237965,1,0,0,0,0,0,0,0,0,0.000000000000,0,0.000000000000,11.396833,34.244917,52.599708,0.000000,0.000000000,0.000000000,0.000000,0.000000,physical-impact solve excluded above AC-bus budget
R3-12.47-3-ACDC,plausible_load_error,12,Load/753/load,0.977742,1,0,0,0,0,0,0,0,0,0.000000000000,0,0.000000000000,11.690250,35.439875,53.622083,0.000000,0.000000000,0.000000000,0.000000,0.000000,physical-impact solve excluded above AC-bus budget
R3-12.47-3-ACDC,plausible_load_error,13,Load/635/load,1.160721,1,0,0,0,0,0,0,0,0,0.000000000000,0,0.000000000000,11.476333,34.874292,52.750209,0.000000,0.000000000,0.000000000,0.000000,0.000000,physical-impact solve excluded above AC-bus budget
R3-12.47-3-ACDC,plausible_load_error,14,Load/650/load,0.812116,1,0,0,0,0,0,0,0,0,0.000000000000,0,0.000000000000,11.461666,34.887917,53.056459,0.000000,0.000000000,0.000000000,0.000000,0.000000,physical-impact solve excluded above AC-bus budget
R3-12.47-3-ACDC,plausible_load_error,15,Load/383/load,1.229685,1,0,0,0,0,0,0,0,0,0.000000000000,0,0.000000000000,11.252916,34.871916,52.422458,0.000000,0.000000000,0.000000000,0.000000,0.000000,physical-impact solve excluded above AC-bus budget
R3-12.47-3-ACDC,plausible_load_error,16,Load/1191/load,0.808772,1,0,0,0,0,0,0,0,0,0.000000000000,0,0.000000000000,11.450250,34.438583,51.892833,0.000000,0.000000000,0.000000000,0.000000,0.000000,physical-impact solve excluded above AC-bus budget
R3-12.47-3-ACDC,plausible_load_error,17,Load/206/load,1.297101,1,0,0,0,0,0,0,0,0,0.000000000000,0,0.000000000000,11.443167,34.391958,52.263041,0.000000,0.000000000,0.000000000,0.000000,0.000000,physical-impact solve excluded above AC-bus budget
R3-12.47-3-ACDC,plausible_load_error,18,Load/1149/load,0.735417,1,0,0,0,0,0,0,0,0,0.000000000000,0,0.000000000000,11.210500,34.124666,52.112458,0.000000,0.000000000,0.000000000,0.000000,0.000000,physical-impact solve excluded above AC-bus budget
R3-12.47-3-ACDC,plausible_load_error,19,Load/480/load,0.846019,1,0,0,0,0,0,0,0,0,0.000000000000,0,0.000000000000,11.204209,33.915875,51.685583,0.000000,0.000000000,0.000000000,0.000000,0.000000,physical-impact solve excluded above AC-bus budget
R3-12.47-3-ACDC,plausible_load_error,20,Load/1718/load,0.950108,1,0,0,0,0,0,0,0,0,0.000000000000,0,0.000000000000,11.341250,34.360167,52.331917,0.000000,0.000000000,0.000000000,0.000000,0.000000,physical-impact solve excluded above AC-bus budget
R3-12.47-3-ACDC,plausible_load_error,21,Load/402/load,0.893801,1,0,0,0,0,0,0,0,0,0.000000000000,0,0.000000000000,11.293958,33.946417,53.060875,0.000000,0.000000000,0.000000000,0.000000,0.000000,physical-impact solve excluded above AC-bus budget
R3-12.47-3-ACDC,plausible_load_error,22,Load/76/load,1.044715,1,0,0,0,0,0,0,0,0,0.000000000000,0,0.000000000000,11.160416,35.551375,52.151875,0.000000,0.000000000,0.000000000,0.000000,0.000000,physical-impact solve excluded above AC-bus budget
R3-12.47-3-ACDC,plausible_load_error,23,Load/650/load,1.151514,1,0,0,0,0,0,0,0,0,0.000000000000,0,0.000000000000,11.465042,34.764542,52.316292,0.000000,0.000000000,0.000000000,0.000000,0.000000,physical-impact solve excluded above AC-bus budget
R3-12.47-3-ACDC,plausible_load_error,24,Load/1221/load,0.795827,1,0,0,0,0,0,0,0,0,0.000000000000,0,0.000000000000,11.351000,34.781209,52.727458,0.000000,0.000000000,0.000000000,0.000000,0.000000,physical-impact solve excluded above AC-bus budget
R3-12.47-3-ACDC,plausible_converter_setpoint_error,0,VSCConverter/1/p_set_mw,0.019261,1,0,0,0,0,0,0,0,0,0.000000000000,0,0.000000000000,11.583084,35.339208,54.623042,0.000000,0.000000000,0.000000000,0.000000,0.000000,physical-impact solve excluded above AC-bus budget
R3-12.47-3-ACDC,plausible_converter_setpoint_error,1,VSCConverter/1/p_set_mw,-0.030134,1,0,0,0,0,0,0,0,0,0.000000000000,0,0.000000000000,11.303958,34.980500,53.321167,0.000000,0.000000000,0.000000000,0.000000,0.000000,physical-impact solve excluded above AC-bus budget
R3-12.47-3-ACDC,plausible_converter_setpoint_error,2,VSCConverter/1/p_set_mw,0.019065,1,0,0,0,0,0,0,0,0,0.000000000000,0,0.000000000000,11.569125,37.678666,53.966333,0.000000,0.000000000,0.000000000,0.000000,0.000000,physical-impact solve excluded above AC-bus budget
R3-12.47-3-ACDC,plausible_converter_setpoint_error,3,VSCConverter/1/p_set_mw,0.028052,1,0,0,0,0,0,0,0,0,0.000000000000,0,0.000000000000,11.567459,35.311209,52.882209,0.000000,0.000000000,0.000000000,0.000000,0.000000,physical-impact solve excluded above AC-bus budget
R3-12.47-3-ACDC,plausible_converter_setpoint_error,4,VSCConverter/1/p_set_mw,-0.011152,1,0,0,0,0,0,0,0,0,0.000000000000,0,0.000000000000,11.495708,34.502792,52.376334,0.000000,0.000000000,0.000000000,0.000000,0.000000,physical-impact solve excluded above AC-bus budget
R3-12.47-3-ACDC,plausible_converter_setpoint_error,5,VSCConverter/1/p_set_mw,0.008883,1,0,0,0,0,0,0,0,0,0.000000000000,0,0.000000000000,11.629000,33.773958,52.151208,0.000000,0.000000000,0.000000000,0.000000,0.000000,physical-impact solve excluded above AC-bus budget
R3-12.47-3-ACDC,plausible_converter_setpoint_error,6,VSCConverter/1/p_set_mw,0.042434,1,0,0,0,0,0,0,0,0,0.000000000000,0,0.000000000000,11.155000,34.356292,52.252209,0.000000,0.000000000,0.000000000,0.000000,0.000000,physical-impact solve excluded above AC-bus budget
R3-12.47-3-ACDC,plausible_converter_setpoint_error,7,VSCConverter/1/p_set_mw,-0.042719,1,0,0,0,0,0,0,0,0,0.000000000000,0,0.000000000000,11.707000,34.617917,52.475792,0.000000,0.000000000,0.000000000,0.000000,0.000000,physical-impact solve excluded above AC-bus budget
R3-12.47-3-ACDC,plausible_converter_setpoint_error,8,VSCConverter/1/p_set_mw,0.020123,1,0,0,0,0,0,0,0,0,0.000000000000,0,0.000000000000,11.319042,34.703333,51.820916,0.000000,0.000000000,0.000000000,0.000000,0.000000,physical-impact solve excluded above AC-bus budget
R3-12.47-3-ACDC,plausible_converter_setpoint_error,9,VSCConverter/1/p_set_mw,0.036625,1,0,0,0,0,0,0,0,0,0.000000000000,0,0.000000000000,11.336208,36.248250,53.705625,0.000000,0.000000000,0.000000000,0.000000,0.000000,physical-impact solve excluded above AC-bus budget
R3-12.47-3-ACDC,plausible_converter_setpoint_error,10,VSCConverter/1/p_set_mw,-0.014281,1,0,0,0,0,0,0,0,0,0.000000000000,0,0.000000000000,11.357833,34.838041,53.072917,0.000000,0.000000000,0.000000000,0.000000,0.000000,physical-impact solve excluded above AC-bus budget
R3-12.47-3-ACDC,plausible_converter_setpoint_error,11,VSCConverter/1/p_set_mw,-0.040407,1,0,0,0,0,0,0,0,0,0.000000000000,0,0.000000000000,11.351542,35.396834,52.096334,0.000000,0.000000000,0.000000000,0.000000,0.000000,physical-impact solve excluded above AC-bus budget
R3-12.47-3-ACDC,plausible_converter_setpoint_error,12,VSCConverter/1/p_set_mw,0.009144,1,0,0,0,0,0,0,0,0,0.000000000000,0,0.000000000000,11.590583,34.669750,53.177875,0.000000,0.000000000,0.000000000,0.000000,0.000000,physical-impact solve excluded above AC-bus budget
R3-12.47-3-ACDC,plausible_converter_setpoint_error,13,VSCConverter/1/p_set_mw,0.046582,1,0,0,0,0,0,0,0,0,0.000000000000,0,0.000000000000,11.389708,35.101958,52.280792,0.000000,0.000000000,0.000000000,0.000000,0.000000,physical-impact solve excluded above AC-bus budget
R3-12.47-3-ACDC,plausible_converter_setpoint_error,14,VSCConverter/1/p_set_mw,0.018015,1,0,0,0,0,0,0,0,0,0.000000000000,0,0.000000000000,11.355792,34.467292,51.787500,0.000000,0.000000000,0.000000000,0.000000,0.000000,physical-impact solve excluded above AC-bus budget
R3-12.47-3-ACDC,plausible_converter_setpoint_error,15,VSCConverter/1/p_set_mw,0.039772,1,0,0,0,0,0,0,0,0,0.000000000000,0,0.000000000000,11.424833,34.390250,52.147584,0.000000,0.000000000,0.000000000,0.000000,0.000000,physical-impact solve excluded above AC-bus budget
R3-12.47-3-ACDC,plausible_converter_setpoint_error,16,VSCConverter/1/p_set_mw,-0.034800,1,0,0,0,0,0,0,0,0,0.000000000000,0,0.000000000000,11.463209,34.370458,51.782750,0.000000,0.000000000,0.000000000,0.000000,0.000000,physical-impact solve excluded above AC-bus budget
R3-12.47-3-ACDC,plausible_converter_setpoint_error,17,VSCConverter/1/p_set_mw,-0.008941,1,0,0,0,0,0,0,0,0,0.000000000000,0,0.000000000000,11.360958,34.304208,52.205125,0.000000,0.000000000,0.000000000,0.000000,0.000000,physical-impact solve excluded above AC-bus budget
R3-12.47-3-ACDC,plausible_converter_setpoint_error,18,VSCConverter/1/p_set_mw,-0.036609,1,0,0,0,0,0,0,0,0,0.000000000000,0,0.000000000000,11.138833,34.254459,52.037834,0.000000,0.000000000,0.000000000,0.000000,0.000000,physical-impact solve excluded above AC-bus budget
R3-12.47-3-ACDC,plausible_converter_setpoint_error,19,VSCConverter/1/p_set_mw,0.024440,1,0,0,0,0,0,0,0,0,0.000000000000,0,0.000000000000,11.556333,34.481125,53.024667,0.000000,0.000000000,0.000000000,0.000000,0.000000,physical-impact solve excluded above AC-bus budget
R3-12.47-3-ACDC,plausible_converter_setpoint_error,20,VSCConverter/1/p_set_mw,-0.019693,1,0,0,0,0,0,0,0,0,0.000000000000,0,0.000000000000,11.516750,34.577916,51.733375,0.000000,0.000000000,0.000000000,0.000000,0.000000,physical-impact solve excluded above AC-bus budget
R3-12.47-3-ACDC,plausible_converter_setpoint_error,21,VSCConverter/1/p_set_mw,0.043664,1,0,0,0,0,0,0,0,0,0.000000000000,0,0.000000000000,11.400334,34.362208,51.919875,0.000000,0.000000000,0.000000000,0.000000,0.000000,physical-impact solve excluded above AC-bus budget
R3-12.47-3-ACDC,plausible_converter_setpoint_error,22,VSCConverter/1/p_set_mw,0.040020,1,0,0,0,0,0,0,0,0,0.000000000000,0,0.000000000000,11.361792,34.495458,52.163125,0.000000,0.000000000,0.000000000,0.000000,0.000000,physical-impact solve excluded above AC-bus budget
R3-12.47-3-ACDC,plausible_converter_setpoint_error,23,VSCConverter/1/p_set_mw,0.041614,1,0,0,0,0,0,0,0,0,0.000000000000,0,0.000000000000,11.321916,34.331541,52.658083,0.000000,0.000000000,0.000000000,0.000000,0.000000,physical-impact solve excluded above AC-bus budget
R3-12.47-3-ACDC,plausible_converter_setpoint_error,24,VSCConverter/1/p_set_mw,-0.034715,1,0,0,0,0,0,0,0,0,0.000000000000,0,0.000000000000,11.361792,33.835583,52.098833,0.000000,0.000000000,0.000000000,0.000000,0.000000,physical-impact solve excluded above AC-bus budget
